Close,Volume,Daily_Return,Cumulative_Return,MA20,MA50,Volatility
1223.0595703125,8623469.0,0.2022285443575189,28.361256728624483,1153.1437622070312,1070.696619873047,1.3547776876665445
1226.3206787109375,13594479.0,0.2666352872415123,28.70351313420967,1160.323645019531,1076.1665112304688,1.2650690397862319
1237.3038330078125,8833409.0,0.8956184534391287,29.856205548064096,1167.9666381835937,1081.579786376953,1.2612845745527586
1223.0595703125,12710570.0,-1.1512340231489948,28.361256728624483,1174.6630249023438,1087.1176135253909,1.325017598689277
1187.7772216796875,20831669.0,-2.884761256869739,24.65834092568604,1179.0110290527343,1092.0575903320312,1.5289133873743614
1189.9964599609375,11027475.0,0.186839606008915,24.891252078728844,1182.1248291015625,1096.9432165527344,1.4507813039095574
1178.4017333984375,17198417.0,-0.9743496684755382,23.674374578144807,1184.821954345703,1101.3319873046876,1.4728284255452457
1205.2371826171875,9750178.0,2.277275097123144,26.49078031193568,1187.9153869628906,1106.3190661621093,1.5089895738321413
1189.9964599609375,9896298.0,-1.2645413596645394,24.891252078728844,1189.712335205078,1110.6829296875,1.5381995140377462
1176.952392578125,9886181.0,-1.0961433770349749,23.522264890571787,1191.314520263672,1114.533635253906,1.549591938901453
1148.713134765625,14233025.0,-2.3993542976399995,20.558528119377595,1191.69951171875,1117.9033459472655,1.6490530312791936
1149.4151611328125,15481114.0,0.0611141586128738,20.632206449473813,1192.0188232421874,1121.211005859375,1.6487754733100861
1132.6571044921875,10569130.0,-1.457963772124682,18.87343258192582,1190.7653686523438,1124.4045275878907,1.6538660392645477
1124.866943359375,11989430.0,-0.6877775367245986,18.05584781549388,1187.9210571289063,1127.3145239257813,1.5764936412490782
1131.7738037109375,1705656.0,0.6140157635831534,18.78072933091275,1186.5396423339844,1130.1692614746094,1.5369633681678736
1133.177978515625,20337183.0,0.1240685020349019,18.92809880249973,1184.9442321777344,1132.8808813476562,1.5316163140768642
1142.123046875,15682497.0,0.7893789439053833,19.866892172833666,1181.557531738281,1135.5191271972656,1.239315137375311
1154.8953857421875,10253470.0,1.1182979716707786,21.207361196707232,1179.2306640625,1138.440447998047,1.2732178994469985
1157.00146484375,10722478.0,0.1823610283288923,21.42839618699588,1176.666015625,1141.0157385253906,1.2639264886778858
1174.4615478515625,8712341.0,1.5090804582663653,23.260848384640088,1174.3595336914063,1144.0498364257812,1.2934586277544766
1167.5318603515625,4803269.0,-0.5900310242320406,22.5335711384391,1171.5831481933594,1146.8642724609374,1.293124416357336
1140.4022216796875,11337581.0,-2.323674376107032,19.68628994376631,1167.2872253417968,1148.888818359375,1.3688890542490317
1115.9896240234375,10202029.0,-2.1407006398402983,17.124164769138982,1161.2215148925782,1149.5727197265626,1.391242808057029
1120.2017822265625,8505625.0,0.3774370399555415,17.56623474971628,1156.0786254882812,1150.0047998046875,1.395878286385216
1070.5848388671875,24124307.0,-4.429286236338081,12.358889695366182,1150.2190063476562,1149.305947265625,1.570675091222847
1080.5941162109375,25326999.0,0.9349354652117948,13.409372803446365,1144.7488891601563,1148.8937915039062,1.5967395447590758
1064.991455078125,16820296.0,-1.4438965471626486,11.771858785378589,1139.0783752441407,1148.2216650390626,1.6079765328174815
1129.1016845703125,42401936.0,6.019788157594608,18.500287904064173,1135.2716003417968,1149.32134765625,2.0921203679711757
1092.709716796875,15763138.0,-3.2230903797904387,14.680916524604326,1130.4072631835938,1149.7212744140625,2.1832442642324077
1105.799072265625,24325354.0,1.1978803947236385,16.054656740141926,1126.8495971679688,1150.2937622070312,2.2050674696932795
1089.44873046875,32172299.0,-1.4785997028714748,14.338672930413686,1123.886376953125,1150.0872290039065,2.167974224454616
1117.3485107421875,10104610.0,2.560908053142908,17.266781213345396,1122.2830444335937,1150.7797387695311,2.256636584913942
1124.5272216796875,12720411.0,0.6424773352704083,18.02019370444228,1121.876550292969,1151.5814038085937,2.239774857906836
1090.7396240234375,19222481.0,-3.004604691185864,14.474153427851968,1120.170184326172,1151.6135595703124,2.3344600516515297
1070.0638427734375,10332254.0,-1.8955744152516216,12.304210663397708,1117.0846862792969,1150.9984936523438,2.3597767953890236
1078.7825927734375,11235122.0,0.8147878333504277,13.219251708223313,1114.3649169921875,1150.019736328125,2.3706251308001836
1095.2008056640625,8744178.0,1.5219204500153791,14.942358653325138,1112.0188049316407,1149.4345678710938,2.392584018873969
1112.5701904296875,13213547.0,1.5859543451571143,16.765291984813622,1109.9025451660157,1148.8186010742188,2.4081998986029376
1113.7025146484375,8364414.0,0.10177553097237,16.884130480722593,1107.73759765625,1148.0115014648438,2.407665877471809
1091.3736572265625,12901733.0,-2.0049211641515963,14.540695811180026,1103.583203125,1146.94080078125,2.40743116716911
1078.0125732421875,12991523.0,-1.2242446842934296,13.13843743135894,1099.1072387695312,1145.6807861328125,2.415078978186993
1074.864990234375,9366969.0,-0.2919801759218798,12.808095622711612,1095.8303771972655,1144.3175073242187,2.370926501716201
1088.769287109375,9761279.0,1.2935854271305391,14.267364708310492,1094.4693603515625,1142.938369140625,2.3525229369140894
1060.0318603515625,21049821.0,-2.639441348874638,11.25134463592996,1091.4608642578123,1140.5039428710938,2.4163404969764053
1031.4525146484375,14325846.0,-2.696083652961767,8.25191531950049,1089.504248046875,1137.944951171875,2.286060364943678
1046.8065185546875,12836561.0,1.4885807817806684,9.86333252685605,1087.8148681640623,1135.5793579101562,2.3033219749346503
1071.6490478515625,17658543.0,2.3731729652557654,12.47057943311245,1088.1477478027343,1132.8151977539062,2.346779916057075
1071.2640380859375,9072401.0,-0.0359268518361322,12.430172294680265,1085.2558654785155,1130.2118237304687,1.881513101728306
1074.6837158203125,7886494.0,0.3192189425573311,12.789070701794737,1084.3545654296877,1127.539609375,1.748509404338657
1073.5286865234375,4017223.0,-0.1074762071735069,12.6678492864982,1082.7410461425782,1124.598359375,1.7229239857553726
1086.2784423828125,6374613.0,1.1876492933471816,14.005948202378772,1082.5825317382812,1121.862736816406,1.716534109053028
1088.13525390625,15425312.0,0.1709332939871632,14.20082232498241,1081.1218688964843,1119.0990283203123,1.608631711508304
1068.478759765625,29333171.0,-1.8064384983448527,12.137854705077531,1078.3194458007813,1115.7225268554687,1.6404270805292314
1072.5777587890625,9477290.0,0.383629434462196,12.568048522900654,1077.4113525390626,1112.712890625,1.5099237998913002
1088.7467041015625,5421611.0,1.5074846723238666,14.264994600317472,1078.3454956054688,1110.7322802734377,1.4852775837993852
1113.3173828125,10847728.0,2.2567855882708043,16.843710530895862,1080.072235107422,1109.1986987304688,1.5552984591534018
1118.5260009765625,11643813.0,0.4678466576084839,17.390359925240382,1081.2384948730469,1108.0011840820312,1.5246037458186847
1094.4761962890625,14447422.0,-2.150133717633973,14.866310215235924,1080.3337951660155,1105.7859643554686,1.5634706446355728
1103.30810546875,13112115.0,0.8069530620796517,15.79322742281568,1079.8140747070313,1104.052197265625,1.5754609468621585
1104.2138671875,9246731.0,0.0820950842525647,15.888287970427209,1080.456085205078,1102.5974267578124,1.5056905214791558
1112.16259765625,16205164.0,0.7198542515134188,16.72251473838844,1082.1635864257812,1101.866416015625,1.4803257304132618
1141.851318359375,14800442.0,2.6694586534100617,19.8383740085502,1085.5129028320312,1101.7151391601562,1.5770045145168021
1148.28271484375,11856712.0,0.5632429004518436,20.513355142170298,1088.48857421875,1102.0276513671874,1.5615215915296976
1149.95849609375,19930176.0,0.1459380367166751,20.68922996664617,1092.984906005859,1102.529482421875,1.4038726874123002
1155.9595947265625,8036453.0,0.5218534975999001,21.31905093445352,1099.2102600097655,1103.0131982421874,1.197499084859183
1142.16845703125,6215029.0,-1.1930466910977766,19.8716580116088,1103.9783569335937,1103.1930078125,1.239593228166819
1142.077880859375,9755485.0,-0.0079301937746079,19.86215195684764,1107.4997985839843,1103.1921044921876,1.156105595554601
1122.0816650390625,16494486.0,-1.7508627174589897,17.763530225891145,1110.0406799316406,1102.535830078125,1.244509031730257
1122.2626953125,13338594.0,0.0161334312000605,17.78252952401891,1112.41962890625,1101.8410546875,1.2453303745913413
1076.993408203125,21868937.0,-4.033751393364238,13.031475098204147,1112.5928649902344,1099.8916918945313,1.5680268252738603
1074.887451171875,24510205.0,-0.1955403826253365,12.810452919310066,1112.0233154296875,1098.0388037109376,1.5445090964558126
1058.96728515625,20020431.0,-1.4811007420607925,11.139616464000014,1110.5649169921876,1096.4101049804688,1.5764093850683887
1057.9483642578125,14667727.0,-0.0962183546857287,11.032679753634312,1110.038397216797,1095.2492797851562,1.5259125263848778
1080.9339599609375,12143683.0,2.1726576154073696,13.445039725892528,1110.4562072753906,1094.463923339844,1.6024698688885575
1077.35595703125,13200509.0,-0.3310103172090906,13.06952494003788,1109.886669921875,1094.599345703125,1.5668637986751857
1079.5523681640625,10017691.0,0.2038705145200881,13.30004036229855,1108.198419189453,1094.5785107421875,1.4728465630513914
1065.6025390625,9572839.0,-1.292186420311059,11.835992626529968,1105.55224609375,1094.590732421875,1.4869107381544167
1055.8875732421875,11061241.0,-0.9116875630626352,10.816397790726253,1103.6228149414062,1093.1264501953126,1.4274000188151958
1049.4560546875,10714467.0,-0.6091101664298382,10.141403845711604,1100.9302124023438,1092.261376953125,1.411443816372579
1067.0972900390625,12060849.0,1.680988477103562,11.992868152878122,1099.0743835449218,1091.4873413085938,1.4745400979948224
1079.52978515625,11486225.0,1.1650760650635972,13.29767025430555,1097.4427429199218,1091.2889624023437,1.491788921967878
1078.4202880859375,12464491.0,-0.1027759572332587,13.181227489178692,1094.27119140625,1090.5103979492187,1.3380564797777086
1076.314208984375,15943370.0,-0.1952929785195789,12.960192498890043,1090.672766113281,1089.5461376953126,1.3236661834292545
1059.1712646484375,10719633.0,-1.592745333364487,11.161024304304432,1086.1334045410156,1088.9147705078126,1.3486799251945023
1095.1328125,11212671.0,3.395253350599448,14.935222706556983,1083.0920654296874,1089.4161499023437,1.584638697306318
1092.8682861328125,10392840.0,-0.2067809804746856,14.697558526133614,1080.6270568847656,1089.6978637695313,1.5692794232214018
1106.7049560546875,12853252.0,1.2660876061137305,16.14973009914802,1078.8584106445312,1089.9279467773438,1.6033440144191593
1098.0543212890625,6775458.0,-0.781656819940868,15.241837812485135,1077.6570434570312,1089.6376293945314,1.566474420541597
1086.957763671875,11107193.0,-1.0105654521864291,14.07724361308742,1075.891796875,1089.102734375,1.5793593879536245
1082.020751953125,13494914.0,-0.454204559160809,13.559099571631815,1076.1431640625,1088.915676269531,1.2926091182386843
1075.2496337890625,7310110.0,-0.6257845010680385,12.84846432696012,1076.1612731933594,1088.8604174804686,1.300138650619121
1021.6695556640624,24846650.0,-4.983036165861298,7.225184536928619,1074.29638671875,1087.7965087890625,1.6891010405574238
1034.4420166015625,14570089.0,1.250155773624706,8.565666372196755,1073.1210693359376,1086.7099633789062,1.7185782238409983
1068.6824951171875,21297446.0,3.310043285762388,12.159236922592845,1072.50849609375,1086.8829760742187,1.81385333320297
1086.34619140625,21471786.0,1.6528479103726346,14.013058526357812,1072.9580078125,1087.980849609375,1.8510382325951005
1077.1746826171875,10186748.0,-0.8442528598724297,13.050500019121005,1072.8391235351562,1088.588212890625,1.8614963489934395
1053.283203125,10805667.0,-2.217976329905836,10.543066687856715,1072.2231567382812,1088.2208959960938,1.9064328992923605
1014.3323364257812,17983310.0,-3.698043088853487,6.455136449999732,1070.1453948974608,1087.0822619628907,2.0683606143320374
1012.498046875,21289374.0,-0.1808371364009464,6.262626029691809,1068.2974945068358,1085.8385485839844,2.0659006852489465
1066.214111328125,20414228.0,5.30530055034828,11.900177713259597,1068.253335571289,1085.6922570800782,2.372039454270481
1083.4927978515625,17980493.0,1.6205644194592803,13.713592178592382,1068.4514862060546,1085.6365441894532,2.385733602490756
1086.617919921875,12257423.0,0.2884303501148544,14.041576690641278,1068.8613677978517,1085.6061975097657,2.3860592220716046
1095.5404052734375,8340678.0,0.821124443834309,14.977999952982191,1069.8226776123047,1086.147430419922,2.3910453948366093
1070.4488525390625,15925769.0,-2.290335674850108,12.344617801829894,1070.386557006836,1086.1048522949218,2.422164634883969
1088.520263671875,11149828.0,1.6882087443923943,14.241229463414594,1070.0559295654298,1086.100323486328,2.327447977609543
1124.0064697265625,21422098.0,3.2600409233524807,17.96554029526294,1071.6128387451172,1086.3141052246094,2.4380630915908763
1117.5296630859375,11999466.0,-0.576225032067712,17.285793322867704,1072.1540740966798,1086.294178466797,2.4292105938363244
1146.4031982421875,22557065.0,2.583692953305494,20.31609810017909,1074.571517944336,1087.3327185058597,2.4825946112770603
1150.049072265625,15462187.0,0.3180272027352826,20.698736021407328,1077.7260833740231,1088.2675378417969,2.46494355270931
1167.9166259765625,13168266.0,1.5536340267409576,22.573952654082152,1082.0208770751954,1089.5415930175782,2.4729958802470335
1175.7069091796875,14222488.0,0.6670239150514012,23.391550231908663,1087.0437408447265,1090.8124792480469,2.4613165940311643
1187.5281982421875,9891424.0,1.0054622432003946,24.632205680790143,1095.3366729736329,1091.726016845703,2.099932750966396
1187.7999267578125,8684065.0,0.0228818579657508,24.660723845073605,1103.0045684814454,1092.5163610839843,2.103271945916111
1210.626953125,15811550.0,1.9217905181637465,27.05644181580251,1110.101791381836,1093.7297302246093,2.034900671109326
1193.325439453125,13223718.0,-1.429136665693298,25.24063161968759,1115.4507537841796,1094.4770471191407,2.07094394020584
1202.8819580078125,7922880.0,0.800830874691405,26.243597265356588,1121.736117553711,1095.6913171386718,2.0476591252452305
1206.4375,7929162.0,0.295585279047339,26.61675475461278,1129.393832397461,1096.9785095214845,1.9417252177660056
1189.3851318359375,13149870.0,-1.4134481201108606,24.827092614788327,1138.1464721679688,1098.3245788574218,1.7244918735990082
1186.214599609375,12257215.0,-0.2665690146696597,24.4943422639643,1146.8322998046874,1099.6036169433594,1.7271970623364148
1165.2899169921875,15496499.0,-1.7639879515964574,22.29827706600873,1151.786090087891,1101.3695471191406,1.4614986464752333
1184.6748046875,15152495.0,1.6635248801730065,24.332739333024712,1156.8451904296876,1103.5652941894532,1.4633317183315722
1182.206298828125,9254209.0,-0.2083699129590388,24.07366731229689,1161.624609375,1106.0300744628903,1.4705519894332217
1159.945556640625,13217742.0,-1.8829828778248128,21.73738140091704,1164.8448669433594,1108.0700183105469,1.5548528043835368
1155.68798828125,10354235.0,-0.3670489821699485,21.2905455815646,1169.1068237304687,1109.565098876953,1.4417391831876027
1152.1551513671875,9974224.0,-0.3056912375905662,20.91977101169597,1172.2885681152345,1111.061082763672,1.4162223017873068
1196.0655517578125,26141820.0,3.811153414409452,25.528208993304325,1175.8915222167968,1113.391346435547,1.4808579105778388
1231.234619140625,25072240.0,2.940396312821303,29.21923582209405,1181.5767700195313,1116.7039880371094,1.5744704611945455
1260.06298828125,21708633.0,2.34141963623038,32.24480038341942,1187.2597595214845,1120.7874963378906,1.5584238480518584
1249.5101318359375,15054154.0,-0.8374864227784995,31.13726813537776,1192.2328125,1124.7885778808593,1.5861217547886617
1220.6136474609375,17063215.0,-2.312625055111928,28.10455481588969,1194.8676635742188,1127.858905029297,1.6747690812299447
1257.1416015625,12227666.0,2.9925893567998463,31.938198088885848,1198.9393981933597,1131.411141357422,1.7836012896888453
1258.3646240234375,19338945.0,0.0972859747396359,32.06655545095052,1202.481219482422,1135.010028076172,1.777597207041552
1277.16064453125,25614076.0,1.493686340904521,34.039215550624455,1206.9492553710938,1139.0269567871094,1.7956436993560843
1263.75439453125,18214862.0,-1.0496917562723973,32.63221695481735,1209.6056274414063,1143.1186193847657,1.7841283087650637
1259.3157958984375,9467006.0,-0.3512232006487981,32.16638183733718,1212.9051452636718,1146.4022790527345,1.74727177839969
1220.0023193359375,19247660.0,-3.121812391343226,28.040395351949176,1213.761163330078,1148.9449597167968,1.899698890273561
1196.1109619140625,17210669.0,-1.958304262477084,25.532974832079457,1213.2448364257812,1150.7330798339844,1.9528297495675637
1186.9393310546875,19649948.0,-0.7667876268517948,24.57040351344808,1213.1225463867188,1152.510780029297,1.9338921228166812
1140.583251953125,18083752.0,-3.905513777218217,19.705289241894054,1210.8409790039063,1153.583289794922,2.1229619874834085
1120.8133544921875,19511677.0,-1.7333147253463244,17.63041983644589,1208.6171508789062,1154.359141845703,2.1217640782412746
1109.331787109375,16643899.0,-1.02439601890848,16.425418498616008,1204.85,1155.0407849121093,2.08410481648235
1086.731201171875,20490321.0,-2.037315273944429,14.05346566479,1200.0762451171877,1156.3420178222657,2.1193566737616756
1099.0506591796875,19308778.0,1.1336251314518098,15.346404414857815,1197.0315002441407,1157.634190673828,2.115516794013582
1099.322509765625,13437911.0,0.024735036885426,15.374935390535828,1194.2132263183594,1158.2469909667968,2.11617073644244
1145.497314453125,16551828.0,4.2002964805427645,20.221024741173,1193.8803344726562,1159.4300134277344,2.3359676001603016
1149.664306640625,17276788.0,0.3637714497383593,20.65835450576425,1191.5602722167969,1160.879805908203,2.160282013054329
1123.16845703125,14699118.0,-2.3046596694644816,17.877590071630433,1186.156964111328,1162.277510986328,2.078944328626796
1188.660400390625,21793091.0,5.830999165742501,24.75103136530454,1182.5868347167968,1165.764072265625,2.4396182445099437
1180.7117919921875,15252755.0,-0.6687030539442085,23.91681740873788,1179.1469177246097,1169.1283471679687,2.4378187616747042
1184.7652587890625,13527818.0,0.3433070478643829,24.342232576391297,1177.3544982910155,1171.4993701171877,2.3917291249932218
1183.021484375,12714544.0,-0.1471831150623659,24.15922180514727,1173.6484924316403,1173.489943847656,2.276812257343783
1171.743896484375,17882023.0,-0.9532868201952428,22.975628307621832,1169.3174560546877,1175.1924633789065,2.2797895515253996
1166.3087158203125,16521973.0,-0.4638539769970085,22.405200964979866,1163.774859619141,1176.6078295898435,2.2389569362951502
1206.9356689453125,13853398.0,3.4833790208302906,26.66903805579912,1160.9339233398437,1179.3375659179687,2.396750769882314
1192.3743896484375,70620653.0,-1.2064668955885205,25.1408180446955,1157.5868530273438,1181.4146484375,2.4071450214574863
1192.75927734375,9776989.0,0.0322790977946185,25.18121237173312,1156.2247009277344,1182.7897045898435,2.310156496002146
1233.8843994140625,22126569.0,3.447897899557506,29.497332763738736,1158.1133728027344,1185.1167993164063,2.3945267964822157
1258.88525390625,23939791.0,2.026190987102172,32.121196048735314,1161.7106689453126,1187.3664404296876,2.4175864271425445
1253.47314453125,11093152.0,-0.4299128421916598,31.5531900596646,1167.3551635742188,1189.434921875,2.2140537622414462
1255.8282470703125,12358255.0,0.1878861584978963,31.80036029484912,1174.105908203125,1191.193154296875,2.1530845458805414
1233.7711181640625,12479250.0,-1.7563810144983203,29.48544378959001,1180.3278747558593,1192.3544384765626,2.187944867802156
1267.6041259765625,17278305.0,2.742243461076144,33.03624990495546,1189.3715209960938,1193.95595703125,2.1505632276955593
1229.33251953125,18093057.0,-3.019208099833859,29.019608672109843,1195.8856140136718,1194.7866088867188,2.3106047390189737
1206.0750732421875,17620803.0,-1.8918759505305085,26.57871772417361,1201.2232421875,1194.6955712890624,2.3740120031008587
1190.3135986328125,14714312.0,-1.3068402588741646,24.92453608178744,1203.4640563964845,1194.6353344726565,2.236513282338051
1175.91064453125,11195535.0,-1.2100134047116406,23.412932449423973,1204.7763732910155,1194.095908203125,2.258598074656788
1159.4698486328125,17111475.0,-1.398133095817944,21.68745539632915,1206.5914428710937,1193.1565551757812,2.215712587044011
1173.057373046875,24457187.0,1.1718738896129288,23.113478913053108,1205.8112915039062,1192.83,1.795647256861555
1151.7928466796875,12066797.0,-1.8127439335686943,20.88174679265136,1204.3653442382813,1192.1415649414062,1.8341747245142719
1170.38525390625,11720049.0,1.614214507422873,22.83303748620453,1203.6463439941406,1192.2434716796874,1.872254944139731
1134.8311767578125,10617206.0,-3.037809732288843,19.1016035189826,1201.2368286132812,1191.2465991210938,1.9885597158576795
1116.419921875,19446323.0,-1.6223783114077903,17.169324934951735,1198.4706298828123,1189.9308715820312,2.0076307384808496
1132.3175048828125,14240234.0,1.423978800119663,18.83779128226879,1196.7710693359377,1189.378310546875,2.0398067752123255
1128.9658203125,15474529.0,-0.2960021863001594,18.486028821922453,1192.872576904297,1188.8438671875,1.854251365041005
1144.840576171875,13572847.0,1.406132548368988,20.15209943845735,1190.4958862304688,1188.6975756835936,1.8801424743325048
1168.59619140625,19205146.0,2.0750151356278,22.64527368757992,1189.2877319335937,1188.1481884765626,1.946946880582632
1175.6163330078125,23112959.0,0.6007328838813608,23.38204417714751,1186.3743286132812,1187.0358227539064,1.7712471058570973
1090.943359375,81997149.0,-7.20243256710944,14.495535645367276,1177.9772338867188,1183.6534301757813,2.2819296665259974
1093.2080078125,41857728.0,0.2075862525802829,14.733212637185211,1169.9639770507813,1180.5273876953124,2.290163266986138
1102.0626220703125,17647327.0,0.8099660992723967,15.662512764152536,1162.2756958007812,1178.1563671875,2.3063976245922952
1092.3699951171875,23943726.0,-0.8794987470781446,14.645262413552707,1155.2056396484377,1174.8609350585937,2.292050478106515
1081.61328125,23301033.0,-0.9847134135200776,13.516335136601176,1145.9060974121094,1171.325908203125,2.1550308854855333
1083.10791015625,19010108.0,0.1381851473312823,13.673197851554765,1138.5948669433594,1167.444853515625,2.0962535823923325
1097.8277587890625,13847467.0,1.359038051036765,15.218059864187694,1133.1825012207032,1164.1263208007813,2.1175343243848737
1096.2650146484375,10778989.0,-0.1423487544483959,15.054048391071406,1128.4800720214844,1160.8653051757813,2.1086440293549464
1076.8349609375,14224132.0,-1.7723865535532513,13.014845908069406,1123.5262878417968,1158.0019580078124,2.1238635584531655
1085.712158203125,16970315.0,0.8243786269621634,13.94651614302973,1119.8384033203124,1155.7939819335938,2.127970813338576
1087.818359375,9603210.0,0.1939925933371444,14.167563944712946,1115.5764526367188,1153.8115625,2.103319202271257
1097.080322265625,15160908.0,0.8514254986417447,15.139615695316344,1112.8408264160155,1152.94150390625,2.0904527652277807
1103.806396484375,16439888.0,0.6130885845130996,15.845523535396566,1109.5118835449218,1152.601364746094,2.055879213441242
1133.6534423828125,23924246.0,2.7040109564050674,18.9779991842985,1109.4529968261718,1153.0877978515623,2.0501764186383276
1126.0897216796875,16523230.0,-0.6671986711588751,18.18417955476945,1109.9364868164062,1153.8749682617188,2.020933477018151
1133.6988525390625,10969995.0,0.675712664176098,18.982765023073632,1110.0055541992188,1154.5679321289062,2.0012449995454316
1096.2425537109375,23110452.0,-3.3039019792810764,15.051691094472952,1108.3693908691407,1154.5063330078126,2.135233737810392
1096.7406005859375,11303288.0,0.0454321786099276,15.103961584264749,1105.9643920898438,1153.5311987304688,2.1053599180509983
1095.6990966796875,8655086.0,-0.0949635589029496,14.994654765906043,1102.3195373535157,1152.45189453125,2.0371531429635295
1112.86474609375,12496073.0,1.5666390039089872,16.796205879879224,1099.1819580078125,1152.2458203125,2.0708318484368866
1136.5750732421875,15130683.0,2.13056683048527,19.2846271016212,1101.4635437011718,1151.2041137695312,1.3476725167933745
1166.1956787109375,15700044.0,2.606128373399419,22.393337613620258,1105.1129272460937,1150.9137915039062,1.4499362330748615
1170.6343994140625,13917913.0,0.3806154305108888,22.859185542494977,1108.5415161132812,1150.6311743164065,1.4456854481557069
1180.4625244140625,14250977.0,0.8395554585547194,23.89065654105287,1112.946142578125,1150.5799951171875,1.422012799245308
1164.8594970703125,14467127.0,-1.321772357957296,22.25310408880141,1117.1084533691403,1150.4423071289064,1.441133280806786
1147.69384765625,13942438.0,-1.4736240256644773,20.451552974828235,1120.3377502441406,1150.070009765625,1.4993368926170827
1162.708251953125,10165178.0,1.3082238201012064,22.027328882526746,1123.5817749023438,1149.185461425781,1.4974910406647828
1169.660400390625,10724688.0,0.5979271606459946,22.756963425326184,1127.2515441894532,1148.731181640625,1.4951763351698233
1173.5556640625,8198226.0,0.3330251815462093,23.165775025633994,1132.087579345703,1148.347109375,1.4107103564528125
1192.5328369140625,12650587.0,1.6170662741185282,25.157447234830244,1137.42861328125,1147.520078125,1.4330232435913968
1200.821044921875,6607378.0,0.6950087872850563,26.02730249105396,1143.0787475585937,1146.3587939453123,1.4321374663603328
1207.09423828125,6595965.0,0.5224086791203009,26.68568005732844,1148.579443359375,1145.4312158203124,1.429838307654418
1209.2833251953125,7410035.0,0.1813517822087718,26.9154267959157,1153.853289794922,1144.5003173828125,1.4311199607204554
1187.72216796875,9460724.0,-1.7829698613499143,24.6525629867409,1156.556726074219,1143.5793383789062,1.413589524416515
1184.427734375,9471680.0,-0.2773740932514701,24.30680907044172,1159.4736267089845,1141.915810546875,1.4030303077311892
1202.6944580078125,9678484.0,1.542240451035326,26.223918963317328,1162.923406982422,1141.3830493164062,1.429598078830022
1199.4910888671875,10369622.0,-0.2663493723859989,25.887722347357524,1168.0858337402344,1141.2513696289063,1.162317884556735
1195.9921875,7871946.0,-0.2916988212469218,25.520509345175668,1173.0484130859377,1141.36494140625,1.1710198305188004
1189.60791015625,10742038.0,-0.533805940412968,24.850473409854512,1177.7438537597657,1141.63888671875,1.1856038019963095
1180.3609619140625,19838975.0,-0.7773105880720776,23.8799974607816,1181.1186645507812,1142.056708984375,1.181997579295959
1198.6729736328125,23139054.0,1.5513908295522905,25.801860381037777,1184.2235595703123,1142.5690209960935,1.1412175186777036
1163.4345703125,19909939.0,-2.939784586409389,22.103556680139768,1184.0855041503903,1142.80185546875,1.2156931104640312
1149.8482666015625,12999345.0,-1.1677754862732148,20.67766127736137,1183.0461975097655,1142.3911157226562,1.2389383289533555
1167.7060546875,11327815.0,1.5530560513620673,22.551852998471663,1182.4083740234375,1143.04861328125,1.276578271438754
1179.997314453125,10899618.0,1.052598786850889,23.84183231639687,1183.165264892578,1144.3201611328125,1.2620657277713938
1173.135986328125,7488501.0,-0.5814698085291781,23.12172945114768,1184.4373718261718,1145.1365307617189,1.2196060343949031
1174.7945556640625,7057077.0,0.1413791201758885,23.29579786899105,1185.0416870117188,1146.05310546875,1.1870872733758782
1167.4788818359375,8314850.0,-0.6227194187148566,22.52801099320143,1184.9326110839845,1146.5058715820312,1.189267676771144
1180.5426025390625,7435419.0,1.1189684804046696,23.89906081588213,1185.2819580078126,1146.7447998046875,1.2136755771076084
1190.4031982421875,8888657.0,0.8352596239997734,24.93393964539212,1185.1754760742188,1147.040537109375,1.1719698907251457
1176.135009765625,8678219.0,-1.1986013224453362,23.4364797926194,1183.9411743164062,1148.7443701171876,1.1890301734426774
1164.47998046875,10365600.0,-0.990960153392384,22.21327346312429,1181.810461425781,1150.1698095703125,1.1956690102846328
1135.625732421875,20217708.0,-2.4778655306087805,19.18499288615289,1178.1275817871094,1150.8410717773438,1.2977221776742807
1137.1024169921875,7580254.0,0.1300326796191298,19.339972326106626,1175.596594238281,1151.7357202148437,1.2528303133620318
1137.2841796875,8411448.0,0.0159847250868816,19.359048492601705,1173.2394165039063,1152.8491381835938,1.2537174636408124
1140.419677734375,9207309.0,0.2757004891896564,19.68812197318792,1170.1256774902345,1153.9953735351562,1.1917865715735454
1129.673095703125,10308170.0,-0.9423357243887432,18.5602580419846,1166.6347778320312,1154.6322802734376,1.2015604511243898
1108.498291015625,9528051.0,-1.874418782570053,16.33794229658212,1162.2600830078125,1154.8769458007812,1.2525432228132987
1080.257568359375,12479523.0,-2.547655949056571,13.37405178865325,1156.792565917969,1154.945397949219,1.3438831962990352
1088.8455810546875,16154822.0,0.7949967625179744,14.2753718299085,1152.216796875,1155.00806640625,1.370821953925129
1059.855224609375,16997059.0,-2.662485567258454,11.232806548006248,1145.275909423828,1154.4488037109377,1.3799310296379832
1056.6063232421875,14671827.0,-0.3065419966566618,10.89183128187674,1139.9344970703123,1153.6393237304687,1.2663251506880713
1080.4393310546875,18613024.0,2.255618510721069,13.393127955148332,1136.4640502929688,1153.171982421875,1.3925159173619344
1076.690673828125,11852723.0,-0.3469567534998163,12.999702839703264,1131.91328125,1152.0327270507812,1.3223746491487405
1096.547607421875,8948850.0,1.84425611518948,15.083706769470416,1127.7407958984377,1151.441884765625,1.3786855041426944
1100.591552734375,13352162.0,0.3687888501264336,15.508122648348422,1124.11357421875,1150.7797387695311,1.3868919478300805
1105.2493896484375,7714340.0,0.4232121264687416,15.996967030452613,1120.636315917969,1150.959875488281,1.3931317860622616
1093.1851806640625,6329527.0,-1.0915372672779755,14.7308169064031,1116.921630859375,1150.8887670898437,1.4028397388512628
1071.41943359375,9215177.0,-1.9910393458764888,12.446481199951087,1111.4654724121094,1150.403173828125,1.4074362276790728
1079.3033447265625,7417103.0,0.7358379814307092,13.273905117402652,1105.9104797363282,1149.7319458007812,1.4027350315018807
1082.7340087890625,7328492.0,0.31785911525819,13.633956550027236,1101.2404296875,1148.655124511719,1.4027928332406046
1077.23583984375,9106089.0,-0.507804216056873,13.05691852779396,1096.87822265625,1146.875927734375,1.3962883353469884
1094.5255126953125,16729355.0,1.6050034924636636,14.871486018636858,1094.823211669922,1145.35375,1.3715710877606704
1113.83740234375,12415820.0,1.7644074463720072,16.898287071707863,1093.6599609375,1144.0212475585938,1.4378017674987877
1133.2174072265625,19247142.0,1.7399312361061623,18.932236882941588,1093.4566223144532,1143.3884057617188,1.4952369062486028
1136.2618408203125,8717053.0,0.2686539735743176,19.251753063188424,1093.24873046875,1143.159765625,1.4951675515295075
1123.0843505859375,8243452.0,-1.159723028704518,17.868763020780776,1092.9192932128906,1142.3672875976563,1.5030895079212943
1126.8331298828125,3370033.0,0.3337932092918105,18.26220094762041,1093.83603515625,1141.5107421875,1.4393357450023128
1109.4298095703125,12233241.0,-1.5444452111831208,16.43570604844513,1095.2946472167969,1140.228225097656,1.3576691934077942
1113.7918701171875,12513059.0,0.3931803985476545,16.893508421538183,1096.541961669922,1138.653405761719,1.350452838007468
1147.8717041015625,17609592.0,3.059802724254878,20.470219176697512,1100.942785644531,1137.5944189453126,1.3355626668426122
1158.5272216796875,12419943.0,0.9282847150993369,21.588525807561453,1106.0388305664062,1136.6230786132812,1.3293137820016392
1149.552978515625,13963166.0,-0.7746251444183727,20.646670513928456,1109.4945129394532,1135.4284716796874,1.2870835139758245
1156.7322998046875,8981896.0,0.624531572118836,21.40014706199811,1113.4965942382812,1134.8086743164065,1.2789599328085528
1161.049072265625,6693449.0,0.3731868178718844,21.853196407710595,1116.7216674804688,1134.3411010742188,1.23092481532336
1178.1343994140625,12575815.0,1.4715422075225248,23.6463176240654,1120.598809814453,1133.849899902344,1.258862303965154
1184.427734375,11789748.0,0.5341780160283527,24.30680907044172,1124.5577270507813,1133.5486328125,1.2594533039749607
1183.246337890625,11254205.0,-0.099744074719632,24.182820393920924,1129.0607849121093,1133.2937158203124,1.2183952311645938
1168.932861328125,5966242.0,-1.209678500929623,22.68060751376761,1133.936456298828,1132.88021484375,1.1480654688808496
1195.878662109375,12310132.0,2.30516239834635,25.50859474823784,1139.765222167969,1133.1905688476563,1.2204982231554478
1190.0849609375,9043112.0,-0.4844723261184125,24.90054033978253,1145.132769775391,1133.01880859375,1.2405538771752955
1184.7459716796875,7086433.0,-0.4486225297399504,24.34020837605133,1150.5082763671876,1133.4450366210938,1.2381392398737003
1177.95263671875,9716161.0,-0.573400131616919,23.62724145757029,1154.6796325683597,1134.0071240234374,1.2301270053320126
1180.9970703125,6661451.0,0.2584512737481947,23.94675763781713,1158.037615966797,1134.2729443359376,1.1859054859929623
1180.3609619140625,5303197.0,-0.0538619793755468,23.8799974607816,1160.394793701172,1134.280217285156,1.1381258024239826
1159.117919921875,6390268.0,-1.7997072656266044,21.65052014582185,1161.53759765625,1133.9998559570313,1.2233110262466669
1165.547607421875,6611488.0,0.5547052107030881,22.32532191991814,1163.6607604980468,1133.8149169921876,1.1894991040119276
1161.9124755859375,6413408.0,-0.3118818839136228,21.943811401410905,1165.414727783203,1133.7035888671876,1.1942126780879023
1171.931884765625,9389439.0,0.8623204750973112,22.99535785523932,1168.5398315429688,1133.5313745117187,1.133104876211946
1189.4261474609375,7349922.0,1.4927712883937128,24.83139724335944,1172.3215454101562,1133.5118334960937,1.165087021915385
1230.299072265625,31527484.0,3.436356674345764,29.121049294210664,1176.442913818359,1134.5951147460937,1.2134675097809335
1232.411865234375,11058913.0,0.1717300302323421,29.342788911199925,1180.1371459960938,1135.9537524414063,1.2064035519033718
1241.113525390625,26164986.0,0.7060675413568029,30.256036360787576,1184.7151733398437,1138.0635083007812,1.1810905744537983
1237.4556884765625,9485801.0,-0.2947221861039018,29.87214292289277,1188.7513427734375,1140.0705737304688,1.1893606792218718
1236.93310546875,11589592.0,-0.0422304420820029,29.81729734279505,1192.5455444335937,1142.0635522460936,1.192457048466832
1218.893798828125,14828536.0,-1.4583898321476996,27.924055077978792,1194.583514404297,1143.6330346679688,1.223594406709651
1222.4151611328125,8594245.0,0.28889820491933,28.293625376759103,1196.4828857421876,1145.4878759765625,1.221055250121756
1204.375732421875,8462111.0,-1.4757203022760623,26.40037030054827,1197.53935546875,1147.4054248046875,1.2743567330349717
1203.8077392578125,7757008.0,-0.0471607944906304,26.34075888167544,1199.2830993652344,1149.8764282226562,1.237642154263469
1185.5638427734375,12655763.0,-1.5155157995265012,24.426044719581963,1198.7673583984374,1151.8107934570312,1.1817852841551204
1187.38134765625,9479842.0,0.1533029953545872,24.616793573138303,1198.632177734375,1154.3613159179688,1.1776649611388426
1192.7886962890625,8333348.0,0.4554011770090405,25.18429991782132,1199.0343139648437,1157.0849633789062,1.1770838026656714
1188.4720458984375,7268947.0,-0.3618956487477343,24.7312633835034,1199.560284423828,1159.2456176757812,1.172219356164439
1171.5909423828125,8688551.0,-1.4204039189549045,22.95957563024213,1199.0899780273437,1161.143623046875,1.2158763431710173
1165.7974853515625,15837349.0,-0.4944948634945212,22.351546844575942,1198.3618041992188,1162.5286206054689,1.2202585484374882
1181.1107177734375,7729933.0,1.313541383841388,23.95868504614953,1199.461444091797,1164.13900390625,1.1840174928524139
1191.3345947265625,7467588.0,0.8656154583372544,25.031690585860588,1200.7507934570312,1165.8607080078125,1.1923050160310642
1174.3856201171875,8527550.0,-1.4226880243719542,23.25287969722576,1201.3744506835938,1167.484716796875,1.2382801298510866
1171.34130859375,7451122.0,-0.2592258855429241,22.933376328373463,1201.344921875,1169.483154296875,1.2253923828809452
1136.989013671875,10257115.0,-2.932731448113657,19.32807054056333,1198.7230651855468,1170.636867675781,1.3370000636994295
1146.9173583984375,5990242.0,0.8732137784251082,20.370059694052365,1194.5539794921874,1171.9205346679687,1.063221273246377
1156.300537109375,5763271.0,0.8181216059054419,21.35483315945068,1190.7484130859375,1173.5018286132813,1.0892569504235556
1156.1871337890625,7459393.0,-0.0098074260690084,21.34293137390741,1186.5020935058594,1174.735061035156,1.06552630143383
1155.6646728515625,6930648.0,-0.0451882677320436,21.288098605204265,1182.4125427246097,1175.5716064453125,1.0676460758136104
1157.4365234375,7289476.0,0.1533187461346896,21.474055997196363,1178.4377136230469,1176.0559887695313,1.0713656647768028
1170.477783203125,5316175.0,1.1267364992849416,22.842748523278587,1176.016912841797,1176.7403076171877,1.08344294475091
1161.9124755859375,7658932.0,-0.7317787436979528,21.943811401410905,1172.9917785644532,1177.5168701171874,1.0833977849942857
1144.418212890625,9264891.0,-1.5056437608598985,20.10777201329079,1169.9939025878907,1177.8685717773435,1.085201855328821
1142.3734130859375,13637099.0,-0.1786759229847168,19.893168343069668,1166.922186279297,1178.5274438476563,1.0843102121481327
1152.7564697265625,6349597.0,0.908902161209868,20.982879941282807,1165.2818176269532,1179.3067358398437,1.0715281650555248
1179.9747314453125,10722753.0,2.361145865024405,23.83946220840385,1164.9114868164063,1179.9487963867186,1.2078239640085398
1162.52587890625,8047142.0,-1.4787479828224814,22.00818865905887,1163.3983459472656,1180.02876953125,1.2442730067283254
1147.8717041015625,11509553.0,-1.2605461151948494,20.470219176697512,1161.3683288574218,1179.9951440429688,1.2694007145783972
1123.0843505859375,17688773.0,-2.1594184634968427,17.868763020780776,1158.9429992675782,1179.3221850585935,1.3176756882765372
1121.2667236328125,20618583.0,-0.161842425475589,17.678001355829885,1156.7164611816406,1178.5265380859375,1.31589977496734
1110.5885009765625,13623855.0,-0.9523356424645746,16.55731180557838,1153.1903503417968,1177.1756201171877,1.2769391206988705
1126.356201171875,10751000.0,1.4197608008229556,18.21214682908696,1149.9414306640624,1176.014189453125,1.3091579051438968
1124.492919921875,13448286.0,-0.165425577456002,18.016593702571825,1147.446795654297,1174.83912109375,1.2808695790468971
1123.288818359375,11940054.0,-0.1070795147899761,17.890222106663444,1145.044171142578,1173.926240234375,1.2810074360075794
1109.9295654296875,14930286.0,-1.1892981316416362,16.488155897760713,1143.6911987304688,1172.2072583007812,1.1365325389626777
1104.3177490234375,10954118.0,-0.5056011283092077,15.899190467195057,1141.5612182617188,1170.4919140625,1.1150994581707678
1097.7972412109375,16488755.0,-0.590455764952269,15.214857015548478,1138.636053466797,1168.752939453125,1.0927893101708588
1082.620361328125,12385018.0,-1.3824847898207038,13.622029141694858,1134.95771484375,1166.8462939453125,1.1194528170059712
1062.081787109375,25830975.0,-1.897116935206533,11.466486384722474,1130.2785705566407,1164.46798828125,1.1707474346189897
1072.2603759765625,21772103.0,0.958362057491846,12.534738897052945,1126.0197631835938,1162.3059765625,1.2046576100053052
1069.5792236328125,22691594.0,-0.2500467613855583,12.253349427007176,1120.974835205078,1160.5152026367186,1.1525620808806607
1063.240478515625,19347800.0,-0.5926391404330045,11.5880921418557,1116.0412353515626,1158.4690600585936,1.151148950806248
1057.3560791015625,13662663.0,-0.5534401231862107,10.970518867244673,1111.6881286621094,1156.3779321289062,1.1239715499499854
1058.2874755859375,24699575.0,0.0880873059496023,11.068269807713138,1107.4838317871097,1154.1050439453124,1.1281719339328133
1050.3128662109375,14837879.0,-0.7535390486015814,10.231327024105852,1102.3616516113282,1151.3227783203124,1.0891249211831868
1047.791015625,15135435.0,-0.2401047028049108,9.96665642395671,1095.7524658203124,1147.6726171875,0.8674204023477131
1068.7159423828125,21160332.0,1.9970515537710565,12.16274724470141,1091.061968994141,1144.3986987304688,1.0152982693985375
1070.5789794921875,13172763.0,0.1743248168658562,12.358274748427457,1087.197332763672,1140.9880078125,1.0030197272862096
1061.763671875,10790445.0,-0.8234149732109342,11.433099890507425,1084.131298828125,1137.4741674804689,0.9164443078879099
1055.72021484375,10352493.0,-0.569190413209153,10.798833368788864,1080.853973388672,1133.8499096679689,0.9182898987163451
1080.5985107421875,14321920.0,2.356523589170778,13.409834013650412,1079.354473876953,1131.08400390625,1.0781166377610725
1105.0675048828125,33503591.0,2.2643927321183366,15.977878052562966,1078.2900390625,1128.73705078125,1.1558144779907178
1104.2042236328125,17264487.0,-0.0781202276046943,15.887275870257223,1077.2756042480469,1126.7336206054688,1.1556757192217288
1108.8162841796875,11809520.0,0.4176818425581929,16.371315979402603,1076.5519775390626,1124.8337915039062,1.1610849712757585
1097.093017578125,8836937.0,-1.0572776364152547,15.140948080350247,1075.9101501464845,1123.064375,1.1546750728339066
1106.0445556640625,13311592.0,0.8159324635661491,16.08042045459568,1075.9964904785156,1121.4376391601563,1.1651078726291144
1080.9617919921875,11024335.0,-2.2677896241544704,13.447960723851482,1075.154718017578,1119.2011010742187,1.2668513507072579
1075.7816162109375,9851910.0,-0.4792191379588972,12.904296384438684,1074.8127807617188,1116.9472924804688,1.233239944662526
1083.1429443359375,9434053.0,0.6842771817320736,13.676874721792554,1075.8658386230468,1115.1783325195313,1.159834549336516
1075.9407958984375,11199715.0,-0.6649305592730914,12.921002442940765,1076.0498596191403,1113.381198730469,1.153726161870329
1055.356689453125,21994038.0,-1.91312630990298,10.76068103579868,1075.3387329101563,1110.8661181640623,1.2317672243037274
1065.0579833984375,11551145.0,0.9192431376295662,11.778840995412043,1075.4296081542968,1108.3405859375,1.2436756689388657
1056.9471435546875,9333535.0,-0.7615397443310634,10.927600695479356,1075.409161376953,1105.99181640625,1.2495460238518894
1083.9154052734375,14643807.0,2.551524159292517,13.757945226548053,1076.6905578613282,1104.2432983398437,1.3733959847936528
1094.5028076171875,10171916.0,0.9767738600485298,14.869103099249292,1078.9000549316406,1103.39357421875,1.3693933267108807
1098.433349609375,15782657.0,0.3591166660179334,15.28161719258403,1081.432171630859,1102.4238940429686,1.3654580705482746
1072.0330810546875,16235128.0,-2.4034474703518383,12.510884080388164,1081.5980285644532,1100.738544921875,1.4216815780202823
1055.4248046875,13334091.0,-1.5492317038246606,10.76782979396138,1080.8403198242188,1098.7232983398435,1.4637742456840024
1038.0670166015625,12771592.0,-1.6446257477411574,8.946113544955804,1079.6554870605469,1096.3713452148438,1.497415154024498
1034.181884765625,16027522.0,-0.3742659937945758,8.5383652903962,1078.578570556641,1093.9062524414062,1.494847500736735
1016.5057983398438,21728555.0,-1.7091854620705504,6.683243330083721,1075.3739349365237,1090.8268127441406,1.418802994681627
1011.4393310546876,18363159.0,-0.4984199099927089,6.15151280470061,1070.6925262451173,1087.8173498535157,1.2845734720640734
1010.1670532226562,34014213.0,-0.1257888429852416,6.017986044932244,1065.9906677246097,1085.1323266601562,1.2839227975404717
1000.238525390625,19524589.0,-0.9828599933404124,4.975977674351384,1060.5617797851562,1082.28962890625,1.2730465422040715
1031.3416748046875,21400360.0,3.109573229237061,8.240282573242897,1057.2742126464843,1079.8613330078124,1.4990286318773591
1034.477294921875,10920094.0,0.304033105011614,8.56936886522368,1053.695849609375,1076.9513842773438,1.4832973426040683
1021.3906860351562,16249370.0,-1.265045540483034,7.195916906063582,1050.7172943115231,1074.128680419922,1.4301124189883851
1001.169921875,12375945.0,-1.9797286617767584,5.07372861481985,1046.9867095947266,1071.1946447753903,1.479970784079465
1016.7330322265624,14054323.0,1.554492400492391,6.707091741051219,1043.6662139892578,1069.067618408203,1.5240638274989629
1021.4815673828124,12576424.0,0.4670385446070346,7.205454989311111,1040.9432525634766,1067.0719152832032,1.5309917048444488
1015.4381103515624,18804065.0,-0.5916364253869211,6.57118846759257,1038.9473236083984,1065.168907470703,1.483126549710438
1059.2191162109375,28171201.0,4.311538577591634,11.166046370970715,1038.6553802490234,1063.8261657714845,1.7799873186471176
1059.40087890625,10293043.0,0.0171600656116099,11.185122537465798,1038.7780670166017,1062.5243249511718,1.7712376576083695
1056.856201171875,16262928.0,-0.2401997001363787,10.918056206534544,1037.4251068115234,1061.1956726074218,1.6688041133322626
1063.9447021484375,18435046.0,0.6707157481502746,11.66200107705393,1035.897201538086,1060.2759753417968,1.6596609008661787
1056.4017333984375,12961408.0,-0.7089624803590211,10.87035938459955,1033.795620727539,1059.317655029297,1.6603274392091205
1061.6273193359375,10542367.0,0.4946589703795023,11.418789562787456,1033.2753326416016,1058.594256591797,1.5808027605636907
1066.3077392578125,18179087.0,0.4408722191515002,11.91000405288467,1033.8194793701173,1058.2680041503909,1.5427836883359094
1070.3289794921875,12378208.0,0.3771181701423209,12.332037012375109,1035.4325775146483,1058.432947998047,1.490388700342747
1075.759033203125,17929479.0,0.5073256741598975,12.901926276445684,1037.5114349365235,1058.502921142578,1.4866772742672707
1063.4449462890625,10405576.0,-1.1446882186428642,11.609551227738368,1039.8583923339845,1058.3802355957032,1.4533558553481614
1068.73876953125,12273475.0,0.4977994639647765,12.165142975483544,1042.7233642578126,1058.4902014160157,1.44390633450097
1066.0347900390625,7007330.0,-0.2530065876971465,11.881357774655644,1045.5167510986328,1058.6637756347657,1.4460929144967394
1067.37548828125,7647317.0,0.1257649613985334,12.022065321073082,1048.873599243164,1058.845535888672,1.4161021430532366
1071.465087890625,12936186.0,0.3831453555262376,12.451272661515333,1050.8797698974608,1059.2685803222655,1.257243013476754
1079.6668701171875,9236126.0,0.7654735855844974,13.312057450392834,1053.1392486572263,1059.9060974121094,1.2635015960253582
1073.328125,8617834.0,-0.5871019378875131,12.646800165241356,1055.7361206054688,1059.9983410644531,1.2301762724270917
1080.121337890625,9167125.0,0.6329111044793612,13.359754272327852,1059.68369140625,1060.189188232422,1.113524921978169
1099.86474609375,15565210.0,1.8278879891107325,15.43184360515717,1063.8402770996097,1060.951209716797,1.1301777932441088
1109.2025146484375,12981805.0,0.8489924409206928,16.41185123178035,1068.2263244628907,1062.0208557128906,1.134594221100414
1099.6829833984375,7061872.0,-0.8582320292536694,15.41276743866209,1072.4385681152344,1062.4025451660157,1.1485699598042274
1112.360595703125,8635233.0,1.1528424551509264,16.743294820359587,1075.0956420898438,1062.548406982422,0.7206466506973774
1109.5206298828125,8746585.0,-0.255309818711924,16.445237725995398,1077.601629638672,1062.654735107422,0.727771021978828
1123.2205810546875,9153782.0,1.234763086227786,17.883060537106175,1080.9198486328123,1062.942821044922,0.751543747806805
1126.69677734375,6464721.0,0.3094847394799593,18.247890619900463,1084.0574523925782,1063.5348962402345,0.7466840116203788
1134.4443359375,10872255.0,0.6876347522725146,19.06100420963208,1087.9595825195313,1064.1028918457032,0.7129265160149009
1127.0377197265625,10557860.0,-0.6528849390231795,18.283672844897623,1091.2301025390625,1065.0244104003907,0.7468404213966099
1128.8778076171875,6955341.0,0.163267640329856,18.47679180644699,1094.3586059570312,1066.0863342285156,0.7467040435383078
1131.1043701171875,6833343.0,0.1972368032196358,18.7104716431632,1097.397375488281,1067.0455627441406,0.746659474014669
1114.9962158203125,8717229.0,-1.4241085723332605,17.019905640235677,1099.3592346191406,1067.826671142578,0.8352456288120669
1108.4073486328125,8798967.0,-0.5909317981543594,16.328397807637284,1101.607354736328,1068.887684326172,0.7972453277641187
1106.02197265625,10525531.0,-0.2152075209087001,16.07805034660268,1103.4715148925782,1069.706964111328,0.7996498387091718
1109.6114501953125,8050447.0,0.3245394420548386,16.454769403545665,1105.650347900391,1070.7602502441407,0.7938009160270872
1115.5413818359375,7434906.0,0.5344151450114465,17.077121328326395,1108.058642578125,1071.392769775391,0.7969475808255289
1115.3367919921875,6092034.0,-0.0183399600482081,17.05564943104918,1110.2522277832031,1071.8094494628906,0.7977823841109477
1108.8389892578125,8112254.0,-0.5825866035288563,16.373698898790167,1111.7108337402344,1072.0175622558593,0.8047530160132045
1108.7027587890625,11487863.0,-0.0122858656729896,16.359401382464767,1113.4795654296877,1072.7509558105469,0.78763401649596
1138.94287109375,12626260.0,2.7275220580957216,19.53312972183965,1116.4206420898438,1074.4213171386718,0.9710095641392215
1145.3497314453125,10010304.0,0.5625269286254841,20.205535765153805,1118.694891357422,1076.566971435547,0.902996981366151
1145.0543212890625,11342504.0,-0.0257921356367929,20.174532190326342,1120.487481689453,1078.7844201660157,0.8913579277620954
1122.3118896484375,27107927.0,-1.9861443442283464,17.7876925160253,1121.6189270019531,1080.9005419921875,0.9896302945964115
1119.2900390625,14592692.0,-0.2692523008808289,17.47054644377146,1121.965399169922,1083.0575561523438,0.9611759543545542
1115.6322021484375,15800644.0,-0.3267997379058474,17.08665300587664,1122.270977783203,1085.1668591308594,0.9624461682550355
1125.651611328125,10908682.0,0.8980925039984156,18.13819945970505,1122.392529296875,1087.6751208496094,0.9430482671834588
1126.60595703125,7493309.0,0.0847816227970366,18.2383589423502,1122.38798828125,1089.5804064941406,0.9406910384866739
1135.148681640625,10312545.0,0.7582708538028893,19.13492595622488,1122.4232055664063,1091.5938342285156,0.9435220141939735
1135.8302001953125,12071109.0,0.0600378228605702,19.206451972035545,1122.8628295898438,1093.8826245117189,0.9306461665010233
1127.787353515625,5877018.0,-0.7081029081903667,18.362347618871013,1122.8083068847657,1096.4149731445314,0.9450036019836181
1128.787109375,6391969.0,0.0886475501129302,18.467272940291267,1122.6924438476562,1098.6560546875,0.9441186113757949
1145.46337890625,11248016.0,1.4773617976983733,20.217463173486205,1124.215802001953,1101.1356909179688,0.9376468629527608
1159.549560546875,13277380.0,1.2297365328322707,21.695821236974734,1126.7729125976562,1104.017919921875,0.9513281085891854
1159.8675537109375,11813494.0,0.0274238527512737,21.72919491979524,1129.4651916503906,1106.030888671875,0.9468876334770536
1171.1595458984375,24171579.0,0.9735587612026864,22.91430016187837,1132.5425964355468,1108.2660620117188,0.9608759374659751
1159.52685546875,6798554.0,-0.9932626575454018,21.69343831758717,1134.7418701171875,1110.3194750976563,0.9990999716628063
1161.9351806640625,6921096.0,0.2076989578942534,21.946194320798472,1137.0717895507812,1112.2792846679688,0.9977983343812494
1165.2069091796875,6961603.0,0.2815758202411311,22.289565317710093,1139.890185546875,1114.4553881835936,0.9802459385228326
1152.1202392578125,7619166.0,-1.1231198355224348,20.91610695285273,1142.0610595703124,1116.2652465820313,1.0264374310091302
1142.6915283203125,6628570.0,-0.8183790733139018,19.92655483728472,1142.248492431641,1117.7929223632811,0.8589581352557952
1133.9671630859375,12641159.0,-0.7634925977966556,19.01092446830952,1141.6793640136718,1119.0656860351562,0.866020241434987
1134.376220703125,9689466.0,0.0360731448408424,19.05385545146938,1141.145458984375,1120.2380297851562,0.8662080302931358
1149.3939208984375,11354006.0,1.3238729727606646,20.62997726682092,1142.499560546875,1121.9570092773438,0.7881518733253468
1158.8226318359375,11151555.0,0.8203202371324547,21.619529382388937,1144.4761901855468,1123.7586865234375,0.7972711317807981
1188.562744140625,12154387.0,2.566407618184829,24.74078224965909,1148.1227172851563,1126.2092456054688,0.9491202696441388
1176.31689453125,8061643.0,-1.0303073749993064,23.45556877050905,1150.6559814453126,1128.3880737304687,0.9847324742650835
1174.3856201171875,10248062.0,-0.1641797735832173,23.25287969722576,1153.044964599609,1130.446484375,0.9881652630848936
1199.03662109375,19117987.0,2.099055076483536,25.840025525422504,1156.2393615722656,1132.833879394531,1.0692904994544008
1196.6964111328125,13375267.0,-0.195174185656044,25.59441828037392,1159.282672119141,1135.3012451171876,1.0735622007770453
1242.7947998046875,33240016.0,3.852137287537905,30.43248769801852,1165.0330444335937,1138.5547143554688,1.3131466606284539
1256.2677001953125,20069348.0,1.0840808468737029,31.846481315253627,1171.4070739746094,1141.6827734375,1.3158043606282854
1257.6536865234375,18733835.0,0.1103257154434045,31.991941889051656,1177.0165893554688,1144.651796875,1.300212688076306
1246.4072265625,14682934.0,-0.8942414021801515,30.811615297138207,1181.35947265625,1147.5862817382813,1.3219863541048638
1245.3621826171875,15124144.0,-0.0838445030677981,30.701936948337337,1185.6342041015623,1150.2463134765626,1.3237369755227881
1270.8084716796875,22220040.0,2.043284228289588,33.37254901207174,1190.616650390625,1153.4720703125,1.3704312814327784
1281.6002197265625,25867313.0,0.8492033447503822,34.505153159261084,1196.7203186035156,1156.6396630859374,1.3319615829166067
1291.324462890625,39122156.0,0.7587579195435179,35.5257216610511,1203.1897827148437,1159.932216796875,1.3310769550973454
1289.7603759765625,38717624.0,-0.1211226890692751,35.361569262594706,1209.4174560546876,1163.0385375976562,1.3381807083931825
1249.8348388671875,30249238.0,-3.095577895944024,31.17134644489888,1214.3031860351562,1165.494479980469,1.5250871552589305
1224.5548095703125,23727866.0,-2.02266959687154,28.518183500550865,1218.3963500976563,1167.4080200195312,1.5985143781066873
1223.767333984375,12026020.0,-0.0643070918331378,28.43553719426488,1222.8863586425782,1169.261279296875,1.5802226392583343
1243.65625,12911012.0,1.6252203718226443,30.522897709405928,1228.350360107422,1171.8344799804688,1.6011138742310291
1232.087158203125,17226898.0,-0.9302483541473006,29.30871060167881,1232.4850219726563,1174.308076171875,1.617325519214272
1244.4686279296875,20827852.0,1.0049183326137134,30.60815754018149,1236.7673217773438,1177.0770092773437,1.620612044054545
1255.00390625,8551174.0,0.8465684135275486,31.71384494740699,1240.0893798828124,1179.9848583984376,1.5416136255637096
1237.25634765625,9536632.0,-1.414143693526848,29.85122191558149,1243.1363525390625,1182.4191577148438,1.5610976018192029
1224.0380859375,12748214.0,-1.0683527099125012,28.463952867391875,1245.6189758300782,1184.59318359375,1.5870390384792552
1218.8935546875,10168350.0,-0.4202917629037461,27.92402945518968,1246.6118225097655,1186.7942749023437,1.5288948806572382
1235.45947265625,22885610.0,1.3590947220159189,29.662638187705248,1248.5499755859375,1189.3294091796874,1.552779045657935
1242.49951171875,5982870.0,0.5698316471169917,30.4014969345856,1248.5352111816403,1191.4005419921875,1.295347023063036
1235.0162353515625,9844072.0,-0.6022760006429206,29.61612001406948,1247.472637939453,1193.1938720703124,1.2762792509985021
1243.1640625,11486586.0,0.6597344160514718,30.47124216655286,1246.7481567382813,1195.1560668945312,1.2864071203359893
1248.702392578125,15470598.0,0.4455027494108421,31.052495137595336,1246.8629150390625,1197.683876953125,1.274963734317285
1253.969970703125,22179330.0,0.4218441604908252,31.605332435510803,1247.2933044433594,1200.3774755859374,1.2778702964841844
1268.788330078125,9575812.0,1.181715648795878,33.160533243551086,1247.192297363281,1203.4405981445314,1.220078164418756
1267.7545166015625,10203112.0,-0.0814803739957792,33.05203354304946,1246.5000122070312,1206.28265625,1.2035881264544477
1249.465576171875,13673744.0,-1.4426247503116163,31.13259197636451,1244.4070678710937,1208.7398486328125,1.2264299606763498
1258.7208251953125,18639978.0,0.7407366157132333,32.1039391002673,1242.8550903320313,1211.2112915039063,1.2428051685274746
1244.986328125,9221746.0,-1.0911472024133229,30.66249066449693,1242.6126647949218,1213.3944140625,1.0566136544954374
1244.68994140625,7713044.0,-0.0238064235770663,30.631384598513,1243.6194213867188,1215.7324658203124,0.9453002981952521
1246.0732421875,9517952.0,0.1111361741774175,30.776563321630768,1244.734716796875,1218.0781884765624,0.9446475982623399
1225.1259765625,14140020.0,-1.6810621491419542,28.578128015682186,1243.808203125,1219.6714404296874,0.9519620255516533
1219.46923828125,22222400.0,-0.4617270704782461,27.98444799191959,1243.1773071289062,1220.869833984375,0.935316492294358
1207.315673828125,12580826.0,-0.9966273909667868,26.708919927054488,1241.3196594238282,1221.8187963867188,0.9238166217259269
1195.755126953125,16876644.0,-0.9575413560518165,25.49562961694636,1238.3572204589843,1222.3107080078123,0.9096278541536489
1194.6187744140625,12168946.0,-0.0950322113155377,25.376368345017,1236.225341796875,1223.012546386719,0.8666339486244415
1189.1595458984375,21638600.0,-0.4569849924133895,24.80341715764736,1234.481414794922,1223.5570336914063,0.8438211049030281
1191.9508056640625,18112842.0,0.2347254222742734,25.09636250558336,1233.13427734375,1224.0919116210937,0.8451230454876097
1190.987548828125,9347626.0,-0.0808134724487041,24.99526779113559,1230.9106811523438,1224.8692578125,0.7716786013598997
1197.3607177734375,8675876.0,0.5351163369913703,25.664137889552062,1228.653741455078,1225.9626416015626,0.7699395930107152
1199.88037109375,8200370.0,0.2104339388215415,25.9285778845992,1226.8969482421876,1227.2809057617187,0.7680367965223172
1201.5106201171875,13652572.0,0.1358676300331041,26.099674058905386,1224.814276123047,1228.62359375,0.7479471624520594
1209.51416015625,23109288.0,0.6661231207662377,26.939653143022625,1222.8548645019532,1229.8259985351565,0.7590102519710724
1222.556884765625,13271074.0,1.078344102039286,28.308499405839548,1221.284210205078,1231.10068359375,0.7985090863239798
1204.89501953125,16255666.0,-1.44466613001496,26.45486997299293,1218.0895446777345,1231.4273291015625,0.7884193247286149
1210.9222412109375,12803338.0,0.5002279519781272,27.087432579235426,1215.2479309082032,1232.1194360351562,0.8056999734484849
1212.03369140625,9209636.0,0.091785430764002,27.204080326675182,1213.3763366699218,1232.8723974609377,0.7552233377852622
1214.28173828125,25468592.0,0.1854772594969578,27.440014968833392,1211.154382324219,1233.1772998046874,0.7305887650077971
1203.709228515625,7516300.0,-0.8706801257334029,26.33042008626809,1209.09052734375,1233.3175561523435,0.7176181150092881
1176.882568359375,57081884.0,-2.2286661529821283,23.5149367728853,1205.7001586914062,1231.9993115234374,0.8514973504541646
1168.3111572265625,12226182.0,-0.7283149027146663,22.61535908128977,1201.812054443359,1230.2401806640626,0.852087355546214
1163.44482421875,19176786.0,-0.4165271364320988,22.104632837282544,1198.727996826172,1228.3560034179689,0.7903140209676175
1156.2811279296875,14254884.0,-0.615731501824579,21.35279614771615,1195.5685913085938,1226.5534814453124,0.7931795463304915
1157.2938232421875,10087782.0,0.0875821016220523,21.45907947695944,1193.0674987792968,1224.7921142578125,0.7772677774783088
1170.3365478515625,11722778.0,1.1270020065289543,22.82792573977637,1191.7965698242188,1222.78267578125,0.8105827718522013
1153.1439208984375,14518346.0,-1.4690327311990936,21.02354330760614,1189.7228271484375,1220.2135498046875,0.8660872130263212
1158.529052734375,12342014.0,0.4669956402095776,21.58871797847981,1188.1913024902344,1217.5576416015624,0.8747383641550204
1145.2637939453125,8859056.0,-1.1450087296260405,20.19651654338581,1185.856951904297,1214.6677099609376,0.8988066438625271
1143.2877197265625,10286386.0,-0.1725431493771911,19.98912568830018,1183.4719604492188,1212.536767578125,0.8984233685678633
1143.2630615234375,10953682.0,-0.0021567801962274,19.986537786599712,1180.7670776367188,1210.9109326171874,0.8831792244573695
1145.1898193359375,5431026.0,0.1685314497900991,20.188752838284387,1178.0325500488282,1209.3393823242188,0.8821355540156216
1135.4324951171875,7576878.0,-0.8520268041160239,19.164712448569453,1174.7286437988282,1207.1749072265625,0.8882509211352946
1140.447021484375,10236032.0,0.4416402021918397,19.69099172556865,1171.2752868652344,1205.3421044921874,0.877031475642601
1158.5537109375,9814118.0,1.587683523392247,21.59130588018028,1168.075128173828,1203.6238061523438,0.9249393946471728
1160.7027587890625,12554450.0,0.1854940199383259,21.816850481352912,1165.8655151367188,1201.737783203125,0.8864868581132788
1160.653564453125,10150316.0,-0.004238323340322,21.81168748934652,1163.352081298828,1200.2057275390623,0.8731021036941513
1158.0596923828125,5929036.0,-0.2234837465505679,21.53945816640888,1160.6533813476562,1198.8861596679687,0.8702434891712141
1163.5928955078125,7928180.0,0.4777994745344127,22.120173058879946,1158.1189392089843,1197.780146484375,0.8798824918553878
1148.1541748046875,8918320.0,-1.3268146241462997,20.49986474370196,1155.3411865234375,1196.0340405273437,0.9035222783129914
1139.33544921875,12032556.0,-0.7680785193711182,19.57433116673435,1153.4638305664062,1193.970759277344,0.7848902554247973
1135.8525390625,8913312.0,-0.305696637336994,19.20879645723943,1151.8408996582032,1191.9874853515626,0.7743766118677409
1118.116455078125,7853962.0,-1.561477689613988,17.3473776965023,1149.574481201172,1189.486533203125,0.8359315163191152
1115.5225830078125,11620688.0,-0.2319858596599666,17.07514837356463,1147.536553955078,1186.8229370117188,0.8301545533240047
1099.9849853515625,15222534.0,-1.3928537075740377,15.444462828795636,1144.6711120605469,1183.7432373046877,0.870440763718956
1119.40087890625,11771084.0,1.7651053253678883,17.482179190029036,1142.1243286132812,1180.75548828125,0.9330156965245948
1142.4725341796875,16813304.0,2.0610717490217256,19.90357119544981,1141.5907592773438,1178.2498486328125,1.0142824510236441
1130.3192138671875,12808438.0,-1.063773521805167,18.6280687533738,1140.1802673339844,1175.8669213867188,1.0314937757767204
1135.0125732421875,10309190.0,0.4152242408533846,19.120641251294025,1139.667706298828,1173.3927563476564,1.0084879871928936
1146.2767333984375,10562104.0,0.9924260243279636,20.30282549541822,1139.817156982422,1171.418564453125,1.033763971483241
1146.0296630859375,8850156.0,-0.0215541592445522,20.276895232835244,1139.9554870605468,1169.4453588867189,1.0337930945484854
1155.564697265625,10647304.0,0.8320058796743801,21.27760607306224,1140.4742309570313,1167.6351879882814,1.04943341688104
1148.0552978515625,6960204.0,-0.6498467313714062,20.489487514110948,1141.10537109375,1166.0937744140624,1.0412254404531924
1154.0330810546875,7884494.0,0.520687741636805,21.11686150555794,1141.7846740722655,1164.785051269531,1.0428973081860728
1141.50927734375,14513610.0,-1.085220512005758,19.802476481002017,1140.9324523925782,1163.4689233398435,1.0080986082362255
1143.658203125,7734954.0,0.1882530281532624,20.028008270780106,1140.080224609375,1162.4269848632812,1.0081354922946226
1143.5101318359375,3854810.0,-0.012947162767507,20.012468049182687,1139.2230529785156,1161.4048120117188,1.008107872389537
1164.185791015625,12220648.0,1.8080870998923528,22.182398002242376,1139.5293579101562,1160.9053369140624,1.0907467752175044
1166.285400390625,13134910.0,0.180350025846665,22.402753988619505,1139.6639831542968,1160.3920288085938,1.0863677048690155
1163.7412109375,7758634.0,-0.2181446713019674,22.13573890326648,1140.4433349609376,1159.8471020507814,1.0415416318258475
1160.67822265625,4490186.0,-0.2632018401051983,21.81427539104701,1141.5104736328126,1159.1134521484375,1.0260980385056797
1175.2769775390625,8214450.0,1.2577779610099649,23.34642850027957,1143.4816955566407,1158.621384277344,1.0529433352781248
1179.8717041015625,8534814.0,0.3909484019776421,23.828649391397903,1146.5694580078125,1158.1886059570313,0.9706721129517315
1183.4781494140625,8531542.0,0.3056641921289404,24.2071492321843,1149.967236328125,1157.6678857421875,0.9633499208967277
1182.6876220703125,6749486.0,-0.0667969530439904,24.1241826410344,1154.1023681640625,1156.870500488281,0.8829480942819448
1182.9346923828125,13792174.0,0.0208905807323356,24.15011290361737,1157.2790588378907,1156.4312939453123,0.8215726559105222
1186.047119140625,12531306.0,0.2631106161526952,24.476765030632365,1159.4577880859374,1155.933791503906,0.7067207560150672
1174.5606689453125,28439984.0,-0.9684649125605738,23.27125123702021,1161.6698608398438,1155.1843310546874,0.6980923928631597
1182.88525390625,14342842.0,0.7087403129556913,24.14492428882187,1164.063494873047,1154.5564013671874,0.7060179348659175
1195.680908203125,15590990.0,1.081732505720212,25.48784028905581,1166.5337036132812,1154.3958349609377,0.7114938834930898
1204.351318359375,12693624.0,0.7251441498116629,26.39780802163692,1169.4497863769532,1154.9452099609375,0.7180655323922985
1215.8873291015625,16422442.0,0.9578609303058094,27.60852324143912,1172.46591796875,1155.8967333984374,0.7239530414788872
1213.886474609375,8142096.0,-0.1645592025098174,27.398531673258454,1175.7574768066406,1156.90556640625,0.6996763783054298
1213.2442626953125,10204894.0,-0.0529054345274837,27.331130926495064,1178.718035888672,1158.0448291015623,0.7011101867095159
1215.022705078125,7066138.0,0.1465856824957478,27.517780133793245,1182.3937072753906,1159.1994067382811,0.6276367681110755
1197.5831298828125,9197124.0,-1.4353291607164809,25.687480250434568,1185.0899536132813,1159.744338378906,0.7397897570233277
1202.4739990234375,10031182.0,0.4083949596971781,26.200781584747723,1188.0381469726562,1160.7309399414062,0.7384084703388941
1217.39404296875,16972354.0,1.240778923904351,27.76665428445381,1190.6985595703125,1161.9082397460938,0.6845083594615013
1232.931884765625,15932152.0,1.2763198478435325,29.397365452011947,1194.0308837890625,1163.6616015625,0.7234300063780332
1245.48046875,14165188.0,1.0177840430138918,30.714351189662903,1198.1178466796875,1165.7054565429687,0.7313171897253662
1263.809326171875,16820604.0,1.471629453994594,32.63798208236792,1203.2744018554688,1168.1163818359375,0.7580850501608549
1248.518798828125,17736722.0,-1.209876128234122,31.0332268001819,1206.936492919922,1170.1829614257813,0.8148313258147786
1266.0079345703125,13765454.0,1.4007907416855092,32.868728109730625,1211.2433044433594,1172.7944702148438,0.8508710765677459
1267.242919921875,16541784.0,0.0975495743620102,32.99834098846186,1215.43154296875,1175.3303881835936,0.8527942776268017
1273.66552734375,7465664.0,0.5068173844893886,33.67239970167386,1219.980438232422,1177.6326245117189,0.8478129227927407
1278.0130615234375,9204156.0,0.3413403351470334,34.128677518814655,1224.734356689453,1179.9788305664065,0.8437939963816591
1287.2515869140625,12302636.0,0.7228819226317018,35.098269481663145,1229.794580078125,1182.510791015625,0.8463948216761568
1277.074462890625,10864584.0,-0.7906087766289094,34.03017070606733,1234.9202697753906,1184.8910864257812,0.8319195234964369
1279.6929931640625,4030540.0,0.2050413150937569,34.304987930705465,1239.760656738281,1187.213088378906,0.8304226858592116
1290.2900390625,7448800.0,0.8280928281271693,35.417157903576715,1244.49111328125,1190.0558056640623,0.8213079326557382
1276.25927734375,9037536.0,-1.0874114574227378,33.94461621321696,1248.086511230469,1192.7942822265625,0.8796913750838862
1282.8546142578125,9612778.0,0.516770928223087,34.63680304972685,1251.4348754882812,1195.7343237304688,0.8676198802513589
1288.3138427734375,8086406.0,0.4255531729745909,35.20975423709651,1255.1562438964845,1199.138271484375,0.8620080200000552
1278.26025390625,7734652.0,-0.780367992130282,34.1546205927922,1258.4070434570312,1202.3930249023438,0.8925565975476921
1274.8758544921875,5403074.0,-0.2647660680773045,33.799424678704646,1261.3997009277343,1205.8908422851562,0.9001394790004577
1309.2613525390625,11102740.0,2.697164427870624,37.40821516583421,1266.9836120605469,1209.6880517578124,0.9661115625407469
1343.6961669921875,23725852.0,2.6300947772074146,41.022181456364734,1274.0447204589843,1213.7125244140625,1.0817393142164944
1354.3919677734375,15012164.0,0.7959984588772118,42.14471584743242,1280.894616699219,1218.1939794921875,1.0715804868694687
1377.51318359375,8610594.0,1.707128834965177,44.57130927904325,1288.123681640625,1223.0439916992189,1.0913082111877006
1358.2454833984375,9069024.0,-1.3987307290261763,42.549145950801815,1293.7619323730469,1227.2833666992187,1.16913911978294
1345.35107421875,12197382.0,-0.9493430559713412,41.19586553237142,1297.8390197753906,1231.269794921875,1.1820466800753253
1351.6500244140625,10279438.0,0.4682012239050959,41.85694630289736,1302.9955810546876,1235.1915014648437,1.1259869309623363
1351.156005859375,10422704.0,-0.0365492949923718,41.805098589125954,1307.2529846191403,1239.253515625,1.104658984055356
1312.7442626953125,20055420.0,-2.842879948539434,37.77374987532911,1309.5280517578126,1242.4277392578124,1.3134173049477769
1327.8619384765625,21919128.0,1.1516085966515988,39.360364222822696,1312.2378723144532,1246.1547924804688,1.3295541901381076
1336.9522705078125,11808872.0,0.6845841248886986,40.314403152679226,1315.184832763672,1250.020673828125,1.33345382403666
1430.7957763671875,23893438.0,7.019211375715795,50.163367700539794,1322.362042236328,1255.76638671875,2.020945995242228
1390.852294921875,14093978.0,-2.791696907767616,45.971261607844106,1328.0509338378906,1260.299716796875,2.13696140009866
1409.6258544921875,15130226.0,1.3497881578695692,47.94156441091959,1334.5475769042969,1265.1665258789062,2.1454004711109107
1409.650634765625,13349362.0,0.0017579326711869,47.944165124014624,1340.515606689453,1270.0847143554688,2.1468299496812646
1440.3306884765625,19652588.0,2.1764296027886765,51.16406572937222,1348.7191772460938,1275.677763671875,2.1466784911965147
1421.878173828125,8814432.0,-1.2811304234553789,49.22745689398116,1355.6703552246097,1280.6097875976564,2.1888126958255913
1410.7869873046875,9047984.0,-0.7800377506025469,48.06342639594397,1361.794012451172,1285.2280932617186,2.2085869974608228
1424.9659423828125,9296568.0,1.0050386915755327,49.55152111929566,1369.129296875,1290.0578491210938,2.191068004292428
1432.845947265625,14694634.0,0.552996015444096,50.37853507212142,1377.027801513672,1295.061015625,2.1823402754639454
1443.34423828125,12556798.0,0.7326880489601395,51.480340626796206,1383.7319458007812,1300.2692065429687,2.126864276134262
1435.04443359375,6674430.0,-0.5750398600255946,50.60926828808958,1388.299359130859,1305.2491528320313,2.0789014628408213
1447.642333984375,7715594.0,0.8778752835601367,51.93142982914147,1392.9618774414062,1310.7107861328125,2.0799073706414397
1463.7235107421875,7117888.0,1.1108528937221696,53.619164513871965,1397.272393798828,1316.327551269531,2.0636947851515726
1453.0770263671875,10006782.0,-0.7273562456888927,52.501805926205215,1402.0139709472655,1321.4754736328125,2.0395199713831187
1443.17138671875,9767498.0,-0.6817009331709256,51.46219969210375,1406.9049865722657,1326.251875,2.0313567035597306
1456.4364013671875,6729828.0,0.9191572650700364,52.85437550440864,1412.144305419922,1331.0628564453125,2.034995060290599
1453.4969482421875,7117496.0,-0.2018250245764741,52.54587712348064,1417.2613525390625,1335.855065917969,2.037166813843145
1450.2115478515625,12720292.0,-0.2260342131848447,52.20107125037865,1424.134716796875,1340.5944116210935,1.8982346329810467
1464.0941162109375,18493728.0,0.9572788452789194,53.658059907746434,1430.9463256835938,1345.57583984375,1.8953042414132888
1475.82763671875,14438584.0,0.8014184592298523,54.88950396394157,1437.890093994141,1351.140729980469,1.8960630860824343
1469.6026611328125,7513106.0,-0.4217955695542952,54.23618689851703,1439.8304382324218,1356.4833032226563,1.1254367505633591
1467.9476318359375,10826044.0,-0.1126174673363289,54.062490011115806,1443.685205078125,1361.494375,0.8937208753417595
1438.2803955078125,8647950.0,-2.021001000629752,50.94888554639605,1445.1179321289062,1365.6013452148438,0.9925204747687931
1443.393798828125,23628976.0,0.3555220064379139,51.485542052986254,1446.805090332031,1369.5596118164062,0.9937287524937389
1474.345458984375,12132926.0,2.144366989894176,54.73394801123277,1448.505828857422,1373.7703344726565,0.9902615846566155
1489.4384765625,10024420.0,1.023709706985643,56.31797445702587,1451.8838439941403,1378.5887280273437,0.9518139947685526
1482.3243408203125,7107668.0,-0.4776387782465696,55.571339193649536,1455.460711669922,1382.9150561523438,0.9371012119808373
1485.0908203125,7805676.0,0.18663118563218,55.86168382849053,1458.4669555664063,1387.2720141601562,0.9201943521842418
1461.3028564453125,8315726.0,-1.6017851259885862,53.36511455981041,1459.8898010253906,1391.0247607421877,1.0006557969273784
1449.1246337890625,11277130.0,-0.8333811572690752,52.086998593244815,1460.1788208007813,1394.4469921875,1.010029345604873
1457.844482421875,9432678.0,0.6017321374223394,53.00215494062144,1461.3188232421876,1397.8588500976562,1.0075179122478408
1415.10986328125,13522134.0,-2.931356509964022,48.51711631138427,1459.6921997070312,1400.6195581054687,1.1925397165061244
1414.4180908203125,18571102.0,-0.0488847176383533,48.444514138430826,1457.2269287109375,1403.3140600585937,1.1579090764822917
1401.3260498046875,19223818.0,-0.925613232791167,47.07049207221296,1454.6393798828126,1405.5347802734375,1.1638123793665185
1422.3228759765625,9169392.0,1.498354089314291,49.274128804351626,1453.5969543457031,1408.4560522460938,1.2148015651633506
1408.267333984375,8275764.0,-0.9882103585331814,47.79898640089686,1451.1885009765624,1410.964306640625,1.2082684076201953
1426.546875,8488806.0,1.2980164045918174,49.71744149020092,1449.840997314453,1413.7289672851562,1.2513801594371288
1433.685791015625,13006936.0,0.5004333289521323,50.46667746667228,1449.0147094726562,1416.8374780273436,1.2576313172086293
1437.6875,19527608.0,0.2791203630148509,50.88666060303362,1447.694378662109,1420.0937109375,1.238040895072655
1424.3978271484375,11415906.0,-0.9243784098813213,49.49189688902828,1445.1228881835937,1422.3964404296876,1.2332396962813186
1475.061767578125,16326644.0,3.556867292553645,54.80912527449213,1445.3958435058594,1425.0237524414065,1.4855600889154978
1468.145263671875,21854364.0,-0.4688958834317858,54.08323165890327,1445.4057250976562,1427.298818359375,1.4894785528925638
1467.0830078125,5013880.0,-0.0723535937253383,53.97174690346993,1446.8458557128906,1429.09021484375,1.4112282092643127
1469.2320556640625,8910166.0,0.1464844075024007,54.19729150464256,1448.1377685546877,1431.3099462890625,1.410076917926178
1454.0650634765625,7008292.0,-1.0323074649119857,52.60550135374804,1447.1237487792969,1433.484226074219,1.3448626960050754
1445.493408203125,14490272.0,-0.5894959922180698,51.70589803936338,1444.926495361328,1435.36109375,1.3246271494421413
1442.7020263671875,7442298.0,-0.1931092746668028,51.412939880032816,1442.945379638672,1437.1920141601563,1.322351096528477
1468.2686767578125,8357118.0,1.7721365828398783,54.09618397880023,1442.1042724609374,1440.3025024414062,1.388043644272426
1446.2098388671875,7071414.0,-1.502370665519792,51.78108811401732,1441.3496215820312,1442.6694604492188,1.3823522312115242
1461.945068359375,9138330.0,1.0880322529483566,53.43251530657378,1441.9906433105468,1445.16931640625,1.3912595708478688
1449.668212890625,15551012.0,-0.8397617485400688,52.14404773320629,1441.5818298339843,1445.5467651367187,1.3986664242898919
1447.3707275390625,12902062.0,-0.1584835296196018,51.90292447625258,1443.194873046875,1446.6771337890625,1.2209041293301157
1448.28466796875,9366184.0,0.0631448745161078,51.99884338729941,1444.888201904297,1447.4503100585937,1.2203464437353932
1446.876708984375,19005692.0,-0.0972156244911204,51.85107676248117,1447.1657348632812,1448.1948315429688,1.1966249145564416
1452.607666015625,15741778.0,0.3960915947892163,52.45254611413428,1448.6799743652343,1448.44037109375,1.156790080718104
1462.2166748046875,10350362.0,0.6615006249704791,53.4610206594627,1451.37744140625,1449.2471411132813,1.1328014942218108
1441.9364013671875,14605554.0,-1.386954053181544,51.33258681337252,1452.1469177246097,1449.8701293945312,1.153999527086774
1432.8953857421875,10462776.0,-0.6270051589257086,50.38372368691692,1452.1073974609376,1450.0287182617187,1.1588753885614935
1442.5784912109375,15943926.0,0.6757719764541203,51.39997474874134,1452.3519470214844,1450.223369140625,1.1672037220241072
1435.2420654296875,9413848.0,-0.5085633694074887,50.630009935877055,1452.8941589355468,1450.061325683594,1.1530507497659215
1447.568359375,7247974.0,0.8588303145659504,51.92366612404005,1451.519488525391,1450.3118041992188,0.8341930906153203
1449.5198974609375,11474262.0,0.1348149172575308,52.12848188881978,1450.5882202148437,1450.34935546875,0.8307041169819
1449.0751953125,14512646.0,-0.0306792717517323,52.081809978449314,1449.6878295898437,1450.0563891601562,0.8307251932708948
1416.9130859375,17226958.0,-2.219492092545561,48.706366231777466,1447.0718811035156,1449.3331103515625,0.9586218827654295
1402.610595703125,7394208.0,-1.0094119657954703,47.20530637713427,1444.4991577148437,1448.52189453125,0.9575595019325235
1384.775634765625,14517472.0,-1.2715546989404691,45.33351038680611,1441.4632690429687,1447.0886791992189,0.9848327515581929
1401.647216796875,9439002.0,1.218362138073403,47.10419885129193,1439.4105285644532,1446.0516845703123,1.035362340496446
1377.51318359375,11009612.0,-1.721833633592729,44.57130927904325,1434.87275390625,1444.5977172851562,0.9896590455579818
1390.65478515625,10505096.0,0.9540091317467692,45.95053277145118,1432.0950012207031,1443.1289306640624,0.9868134808751505
1385.986083984375,8456620.0,-0.3357196352184899,45.46054817523144,1428.297052001953,1441.332099609375,0.9399279452441004
1403.1539306640625,7188300.0,1.2386738134003483,47.26232989430663,1425.971337890625,1440.003125,0.98645850410616
1399.3994140625,5046534.0,-0.2675769578456499,46.86828983192284,1423.572772216797,1438.6321606445313,0.9867612280130899
1408.3660888671875,14711774.0,0.6407516477841657,47.8093508190933,1421.5768432617188,1438.0338745117188,1.002084818755962
1418.5928955078125,10916476.0,0.7261468961419659,48.882663832273735,1420.1626525878903,1437.5378564453124,1.0204572041553626
1419.0128173828125,11176128.0,0.0296012955041335,48.92673502954917,1418.48291015625,1436.4312036132812,1.014472193493115
1443.2454833984375,10281604.0,1.7077129761462695,51.46997620859975,1417.5343505859375,1435.50734375,1.0812342169180431
1468.3428955078125,14608260.0,1.738956566853589,54.10397330669077,1418.8546752929688,1435.22771484375,1.10494852570353
1462.6119384765625,7094776.0,-0.3903010018152519,53.50250395503764,1420.3405029296875,1434.7781372070312,1.0980361708240292
1448.77880859375,6629010.0,-0.9457826453420636,52.05070391246538,1420.6505187988282,1434.52765625,1.1136942852747946
1438.8485107421875,7820162.0,-0.6854253936252164,51.008509776663445,1420.8308410644531,1434.3221337890625,1.1188637302516835
1423.607421875,7383556.0,-1.059255978193685,49.408943109272926,1419.632794189453,1433.637392578125,1.1252305227078623
1407.8720703125,13206858.0,-1.1053153643843294,47.757503105321895,1417.5504028320313,1433.49263671875,1.14688156233062
1413.35595703125,31069832.0,0.3895159819125249,48.33304219439203,1415.7644409179688,1433.4713940429688,1.1528116292187707
1492.32861328125,21527942.0,5.587598499664725,56.621297034552896,1419.5352172851562,1435.2914453125,1.6278298183379443
1380.625732421875,36709098.0,-7.485139657931561,44.897974217452784,1418.4359741210938,1434.4575024414062,2.370661307554273
1403.8209228515625,17464890.0,1.6800491172215717,47.33233135416504,1419.3882385253903,1434.36857421875,2.3825764169619488
1414.5416259765625,17855722.0,0.7636802494169315,48.45747926972233,1420.032958984375,1434.1284692382812,2.373452676665045
1452.4345703125,18558696.0,2.678814369268001,52.43437955665273,1423.7790283203126,1434.5034448242188,2.402111767741135
1453.867431640625,9251760.0,0.0986523838947706,52.58475970596055,1426.9396606445312,1434.827043457031,2.397334255615902
1439.3179931640625,11774902.0,-1.0007403811325588,51.05778240012893,1429.6062561035155,1435.1254467773438,2.410465836100592
1445.8885498046875,10081742.0,0.4565048635417179,51.74736852354378,1431.742987060547,1434.541982421875,2.399337292196144
1447.790771484375,9181160.0,0.1315607402758933,51.94700848492255,1434.162554931641,1434.134892578125,2.3970956504921426
1459.9442138671875,8157998.0,0.8394474272240382,53.22252373839312,1436.7414611816407,1433.9921166992187,2.3994383482713224
1463.3778076171875,7196766.0,0.235186640515872,53.58288264448707,1438.9807067871093,1433.8750317382812,2.3963657964105285
1441.2694091796875,8725874.0,-1.5107785783289307,51.26258535351409,1440.0935363769531,1433.6191186523438,2.426133455827518
1456.1400146484375,16113776.0,1.0317713936087491,52.82326943842468,1440.738262939453,1433.83205078125,2.407285047501788
1436.872314453125,31170360.0,-1.323203812922091,50.80110611018325,1439.1647338867188,1433.7154565429687,2.3930509988868756
1424.2989501953125,8878386.0,-0.875050909627828,49.48151965943725,1437.2490844726562,1432.8360620117187,2.3988001464463156
1436.822998046875,7045386.0,0.8793131420791411,50.79593030678229,1436.6512939453123,1432.6483251953125,2.3998424030498153
1495.9844970703125,22014882.0,4.117521720062789,57.00498549013482,1439.5080932617188,1433.3291137695312,2.56379058854506
1512.312744140625,28383030.0,1.0914716764972576,58.71865043744826,1443.943359375,1434.5820043945312,2.552100468172317
1546.7474365234375,28957336.0,2.276955776259104,62.33260391658424,1450.8871276855468,1436.5695385742188,2.5637379065246026
1541.5599365234375,7724306.0,-0.3353811926567474,61.78817089349804,1457.2973266601562,1438.4350439453126,2.5705441422631456
1546.5250244140625,7749246.0,0.3220820529250545,62.30926155570173,1460.007147216797,1440.4280102539062,2.2706306268978342
1533.927001953125,9049620.0,-0.8146019147482364,60.98708720325527,1467.6722106933594,1442.054396972656,1.4077649524182048
1535.5079345703125,6837176.0,0.103064397143715,61.15300757416051,1474.2565612792969,1443.5202221679688,1.3843514369318781
1569.695556640625,12269710.0,2.2264699061864013,64.74103079071352,1482.0142578125,1446.0754052734376,1.4389010729597438
1581.8243408203125,9500806.0,0.772683857603873,66.01395814248359,1488.4837463378906,1449.053984375,1.3495350934462955
1571.3260498046875,6960002.0,-0.6636824800774432,64.91215258780882,1494.3566772460938,1451.628935546875,1.3701770558527167
1565.3480224609375,7134578.0,-0.3804447424831436,64.28475297357272,1500.6581787109376,1454.2310546875,1.3436114822012233
1561.815673828125,11940946.0,-0.2256589960907939,63.9140296492823,1506.4545349121097,1456.5160009765625,1.351512986562526
1577.6990966796875,12924784.0,1.0169844699170485,65.58100987483076,1512.949951171875,1459.0795849609376,1.3569225664623992
1578.1932373046875,5329688.0,0.0313203338988987,65.63287039999672,1518.86240234375,1461.6619458007813,1.356409048566179
1557.4681396484375,9386838.0,-1.3132167320425991,63.457751832141525,1523.5669189453124,1464.473046875,1.409393719295997
1567.7689208984375,12298374.0,0.6613799016347954,64.53882855042336,1529.89189453125,1467.7762133789065,1.3429014054577744
1536.6195068359375,13140390.0,-1.9868625820602004,61.26966813299484,1533.915869140625,1470.8130908203125,1.437975931784965
1482.793701171875,19674376.0,-3.502871428132237,55.62059900572047,1536.2119384765624,1472.4360205078126,1.6349137599752415
1470.1707763671875,18052044.0,-0.851293392648711,54.29581112878444,1538.5055297851563,1474.2891723632813,1.6341228793345177
1477.8778076171875,11913362.0,0.5242269383863185,55.10467133552319,1540.5582702636718,1476.0336328125,1.6279424761392804
1474.6173095703125,12519876.0,-0.2206202725333561,54.7624789869108,1539.4899108886718,1477.806257324219,1.3345475363410033
1491.044189453125,9859940.0,1.1139757940044293,56.48649554102616,1538.4264831542969,1479.5640625,1.335581585226751
1501.987060546875,7538550.0,0.7339065583135795,57.63496019467682,1536.1884643554688,1481.6158154296877,1.2340485605432163
1495.1199951171875,8228208.0,-0.4571987076364858,56.91425519388349,1533.8664672851562,1483.3508935546874,1.2353665552081177
1487.4869384765625,10057346.0,-0.5105313731040506,56.11315869224616,1530.9145629882812,1484.7287744140624,1.2328060190728194
1497.2445068359375,10764222.0,0.6559767421802309,57.1372247047502,1529.0804382324218,1486.293408203125,1.237260031127707
1481.459716796875,10268248.0,-1.0542559994038525,55.48059608600367,1526.37802734375,1487.0576928710936,1.2535488713925755
1430.079345703125,17046704.0,-3.46822600109854,50.08817762588589,1519.397216796875,1486.292421875,1.3249258004837812
1438.7003173828125,10236186.0,0.6028317034009634,50.99295674367148,1512.241015625,1485.814189453125,1.3171556746245858
1447.3707275390625,8174568.0,0.6026557477948336,51.90292447625258,1506.0432495117188,1485.786027832031,1.3373695499738578
1431.8577880859375,12387192.0,-1.0718013814954852,50.27482683318405,1499.368737792969,1485.6462133789062,1.3457084717939392
1456.73291015625,6249776.0,1.7372620575374809,52.88549438178711,1494.114599609375,1486.3087231445313,1.430747405337192
1443.2208251953125,8184584.0,-0.9275609047294852,51.46738830689925,1487.3906860351562,1487.0156982421877,1.3995670234113013
1446.1851806640625,6265064.0,0.2053986068520696,51.77850021231685,1480.790283203125,1487.6722827148435,1.4031566946711787
1444.43115234375,6267466.0,-0.121286564387768,51.59441328393004,1475.1384338378907,1486.7143334960938,1.388744241880024
1460.58642578125,9416902.0,1.118452299459638,53.2899244851565,1469.7793090820312,1488.3135473632813,1.4101497683632334
1475.65625,13797742.0,1.031765320610134,54.871516765983806,1466.7311462402345,1489.75025390625,1.3863886186995535
1483.1416015625,8411808.0,0.5072557760318563,55.65711148020738,1466.7485412597655,1491.1222534179688,1.1528026442958328
1485.8433837890625,7769996.0,0.1821661683359288,55.94066607593327,1467.5321716308597,1491.7904296875,1.1353091076130462
1485.2979736328125,10445782.0,-0.0367071093898996,55.88342476505344,1467.9031799316406,1492.4190405273437,1.130133816338428
1487.1322021484375,9249654.0,0.1234922923336823,56.07592877966405,1468.5289245605468,1493.3753247070313,1.1287172223730306
1499.649169921875,8816114.0,0.8416849393318548,57.38959636612479,1468.9591735839845,1494.450537109375,1.1167664605244443
1487.6031494140625,6251156.0,-0.8032559047420396,56.12535513986423,1468.2399780273438,1495.2467846679688,1.1190106736703818
1485.4716796875,9610286.0,-0.1432821466801792,55.90165537950777,1467.7575622558593,1495.757333984375,1.1150764166000477
1507.90283203125,38335358.0,1.5100356775882062,58.25582599768895,1468.7783569335938,1496.6478344726563,1.1595512471975675
1496.6995849609375,41620730.0,-0.742968766443719,57.0800346394486,1468.7511108398437,1497.7564379882813,1.1648192601770326
1503.2679443359375,11240852.0,0.438856230134621,57.76939015776144,1469.8415222167969,1498.6989965820312,1.1409820395512957
1496.203857421875,10923800.0,-0.4699153561198987,57.028007566153406,1473.1477478027343,1499.8856274414063,0.7947834341686123
1501.5823974609375,11983304.0,0.3594790918618695,57.59249042172101,1476.2918518066406,1501.4312963867187,0.7906150388930252
1480.192138671875,16264168.0,-1.4245144871990911,55.34756256492575,1477.9329223632812,1502.298679199219,0.8650247656055456
1452.2830810546875,19394228.0,-1.885502353919355,52.41848061600771,1478.954187011719,1501.4246508789065,0.9397278484087734
1449.928466796875,9010298.0,-0.1621319072382609,52.17136162640141,1478.61396484375,1500.1769653320312,0.855064603501909
1449.011474609375,10768260.0,-0.0632439605469437,52.07512243049066,1478.903497314453,1498.22224609375,0.8281971172116968
1439.072265625,9760202.0,-0.6859303158420094,51.03199306288608,1478.5478515625,1496.1724926757813,0.8417526642862806
1467.1298828125,22349376.0,1.949701752838262,53.97666647897974,1479.6827880859375,1494.58458984375,0.9493130869348928
1460.016357421875,8711328.0,-0.4848599618861526,53.230095272576186,1479.6542846679688,1493.106376953125,0.9245809719422954
1458.7523193359375,5481774.0,-0.0865769811079109,53.09743328194043,1478.8090881347655,1491.5712646484376,0.8922851189394478
1459.6942138671875,5935328.0,0.0645685027379272,53.19628600234076,1477.63671875,1489.3712377929687,0.8830777885823463
1450.9197998046875,8574714.0,-0.6011131632325806,52.27540296159727,1475.890539550781,1486.7531469726562,0.8883812828889517
1457.0916748046875,16955902.0,0.425376716261705,52.92314707038959,1474.480224609375,1484.468459472656,0.8964992392453003
1473.2025146484375,30897320.0,1.1056847089535138,54.61399492399737,1473.783740234375,1482.6255493164062,0.9350005151181515
1480.5887451171875,8832314.0,0.5013723772059109,55.38918678584081,1472.8307189941406,1481.0010107421874,0.9210476791315724
1476.6229248046875,17137444.0,-0.2678542792911798,54.97297019947918,1472.281707763672,1478.9794873046876,0.9059625223355042
1481.15869140625,7069002.0,0.3071716228543852,55.44900318702657,1472.0660583496094,1477.0387963867188,0.908675434578885
1485.12451171875,18818998.0,0.267751209611089,55.865219773388205,1470.9271423339844,1475.591923828125,0.8390491966837893
1513.10791015625,20597478.0,1.8842459481807736,58.80210386159133,1471.74755859375,1474.4987036132814,0.9293886641526984
1463.9324951171875,27008814.0,-3.249960872518632,53.6410976213532,1469.7807861328124,1473.0449633789062,1.1817320633495494
1452.2830810546875,16431642.0,-0.7957616967555259,52.41848061600771,1467.5847473144531,1472.4347509765626,1.1889499795708733
1394.928466796875,37757294.0,-3.949272356471989,46.39905969488511,1462.25205078125,1470.9299047851562,1.4540887830697238
1374.653564453125,37072876.0,-1.453472549048096,44.27118955015544,1456.9751220703124,1468.865419921875,1.4552211102723194
1358.98876953125,22181340.0,-1.1395449244047784,42.627154532258224,1452.3104064941406,1466.5528491210937,1.4232450889051298
1385.3857421875,17020808.0,1.9423981454500967,45.39754173680104,1449.083270263672,1464.4396801757812,1.5107701005390635
1362.8306884765625,14310610.0,-1.6280702929224231,43.03036755314472,1444.7742309570312,1461.656552734375,1.5426022995817037
1359.31103515625,22358646.0,-0.2582604978059954,42.66097661388821,1440.7861694335938,1458.940373535156,1.539855480299017
1360.35205078125,7980122.0,0.0765840634024073,42.770232186668686,1435.4472778320312,1456.39767578125,1.4519878824262273
1360.7734375,12221432.0,0.0309762990034823,42.8144571206788,1430.4851318359374,1453.6682543945312,1.454363240782018
1332.5174560546875,33762794.0,-2.0764648005787145,39.84896518843031,1424.173388671875,1450.6894091796876,1.5032710440835546
1342.4814453125,20034438.0,0.7477567526442686,40.89469526912992,1418.3127502441407,1448.937451171875,1.522989174644272
1344.811279296875,15543660.0,0.173546829456006,41.139213545641205,1413.00732421875,1447.0596704101563,1.5276234566193452
1347.66162109375,12082452.0,0.2119510626327647,41.43835960854272,1407.535821533203,1445.06548828125,1.5225280891849433
1357.4769287109375,14067408.0,0.7283213726322124,42.46848541067215,1401.749542236328,1443.57787109375,1.5054095844602688
1331.84814453125,15831960.0,-1.8879719896252367,39.77872031207532,1394.3125122070312,1441.08017578125,1.5250160444518963
1327.064453125,17214742.0,-0.3591769396453004,39.27666738218305,1386.8345886230468,1438.7570483398438,1.524368022239667
1328.3287353515625,22155934.0,0.0952690898761821,39.409354995607934,1379.1930908203126,1436.3999194335938,1.519033279692539
1316.4808349609375,18597496.0,-0.8919403815719762,38.16590666271307,1370.7609069824218,1433.8409130859377,1.5090008668001869
1322.9251708984375,10824350.0,0.4895123245520771,38.842245804156185,1361.2517700195312,1431.0876879882812,1.418133301704133
1328.52685546875,12008361.0,0.4234317022260736,39.43014788897364,1354.481488037109,1428.1451000976565,1.2977676710132746
1332.3935546875,11984423.0,0.291051641359985,39.83596162295515,1348.48701171875,1425.1301391601562,1.3063992430872724
1320.64501953125,9331650.0,-0.8817616322833066,38.60294176522954,1344.7728393554687,1421.826171875,1.0188775546470048
1327.1884765625,2127335.0,0.4954743276563755,39.28968375905277,1342.3995849609375,1418.6639819335935,0.9924156903768674
1291.0009765625,19796890.0,-2.726628556460031,35.49177146547557,1339.0001953125,1414.741357421875,1.1281236082929966
1294.1240234375,16267479.0,0.2419089475296676,35.819538183817,1334.437109375,1410.6308544921876,1.0123109517517714
1314.0023193359375,21625209.0,1.5360425692149793,37.90578410763159,1331.995690917969,1407.158837890625,1.0463044163558917
1294.4710693359375,9611974.0,-1.4863938756113138,35.855960978542,1328.7536926269531,1403.3388256835938,1.0865869494240423
1272.7584228515625,19814406.0,-1.6773373309542985,33.5771982287222,1324.3740112304688,1398.6359375,1.1297455881400036
1261.802978515625,9056552.0,-0.8607638448302146,32.42741400143218,1319.42548828125,1393.9380053710938,1.1325039822949128
1263.33984375,10671091.0,0.1217991446004429,32.58870945890242,1315.9666076660155,1389.139443359375,1.0627690181604388
1241.3299560546875,14633633.0,-1.7421984911027644,30.278750963336808,1310.909033203125,1384.0419653320312,1.0840340195512557
1256.746826171875,12612633.0,1.2419639147505102,31.896766038889112,1306.505810546875,1379.14525390625,1.138005021359824
1249.9554443359375,13620611.0,-0.5403937924891689,31.184004102721,1301.6205017089844,1374.5405200195312,1.1314985242471476
1231.0189208984375,14183746.0,-1.5149758756049403,29.19659808791217,1295.2976013183593,1370.1152368164062,1.1281288674683454
1212.5286865234375,19433843.0,-1.5020268219358646,27.25603053160306,1289.331628417969,1365.3672412109374,1.105888620167191
1254.5655517578125,20471957.0,3.4668759346967004,31.667839229553472,1285.7066833496094,1361.4783227539062,1.4129680584400133
1275.9805908203125,28923341.0,1.706968522489305,33.91536779944377,1283.0892761230468,1358.2164892578126,1.4793597381692047
1284.606201171875,9247557.0,0.6759985546502145,34.820633750222505,1281.4955444335938,1354.566015625,1.4817731834530683
1282.1275634765625,9572746.0,-0.1929492238984531,34.560498383746484,1279.4556640625,1351.0082397460938,1.4750331388229418
1259.91943359375,15027412.0,-1.732131069906484,32.22973418342061,1276.02529296875,1347.03158203125,1.509568176119845
1281.1361083984375,13202307.0,1.6839707555085237,34.45644423715608,1273.462420654297,1343.460419921875,1.5670738874823045
1297.941162109375,11024152.0,1.3117305492189812,36.22015049160845,1272.3272277832032,1340.4008471679688,1.5922492771079269
1311.9698486328125,16869482.0,1.0808414844197145,37.69247438826071,1271.5662963867187,1337.4984106445313,1.6085771316094262
1297.74267578125,19608540.0,-1.0844130958031162,36.19931916405908,1271.9033813476562,1333.9892138671876,1.5029542124001243
1310.7305908203125,16858723.0,1.0008081942164404,37.56241311071997,1272.733709716797,1330.59205078125,1.5179125935216464
1300.3204345703125,9037514.0,-0.7942254741674204,36.469857382915215,1272.0496154785155,1327.0660009765625,1.4889943633301224
1284.0609130859375,14650002.0,-1.2504242071492144,34.76340525073724,1271.5291076660155,1323.1240454101562,1.4778386973418827
1273.8489990234375,16043729.0,-0.7952826815636138,33.69165522769275,1271.5836364746094,1318.89853515625,1.4387357605475277
1267.2559814453125,11724373.0,-0.5175666490439101,32.99971180767945,1271.8562866210937,1313.9814965820312,1.4297712928670958
1252.0870361328125,20906813.0,-1.1969914156727657,31.40771667447202,1271.2936462402345,1309.7445874023438,1.45555211665442
1261.951904296875,28630222.0,0.7878739959269243,32.44304390279149,1272.3247436523438,1305.9379638671876,1.40852904518816
1257.44091796875,9486781.0,-0.3574610341935624,31.96961162833913,1272.3594482421877,1303.188212890625,1.3849970941473901
1234.6376953125,17462791.0,-1.8134627504476253,29.57639187954881,1271.5935607910155,1300.3878955078126,1.4398790485448365
1242.5196533203125,12670179.0,0.6384025076941802,30.403610814687475,1272.1685974121094,1298.0585131835935,1.4047964289825674
1219.914794921875,14244653.0,-1.819275722362368,28.031209582051964,1272.5379028320312,1294.7490942382813,1.42495939650171
1194.980224609375,20312896.0,-2.0439599893611327,25.414302884299712,1269.558636474609,1291.3920849609376,1.2494257304410914
1211.834716796875,10052824.0,1.4104410968817094,27.18319775354758,1266.3513427734374,1288.44255859375,1.226714144307633
1212.28076171875,6734917.0,0.0368074058031631,27.23001058925818,1262.7350708007812,1285.4811328125,1.2095141460771446
1206.1339111328125,10016178.0,-0.5070484313569934,26.584892816350013,1258.9353881835937,1282.3883422851563,1.2103309789977563
1210.595458984375,7000397.0,0.3699048513918557,27.053136476006845,1256.469189453125,1279.94990234375,1.1698368073240464
1200.333984375,8818766.0,-0.8476386172787898,25.97618502677228,1252.4290832519532,1277.106953125,1.0903185103058555
1205.043212890625,6405475.0,0.3923265171965395,26.47042300598489,1247.7841857910155,1274.311591796875,1.0359467294566826
1210.7935791015625,5892590.0,0.4771917014613658,27.073929369372564,1242.7253723144531,1271.5742309570312,0.9997502870810169
1231.167724609375,15486276.0,1.6827100720942625,29.21221517787693,1239.3966247558594,1269.048046875,1.0870802165184956
1240.437744140625,15521102.0,0.752945301111696,30.18511248052107,1235.881982421875,1267.2198388671875,1.0733074927399229
1207.5714111328125,14816766.0,-2.649575374746626,26.735759798650992,1231.24453125,1264.8299780273437,1.1943775757331176
1230.2257080078125,10070505.0,1.876021299125341,29.113349646082032,1228.5527709960938,1262.8679174804688,1.2739924665277116
1254.664794921875,19346579.0,1.9865530979382928,31.67825489332816,1227.5935607910155,1261.6315966796874,1.3555382654476191
1244.0067138671875,12794704.0,-0.8494763778998937,30.559679223178527,1226.4310974121097,1260.0532275390624,1.3633528089427405
1231.266845703125,8120332.0,-1.0240996308177983,29.222618030257053,1225.390087890625,1258.10802734375,1.3564528214731917
1229.234375,13764861.0,-0.1650715042168071,29.009308310886173,1223.7542114257812,1256.04484375,1.341197399383574
1228.143798828125,13095266.0,-0.0887199539855831,28.894851311915627,1222.28935546875,1254.1948193359376,1.340067227895652
1241.478515625,9578856.0,1.0857618472363662,30.29434243051244,1222.631396484375,1252.4806201171875,1.3022908456535953
1255.6065673828125,14117603.0,1.1380021144143493,31.77709480233395,1223.2857421875,1251.7727319335938,1.3191424076253397
1291.19921875,29366277.0,2.8346977701285025,35.512577170235815,1226.8499633789063,1251.7142358398437,1.3791773254704978
1294.272705078125,14040244.0,0.2380334717906995,35.8351424623872,1231.8145874023437,1251.3196435546874,1.265326306743696
1262.7945556640625,14562976.0,-2.4321110451110406,32.53148095941716,1234.3625793457031,1250.68611328125,1.3905529498458813
1266.1654052734375,10273590.0,0.266935709712679,32.88525480870889,1237.0568115234375,1250.5542529296874,1.3899497029765397
1252.83056640625,8720682.0,-1.053167209564354,31.485750878717543,1239.391644287109,1250.3748046875,1.4103412603910892
1235.6292724609375,14235970.0,-1.3729944340881262,29.680458837533763,1240.6433349609374,1249.8205932617188,1.4524791205710788
1218.82421875,9536019.0,-1.3600401095603454,27.91675258308142,1241.5678466796876,1249.370478515625,1.4746544809187951
1223.8311767578125,10568025.0,0.4108023069107958,28.4422375536181,1242.5072448730468,1248.7121655273438,1.4748617248298914
1224.921630859375,5928156.0,0.0891016769528185,28.55668174119408,1243.2136474609374,1248.2114892578124,1.4720180922200181
1242.3214111328125,9269259.0,1.420481101409754,30.38280510992721,1243.7713317871094,1248.4375390625,1.4579825961835708
1254.2681884765625,6584612.0,0.96164947627011,31.63663067241309,1244.4628540039062,1249.2723291015625,1.4639739422843203
1253.7724609375,7118453.0,-0.0395232489843078,31.58460359911788,1246.772906494141,1249.2564672851563,1.318276878878668
1235.232666015625,9252345.0,-1.4787208604033264,29.63883461661869,1247.0232543945312,1248.4415087890625,1.3066566381439533
1274.196044921875,16691069.0,3.1543352097326283,33.728078022417776,1247.9998168945312,1248.2333056640623,1.4199442253180516
1267.2559814453125,10112028.0,-0.5446621423933262,32.99971180767945,1249.1622802734375,1247.9358740234377,1.410973527728682
1270.577392578125,9956001.0,0.2620947291978481,33.34829704217568,1251.1278076171875,1248.149033203125,1.3860357319140773
1255.8544921875,8764283.0,-1.158756678390982,31.80311474467883,1252.4588134765625,1247.6434008789065,1.416026529269858
1242.916259765625,6970972.0,-1.0302333990412138,30.445235035602547,1253.1974365234375,1246.5429028320314,1.4386827425393087
1224.2772216796875,8859714.0,-1.499621389573924,28.489050389328675,1252.337371826172,1244.7890502929688,1.4585849681789052
1206.1339111328125,21131654.0,-1.4819609664862288,26.584892816350013,1249.863739013672,1242.956875,1.463002267347808
1205.687744140625,8511216.0,-0.0369914972184526,26.538067169244872,1245.5881652832031,1240.8560180664062,1.2799156911655203
1206.827880859375,10298145.0,0.0945631838998872,26.65772559440547,1241.2159240722656,1238.9861669921877,1.2769378983862796
1214.412353515625,8166683.0,0.6284634931411404,27.45372316100918,1238.7968139648438,1237.5931958007814,1.1938944471321016
1214.908203125,6673250.0,0.0408304154630556,27.50576304569893,1236.233953857422,1236.4143798828125,1.1904211842191799
1216.9405517578125,6217338.0,0.1672841312277739,27.71905995367528,1234.439453125,1235.4080712890625,1.1755578312925696
1222.4429931640625,7795582.0,0.4521536732671194,28.29654637471804,1233.7801391601563,1234.8151904296874,1.1451462025346917
1217.634521484375,6904025.0,-0.3933493591583903,27.791892731730748,1233.720654296875,1233.9288427734375,1.106579405152063
1204.1510009765625,7172498.0,-1.1073536656446947,26.376784523169185,1232.7366455078125,1232.8630444335938,1.1288279645104848
1193.6912841796875,11552182.0,-0.8686383010429899,25.27902736917436,1231.1751281738282,1232.0441162109375,1.1417402989947645
1196.7647705078125,11509215.0,0.2574774875932162,25.60159266132573,1228.8972961425782,1231.1290185546875,1.0873164779549502
1189.82470703125,23007298.0,-0.5799020532345489,24.8732264465874,1225.6751220703125,1230.527216796875,1.056244423565366
1161.2216796875,17944938.0,-2.4039698599903736,21.87131171961392,1221.0475830078126,1229.8520458984376,1.1579183626244292
1151.9517822265625,11377373.0,-0.7982883563999676,20.898427228364326,1216.8835388183593,1228.6543872070313,1.1335640564301375
1165.5345458984375,8664095.0,1.179108698944109,22.32395110070058,1211.4504638671874,1227.719462890625,0.8677687302217864
1199.243408203125,14468014.0,2.892137553821139,25.86172802780176,1208.049835205078,1227.5816528320313,1.1428613996400783
1239.0992431640625,16474965.0,3.323414970498373,30.044635539205643,1206.475927734375,1228.151728515625,1.3949689119248243
1227.7967529296875,11931051.0,-0.9121537517458144,28.858428517190625,1205.0730407714843,1228.7009838867189,1.3863316846909923
1236.62060546875,10089838.0,0.7186737151737566,29.784500172729626,1204.758258056641,1229.3325317382812,1.3799661625381925
1246.287109375,11977555.0,0.7816871127249048,30.799008884894285,1205.8587524414063,1230.04240234375,1.3447487011205388
1237.215576171875,9505270.0,-0.7278847012767597,29.846942909799523,1207.4128356933593,1230.163359375,1.3082033366030434
1228.2427978515625,16640917.0,-0.7252396828106189,28.9052413529012,1208.5405883789062,1229.9194604492188,1.3219556934548244
1228.2427978515625,0.0,0.0,28.9052413529012,1209.6113342285155,1230.3328881835937,1.322148836952408
1236.471923828125,16162399.0,0.6699917956740187,29.76889589415943,1210.714312744141,1230.4578125,1.3230610020468232
1258.2835693359375,15971477.0,1.764022707469448,32.0580486849648,1212.8830810546874,1230.530187988281,1.3742400994108757
1265.4217529296875,21780769.0,0.5672953035154915,32.80720779306883,1215.3071411132812,1230.9584887695312,1.376885304504088
1290.9512939453125,20299319.0,2.0174729062875096,35.486557227890934,1218.7325561523437,1232.152177734375,1.434969369506418
1274.4439697265625,13713899.0,-1.2786945794292182,33.75409796476265,1221.5730285644531,1233.0563696289062,1.4701480003568952
1262.150146484375,12074747.0,-0.9646421132837424,32.46384960755175,1224.4729858398437,1233.7364965820314,1.463603884225575
1267.2559814453125,15028056.0,0.4045346724523613,32.99971180767945,1228.151220703125,1234.2520458984377,1.440089392938121
1264.1824951171875,18147129.0,-0.2425308203808707,32.67714651552809,1231.5221069335937,1234.423564453125,1.4453660088280658
1241.8751220703125,12099648.0,-1.7645690501992828,30.335966651427505,1234.1246276855468,1233.4370825195313,1.5056613863308836
1240.437744140625,10142590.0,-0.1157425496447039,30.18511248052107,1238.085430908203,1232.3603833007812,1.3768011719835935
1238.0086669921875,7434366.0,-0.1958241886714229,29.93017854023512,1242.3882751464844,1231.8646655273435,1.3570477647859476
1194.38525390625,17908652.0,-3.523675903814394,25.351860147229832,1243.830810546875,1230.4290625,1.5958174750221383
1155.7191162109375,22156106.0,-3.2373254415905106,21.293812487176588,1241.6545959472655,1228.4868334960938,1.6266061316439009
1172.0780029296875,19555040.0,1.4154725390701506,23.010693094523816,1238.303533935547,1227.2158081054688,1.4580269058255622
1175.2010498046875,10223104.0,0.2664538424229201,23.33845981286524,1235.6737487792968,1226.3433447265625,1.4544121050990404
1208.5133056640625,11224242.0,2.834600587270697,26.834612519051348,1234.2683837890625,1226.0369873046875,1.5955207132920781
1229.4822998046875,13378535.0,1.735106601006997,29.03532825323105,1233.4281433105468,1226.1282006835938,1.6370390417296115
1228.689208984375,8248464.0,-0.0645060787323625,28.95209262279545,1233.0018249511718,1225.855556640625,1.6293917301333178
1263.5877685546875,15398401.0,2.840308136111936,32.6147294012473,1234.769073486328,1226.0419482421876,1.7397103726137029
1284.4078369140625,10429964.0,1.6476946736505127,34.7998152340677,1237.577325439453,1226.6546557617187,1.770653267039431
1280.144775390625,13051707.0,-0.3319087131763432,34.35240290196022,1239.760968017578,1227.5528979492187,1.7719834691918657
1288.869384765625,10480888.0,0.6815330221019433,35.26805889372455,1241.2902587890626,1227.8463647460935,1.7375298092881761
1290.4556884765625,10468940.0,0.1230771503837102,35.43454296599029,1242.5419555664062,1228.3103588867189,1.7345435606611401
1289.2659912109375,14431012.0,-0.0921920276882537,35.309683114639626,1242.4576904296875,1228.684130859375,1.675739599238323
1357.0804443359375,31104496.0,5.259927244439733,42.42687400115162,1246.5895141601563,1230.7086499023435,2.0151840295874237
1387.7156982421875,32538970.0,2.2574383142954124,45.64207282470687,1252.8677917480468,1233.604638671875,2.0346184987235088
1392.9703369140625,25480745.0,0.3786538322317012,46.19355211479932,1259.1535095214845,1236.9785009765626,2.0346872219034062
1407.6436767578125,13007841.0,1.0533849468939094,47.7335329861061,1266.3265686035156,1241.0086962890623,2.0306414800725787
1419.0452880859375,12685649.0,0.8099785134819015,48.93014286050128,1275.185076904297,1245.2758471679688,1.9558590431033118
1408.7342529296875,14084117.0,-0.7266177649733696,47.84798998507664,1283.59990234375,1249.313974609375,1.97374501673473
1393.9617919921875,13440169.0,-1.04863361608325,46.29760626138973,1291.39755859375,1252.9049633789064,2.002137187628791
1394.9532470703125,16106175.0,0.0711249823216464,46.40166040798015,1301.425958251953,1256.5058642578124,1.7575577700276517
1365.4083251953125,13668904.0,-2.11798653016152,43.30089296060631,1311.910418701172,1259.4752197265625,1.6360628509402195
1424.2005615234375,10674081.0,4.305835495745569,49.47119367542447,1324.5165466308597,1263.51037109375,1.807363748079165
1403.57861328125,11407896.0,-1.4479665855579138,47.30690073596977,1335.9354248046875,1267.2292529296874,1.8827777243398311
1412.204345703125,5570160.0,0.6145528537022882,48.21217949814309,1346.1199768066406,1271.3903198242188,1.827884069526884
1441.7491455078125,20177211.0,2.092105147146905,51.312934134122365,1356.7333190917968,1276.351477050781,1.8392305297912028
1443.9302978515625,9036695.0,0.151285149052871,51.54184813206344,1367.4953735351562,1281.2947875976563,1.8344243731765533
1428.4638671875,6195791.0,-1.0711341598050206,49.918631630321066,1375.7391784667968,1286.0675708007811,1.8167999356886058
1412.4024658203125,11270560.0,-1.1243827538186757,48.23297239150879,1382.1389099121093,1291.0911865234375,1.840698209176072
1416.9630126953125,6136364.0,0.3228928712150969,48.711606092151214,1388.9798217773437,1296.3914111328124,1.8310722703785807
1397.332763671875,12134466.0,-1.3853748367148475,46.65139292207603,1394.4029907226563,1301.0273754882812,1.8794405537277863
1414.5838623046875,6474883.0,1.2345734016484755,48.46191201223897,1400.6093994140624,1305.3341845703126,1.8865779127766675
1422.5152587890625,4842944.0,0.5606876125006099,49.29431956217316,1407.2718627929687,1309.0025048828124,1.8818555400475039
1409.9239501953125,12640414.0,-0.8851440092437768,47.97284983642732,1409.9140380859376,1312.645048828125,1.5351463933860476
1400.8028564453125,5944611.0,-0.6469209739104365,47.01558243514248,1410.5683959960938,1315.9286938476562,1.4663312789844924
1405.660888671875,13771917.0,0.3468034209246351,47.52543750431983,1411.2029235839843,1319.1161694335938,1.4659808643320833
1408.7342529296875,13788484.0,0.2186419414939022,47.84798998507664,1411.2574523925782,1322.54654296875,1.4478445127163377
1401.5958251953125,8098668.0,-0.5067263552035794,47.0988052541835,1410.3849792480469,1326.013603515625,1.4396447225679405
1393.466064453125,11252626.0,-0.5800360272230853,46.24557918809453,1409.6215698242188,1329.318068847656,1.4363996508002401
1411.3118896484375,8126827.0,1.2806788518611167,48.11851539253824,1410.4890747070312,1332.8148681640623,1.4451282353382233
1430.0501708984375,13716817.0,1.3277207814544667,50.085115702586805,1412.2439208984374,1336.2502001953126,1.4721665840749931
1431.140625,8182161.0,0.0762528562810782,50.19955989016278,1415.530535888672,1339.5645776367187,1.3739523148614203
1436.3953857421875,7885125.0,0.3671729144148594,50.7510519916498,1416.1402770996094,1342.4734594726565,0.9896803406331941
1426.1834716796875,7913181.0,-0.7109403277025583,49.67930196860528,1417.2705200195312,1345.5082495117188,0.9437284855284751
1436.4945068359375,8195700.0,0.7229809741173154,50.76145484402992,1418.4850280761718,1348.99513671875,0.9472408349680779
1429.2569580078125,8828114.0,-0.5038340761961302,50.00186726075666,1417.860418701172,1352.23515625,0.8288548454003715
1415.67431640625,9757276.0,-0.9503288772156672,48.576356199814974,1416.4476196289063,1355.2649926757813,0.8517446073337773
1425.489501953125,8458093.0,0.6933222869926148,49.60646919054983,1416.2989013671877,1358.9372802734374,0.836596792155022
1418.9459228515625,10366599.0,-0.4590408482557651,48.91971438533203,1416.62607421875,1362.5074438476563,0.802357802001636
1417.85546875,6681735.0,-0.0768495884163833,48.805270197756045,1416.6706970214843,1366.1043798828125,0.7995512208845877
1421.028076171875,10007230.0,0.223760989169941,49.13823834228754,1417.8554626464845,1370.637236328125,0.7300975192361611
1453.6463623046875,29010635.0,2.29540053991637,52.561558270418175,1419.8085876464845,1376.59578125,0.8470509939022917
1444.326904296875,5989078.0,-0.6411090241396078,51.58347235297851,1420.899169921875,1382.0407592773438,0.8581675987227441
1438.378173828125,16402744.0,-0.4118687016805178,50.95914747343606,1422.3218811035156,1387.3043017578125,0.8364146898829792
1454.737060546875,7525851.0,1.1373147212886403,52.67602808078327,1425.0185913085938,1392.2287768554688,0.8472725663969339
1482.4971923828125,14657893.0,1.908257690602988,55.589480128342,1428.8604064941403,1397.2890747070312,0.9301318497893981
1502.425048828125,11117052.0,1.3442087140335568,57.68092747834665,1433.5449462890624,1402.7637915039063,0.9603861413210649
1487.7518310546875,8409527.0,-0.9766355922302016,56.14095941843442,1437.8527465820312,1407.2470727539062,0.9872247798026279
1515.3138427734375,10368523.0,1.8525947099128133,59.03361857262743,1443.945135498047,1411.8651928710938,1.0219095983848163
1505.796142578125,6361002.0,-0.6281009205256427,58.034726950427526,1448.669348144531,1416.378220214844,1.0269056468004742
1504.8045654296875,11283291.0,-0.0658506899041344,57.93065999244256,1452.4070678710937,1420.696923828125,1.0026009128874112
1514.223388671875,6603501.0,0.6259167109516239,58.919174385051456,1456.5612060546875,1425.172277832031,1.004834882792613
1528.3016357421875,7251074.0,0.9297338276263556,60.39669970789381,1461.1565185546874,1429.9529907226563,1.015010152611281
1524.43505859375,7171261.0,-0.2529982994201152,59.99089878530683,1466.0690979003907,1433.3000830078124,0.9956177795903774
1505.9942626953125,8870660.0,-1.2096806482165712,58.05551984379322,1469.5440856933594,1435.665654296875,1.0486963111167202
1504.209716796875,10047129.0,-0.118496195014961,57.868230066767225,1473.2917236328126,1437.8904418945312,1.0377608201585522
1482.3980712890625,7234991.0,-1.4500401948113415,55.57907727596185,1476.627911376953,1439.3855297851562,1.0738478712198556
1470.9964599609375,10311846.0,-0.7691329035668826,54.38246740156669,1478.9032592773438,1440.4245532226562,1.090726990931892
1472.6820068359375,8132454.0,0.1145853794267237,54.55936713760712,1481.5900634765626,1441.703508300781,1.0810114380790699
1472.8802490234375,10409983.0,0.0134613030226438,54.58017284236738,1484.3413024902345,1443.2818774414063,1.0800194492137372
1463.759033203125,11854613.0,-0.6192774888766461,53.62289262968798,1486.477850341797,1444.6579931640624,1.0952260189949135
1463.3624267578125,10296318.0,-0.0270950638948108,53.58126840877291,1486.9636535644531,1446.6170751953125,0.9724624655862973
1416.3682861328125,22442744.0,-3.211380842210021,48.64918897787043,1485.56572265625,1446.4604296875,1.2081711026677109
1400.70361328125,20396320.0,-1.1059745551301958,47.00516677136779,1483.6819946289063,1446.4029296875,1.2276931976890764
1412.4024658203125,8354596.0,0.8352125623248163,48.23297239150879,1481.5652648925782,1446.4068920898435,1.2131110087833752
1390.8883056640625,14740507.0,-1.5232315630201554,45.97504096923837,1476.984820556641,1445.3896752929688,1.149065364350609
1379.7841796875,11854722.0,-0.7983477847461673,44.80965246337816,1470.8527770996093,1444.1067529296874,1.0845854171078084
1375.7193603515625,7748361.0,-0.2945981984557977,44.38304583603095,1465.251153564453,1443.051862792969,1.076831799979336
1404.966796875,10750072.0,2.125974044296597,47.45259191486981,1459.733801269531,1442.9031494140625,1.1080154229295993
1398.0267333984375,7209849.0,-0.4939663693119933,46.72422570013151,1454.3453308105468,1442.524423828125,1.1067855458630167
1378.2969970703125,17065827.0,-1.411256012262685,44.65357124349254,1448.019952392578,1442.1437084960935,1.1283386425520943
1381.76708984375,10321171.0,0.2517666933043783,45.01776075655896,1441.3971374511718,1441.487373046875,1.1128706669180657
1399.4146728515625,6312820.0,1.2771749405182442,46.86989125624243,1434.9527893066406,1441.025361328125,1.1379826468610388
1379.7841796875,9315972.0,-1.4027645661354835,44.80965246337816,1427.720245361328,1440.4225659179688,1.1572697155898037
1380.8748779296875,5834312.0,0.0790484670170954,44.92412227374325,1421.4642761230468,1440.0240063476565,1.1510001375736707
1377.50390625,9976705.0,-0.2441185464059914,44.57033561305694,1415.1289855957032,1439.4608666992187,1.149573227292313
1356.0888671875,8793606.0,-1.5546263763997925,42.32280704316664,1408.813525390625,1438.407958984375,1.154671170162558
1374.331298828125,9997486.0,1.345223906930193,44.23736746852545,1403.9802673339843,1437.8626684570313,1.2178162236667949
1368.5810546875,12244664.0,-0.4184030550368867,43.63387391653235,1398.7752197265625,1437.3649682617188,1.2133479252236885
1370.7620849609375,7457021.0,0.159364347911084,43.86277510307888,1393.6693115234375,1436.5539721679688,1.2161396904870252
1367.4774169921875,7126128.0,-0.2396234915443829,43.51804609834424,1388.8552307128907,1435.3025170898438,1.2147031763015246
1375.3409423828125,11785109.0,0.5750387752597064,44.34333051290482,1384.4541564941403,1434.1865234375,1.2300384280077992
1413.564208984375,14384719.0,2.77918481328272,48.35489843350595,1384.3139526367188,1433.7298999023435,1.21368163043381
1406.4969482421875,8725641.0,-0.4999603624136206,47.61318274563944,1384.6036193847656,1433.3361694335938,1.1920664862056873
1418.24267578125,11021323.0,0.8351050852788644,48.84590794129024,1384.8956298828125,1432.9711328125,1.19206265293138
1402.71435546875,5818868.0,-1.0948986783200665,47.21619606250756,1385.4869323730468,1432.440280761719,1.166308168052645
1406.0987548828125,5979407.0,0.2412750251587381,47.57139197659512,1386.8026611328123,1432.24876953125,1.1496140666300498
1378.5262451171875,12145259.0,-1.960922706877932,44.67763104247023,1386.9430053710937,1431.3095043945314,1.2368463696750986
1379.521728515625,13161813.0,0.0722135978160398,44.782107965081,1385.670751953125,1430.5210205078124,1.1335120046999376
1350.9537353515625,18758842.0,-2.070862138199292,41.783870108345326,1383.3171020507812,1429.1829858398437,1.2153274092677102
1347.6689453125,11232238.0,-0.2431460051596556,41.43912829221612,1381.7856994628903,1427.7158032226562,1.1797864287207995
1360.2109375,11517006.0,0.93064340698239,42.75542221456101,1380.7078918457032,1425.8470947265623,1.2002017623738865
1366.2828369140625,7847563.0,0.4463939560155561,43.3926737912113,1379.051300048828,1424.2862133789065,1.1649161139847206
1353.0440673828125,13223177.0,-0.9689625876550978,42.003252428736126,1377.7142944335938,1422.57953125,1.1434846260696068
1368.671875,5777575.0,1.1550109855192223,43.643405594082616,1377.1041442871094,1420.8582275390625,1.1767623177706161
1372.15576171875,6986720.0,0.2545450653576031,44.00904279473399,1376.836737060547,1418.6513989257812,1.1774434843017303
1369.8662109375,9754452.0,-0.1668579358936717,43.76875227842645,1377.5256042480469,1416.0002221679688,1.1213594993051588
1370.66259765625,7790815.0,0.0581360947800035,43.85233381651508,1377.3421691894532,1413.6584375,1.0796662646344992
1376.9337158203125,9766072.0,0.4575245705825681,44.51049358908208,1377.7598022460938,1410.8908349609376,1.0799010388195525
1388.579833984375,7403368.0,0.8458009292861446,45.732764686774544,1378.6506896972655,1408.5465087890625,1.0948345857538344
1392.8599853515625,5396697.0,0.3082394877438332,46.18197061411997,1379.9198181152344,1406.3076171875,1.0935256207349584
1398.8323974609375,8686961.0,0.4287876866437168,46.80878090420646,1381.0943908691406,1403.9997973632812,1.090650635589245
1407.2933349609375,7519417.0,0.6048571305152572,47.69676428372807,1380.780847167969,1401.5796313476562,0.9002751532951836
1408.4876708984375,9332642.0,0.0848675899920436,47.8221109680719,1380.8803833007812,1399.26068359375,0.8932795976013591
1400.9227294921875,13461373.0,-0.5370967430211482,47.02816322459727,1380.014385986328,1397.1592529296877,0.8792288977144421
1384.199951171875,7757970.0,-1.193697408733907,45.2730918500762,1379.0886657714843,1394.7590576171874,0.8856173027999289
1383.40380859375,14014702.0,-0.0575164431591668,45.18953593477668,1377.9539184570312,1392.7791723632813,0.8827357826965129
1376.635009765625,5922759.0,-0.4892858315176718,44.47914410660157,1377.859356689453,1390.891943359375,0.7718579066291652
1366.0838623046875,11411143.0,-0.7664448009885971,43.3717912180837,1377.1874633789062,1388.75998046875,0.7900646265239675
1371.2598876953125,9879109.0,0.3788951420517161,43.91501997008156,1378.2027709960937,1386.7275732421874,0.6341182975115358
1366.48193359375,14231999.0,-0.3484353436162157,43.41356917573344,1379.1434204101563,1384.78203125,0.6373408484545382
1357.722412109375,14604684.0,-0.6410272444172027,42.49424912512587,1379.018994140625,1382.6692309570312,0.6225246494014065
1362.4007568359375,12045916.0,0.3445729911237372,42.98524582151562,1378.8248901367188,1381.5898803710938,0.6190254292225466
1357.125244140625,12842347.0,-0.3872217971725433,42.43157578295396,1379.0289489746094,1380.7183129882812,0.5844124570121194
1368.671875,12396580.0,0.8508154209957652,43.643405594082616,1379.0289489746094,1379.843701171875,0.5565201961465801
1378.4267578125,11244040.0,0.712726183001311,44.66718975590642,1379.3424987792969,1379.5944702148438,0.5765559741325702
1361.1068115234375,8525081.0,-1.2565010212474692,42.84944503921344,1378.9045288085938,1379.2209228515626,0.6432091211938564
1371.458984375,8826633.0,0.7605702038898432,43.93591535460371,1378.9443481445312,1379.1357153320312,0.6670179046163923
1375.3409423828125,6373084.0,0.2830531610525488,44.34333051290482,1378.8647094726562,1378.5431982421876,0.6619097327060495
1368.671875,7600682.0,-0.4849028467994398,43.643405594082616,1377.8693115234375,1377.9561010742189,0.6384902298111474
1369.5677490234375,9768174.0,0.0654557195045368,43.73742841873505,1376.7046997070313,1377.7815161132812,0.6332018242032055
1367.97509765625,10882743.0,-0.1162886150263942,43.57027815395236,1375.1618347167969,1377.5056762695312,0.6216680594091833
1391.8646240234375,12315932.0,1.7463421964418302,46.07750650290375,1374.390399169922,1377.3546752929688,0.7331239714217971
1410.279541015625,19335561.0,1.3230393728203227,48.0101694287713,1374.4799926757812,1377.9645825195312,0.7950063967634968
1460.04931640625,24721978.0,3.5290716445324666,53.23355434910653,1377.4363220214843,1379.5480712890626,1.1067210252561406
1458.4566650390625,2066169.0,-0.1090820254693647,53.06640408432384,1381.1491577148438,1381.1671264648437,1.0597579695687827
1441.7340087890625,18707090.0,-1.14659946029676,51.31134552119732,1384.0656677246093,1382.880029296875,1.1043470058724443
1444.9193115234375,9700837.0,0.2209355342217556,51.64564605076272,1387.4798828125,1384.2917895507812,1.0919441745139533
1477.2696533203125,14113867.0,2.2389029988648,55.04084496784116,1393.0391723632813,1386.4655615234376,1.1502356389169293
1480.056884765625,17631577.0,0.1886745212052565,55.33336753975679,1398.479022216797,1388.6514575195313,1.151189857205772
1497.277099609375,11884745.0,1.163483310742941,57.140645347096864,1405.018780517578,1391.247451171875,1.1498772031037392
1481.6494140625,9318663.0,-1.0437403705000348,55.500504993144936,1411.2151306152343,1393.373620605469,1.173534100736994
1479.5592041015625,8758053.0,-0.1410731810844834,55.28113548414868,1417.0730529785155,1394.6935205078123,1.1807057729276471
1477.866943359375,8452085.0,-0.114376007225414,55.10353112140762,1423.1101379394531,1396.1209204101565,1.1724367021021063
1466.3203125,10007806.0,-0.7813038184024901,53.89170131027898,1427.9925598144532,1397.0824731445311,1.1983769021001933
1489.2144775390625,16772678.0,1.561334508149126,56.29446554801414,1433.5319458007812,1398.8124755859376,1.2265169640158227
1471.19775390625,7821765.0,-1.209813892125544,54.40359339119088,1439.0364929199218,1400.114455566406,1.223249708356428
1482.44580078125,7068438.0,0.7645503023053557,55.58408653123357,1444.5858337402344,1402.1928466796876,1.2233123452040282
1486.5269775390625,7127506.0,0.2753002339553889,56.0124098854514,1450.1451354980468,1404.332951660156,1.22335154215958
1504.5435791015625,12384459.0,1.211992909292925,57.90326923088009,1456.938720703125,1407.4047485351562,1.2178365441159518
1503.9464111328125,7196443.0,-0.039690971869799,57.84059588870818,1463.6576538085938,1410.5302978515624,1.2199515073385998
1511.9095458984375,7682823.0,0.5294826136542197,58.67633440122712,1470.8543762207032,1413.5642700195312,1.2119676984932546
1511.3123779296875,5871416.0,-0.0394975989383761,58.61366105905521,1476.8267639160156,1416.4648608398438,1.1813590820050177
1512.4072265625,11045042.0,0.072443569496361,58.72856645683524,1481.933148193359,1419.6521240234374,1.1639630563312893
1511.9095458984375,5692366.0,-0.0329065251290616,58.67633440122712,1484.5261596679688,1422.5168774414062,0.8942443580015701
1541.9705810546875,18171724.0,1.988282648112172,61.83126842478715,1488.70185546875,1425.913173828125,0.9778239964341928
1539.4820556640625,9615271.0,-0.1613860485537244,61.57009533535203,1493.5892578125,1429.3054907226565,0.9254079886970348
1528.831298828125,18433951.0,-0.6918402716518335,60.4522883488758,1497.7848571777345,1432.4688647460937,0.953291607992646
1532.61376953125,15033482.0,0.2474092927077231,60.84926222061311,1500.5520629882812,1435.5824658203126,0.8353895229573219
1562.6748046875,14054299.0,1.9614227507197768,64.00419624417313,1504.682958984375,1439.064365234375,0.9247981386695348
1556.2047119140625,9794643.0,-0.4140396168178739,63.32515389847855,1507.6293395996097,1442.331259765625,0.9123102846045802
1560.285888671875,8959508.0,0.2622519213936192,63.75347725269636,1511.5611633300782,1445.5603295898438,0.864294610733037
1558.892333984375,8920233.0,-0.0893140608152376,63.60722237243584,1515.5278198242188,1448.5923095703124,0.86309948568234
1539.1834716796875,11389150.0,-1.2642863060538412,61.538758664266055,1518.5936462402344,1451.2062255859375,0.925731125224142
1531.718017578125,6090883.0,-0.4850269145247221,60.75525220735525,1521.8635314941407,1453.8221313476563,0.9113334400599873
1528.53271484375,11867930.0,-0.2079562098127874,60.42095167778984,1523.829443359375,1456.708786621094,0.8588777847940369
1533.5096435546875,10183266.0,0.3256017134998901,60.94328504526554,1526.9450378417969,1459.7109033203126,0.7989846495355922
1535.898681640625,11301491.0,0.1557889183141814,61.19401684813688,1529.6176818847655,1462.8961767578126,0.7882964654310194
1522.3612060546875,11503971.0,-0.8814042063944538,59.77324600318119,1531.4093933105469,1466.0217236328126,0.8226363242046492
1529.8267822265625,7991629.0,0.4903945359473916,60.55676527148659,1532.6735534667969,1469.1930615234376,0.7874009029113475
1537.889404296875,4706197.0,0.5270284298839245,61.40294507056932,1534.370703125,1472.6212109375,0.7928074061268037
1549.3365478515625,5106655.0,0.7443411420030577,62.60433359513418,1536.2420532226563,1476.4534936523437,0.800146583779065
1549.037841796875,5774543.0,-0.0192796106889603,62.572984112653664,1538.1283264160156,1480.1862353515626,0.7999400796365653
1535.201904296875,11731856.0,-0.8931955777110256,61.1208894080066,1539.2680603027345,1483.7477685546876,0.8318708633814628
1537.292236328125,7116649.0,0.136160072847713,61.3402717283974,1540.537194824219,1487.12017578125,0.8315424731536731
1537.292236328125,6580829.0,0.0,61.3402717283974,1540.3032775878903,1490.2974853515625,0.7007899988657729
1557.8968505859375,13937275.0,1.3403186310904314,63.50274544982504,1541.2240173339844,1494.2332861328125,0.7618302729202721
1568.1495361328125,10184852.0,0.658110679344337,64.5787744786515,1543.1899291992188,1498.167097167969,0.7512335744505371
1563.4710693359375,7506564.0,-0.2983431547231463,64.08776497086721,1544.7327941894532,1501.9296997070312,0.756626054170822
1551.0286865234375,8815745.0,-0.7958179116025921,62.78192514648069,1544.15048828125,1505.5768359375,0.6426935827350092
1552.0240478515625,2311495.0,0.0641742694234892,62.88638925769692,1543.941455078125,1509.2259619140625,0.6367346946524097
1538.4866943359375,5972105.0,-0.8722386443924313,61.4656312241358,1542.851495361328,1512.6361938476562,0.6611280769511747
1532.71337890625,8815884.0,-0.3752593669443138,60.85971631857148,1541.542547607422,1515.4531689453124,0.6646899065218571
1563.172607421875,5771830.0,1.987274916159532,64.05644111117581,1542.7420043945312,1518.5110302734374,0.7523103644909025
1568.3485107421875,6408128.0,0.3311152777202952,64.5996570517791,1544.5735290527343,1520.6770141601562,0.742112597830992
1584.9718017578125,6602230.0,1.0599232824698213,66.34428713973637,1547.3954833984376,1523.2073168945312,0.7663063778505498
1570.8370361328125,8704973.0,-0.8917991859113128,64.86083014121424,1549.2618530273437,1525.7893774414065,0.8020055387681951
1500.6614990234375,27417125.0,-4.467397667305939,57.49584126118443,1547.4999938964845,1526.9042211914064,1.302354127158481
1497.277099609375,11199340.0,-0.2255271702689021,57.140645347096864,1546.2457885742188,1527.3043701171875,1.2900485448980288
1463.831787109375,16518684.0,-2.233742338590872,53.63052822084384,1542.9460388183593,1526.9798681640625,1.3686283276924796
1468.51025390625,8335311.0,0.3196041265173921,54.12153772862813,1539.477081298828,1526.40453125,1.3635160404556543
1476.373779296875,8883745.0,0.5354763693142806,54.94682214318873,1535.8289428710937,1526.2990185546876,1.3565104958716996
1446.11376953125,13499760.0,-2.049617122029645,51.77100554650109,1530.6827392578125,1525.6301098632812,1.4144846998474554
1452.086181640625,8321764.0,0.4129973889475558,52.39781583658758,1526.526953125,1525.1144946289062,1.4174359080452346
1452.086181640625,0.0,0.0,52.39781583658758,1522.266650390625,1524.8298120117188,1.4157173318082308
1451.1903076171875,17167161.0,-0.0616956510408606,52.30379301193515,1517.9615539550782,1524.0693286132812,1.4151536000542584
1407.0941162109375,20392765.0,-3.038622238226951,47.67585608781136,1510.421417236328,1522.787255859375,1.4884253145435966
1387.5843505859375,13189498.0,-1.3865288327362555,45.628287764163744,1501.3931579589844,1520.8900268554687,1.475063936911479
1398.1356201171875,17352720.0,0.7604056306050433,46.73565346407618,1493.1263854980468,1519.1221997070313,1.505125247026574
1396.0452880859375,15721693.0,-0.1495085313021893,46.51627114368537,1485.377215576172,1516.952233886719,1.5064251699771796
1379.720703125,9837802.0,-1.169344941761841,44.8029905382086,1476.7620483398437,1514.4677197265626,1.506756939012371
1374.146484375,26302396.0,-0.404010662257559,44.21797101716645,1468.5450378417968,1511.712458496094,1.5055444176328507
1390.2718505859375,11121657.0,1.173482332072617,45.91034342672648,1461.4229614257813,1509.2916479492187,1.5541744612502544
1384.59814453125,20846683.0,-0.4081004770611129,45.31488261912051,1452.49423828125,1506.7354663085937,1.44275118638169
1388.9779052734375,11239835.0,0.3163199921570214,45.77454264442429,1443.5257080078125,1504.2768334960938,1.4422552318943205
1384.0009765625,15711165.0,-0.3583159020774884,45.2522092769486,1433.4771667480468,1501.11744140625,1.3905222623767703
1430.4859619140625,25456171.0,3.3587393461975035,50.13085238115463,1426.4596130371094,1498.93751953125,1.6540889862851749
1450.095458984375,8333387.0,1.370827648254158,52.18888761415512,1423.9313110351563,1497.362802734375,1.404876749250099
1436.757080078125,11763658.0,-0.9198276446980902,50.78901215372162,1420.9053100585938,1495.4456689453125,1.4150740434588227
1444.123046875,8277304.0,0.5126800416723531,51.56207732406865,1419.919873046875,1493.0746337890623,1.3381467153358069
1454.873291015625,5775864.0,0.7444133077086468,52.69032559710867,1419.2380249023438,1491.0480053710935,1.347813410220676
1451.7874755859375,10259630.0,-0.2121020056346845,52.36646635410707,1418.0087097167968,1488.878037109375,1.3414229343504742
1461.9405517578125,7106877.0,0.699350031779078,53.43204128497519,1418.800048828125,1486.9390014648438,1.267274425926692
1442.231689453125,11135399.0,-1.348130215075427,51.36357757680543,1418.30732421875,1484.9999658203126,1.3023076393220387
1413.0665283203125,10755693.0,-2.022224400288386,48.30266637789784,1416.3563415527344,1482.6269360351562,1.3765684099173137
1430.4859619140625,5896514.0,1.2327398069824858,50.13085238115463,1415.3211242675782,1480.6660009765626,1.409833968861078
1416.450927734375,10731630.0,-0.9811374982602316,48.65786229198539,1415.78896484375,1478.3248266601563,1.246879733615744
1434.666748046875,5521096.0,1.2860184532927257,50.5696298333308,1418.143084716797,1476.300187988281,1.2289774261058917
1403.0130615234375,11884664.0,-2.2063441957186347,47.24754554498807,1418.3869567871093,1473.9132250976563,1.3294257999747063
1412.8675537109375,8177670.0,0.7023806447532088,48.28178380477024,1419.228070068359,1471.5740405273436,1.3371389179679851
1421.4278564453125,7758856.0,0.6058814721798367,49.18019565946108,1421.313427734375,1469.2448095703126,1.309284169071689
1422.2242431640625,12529409.0,0.0560272345261125,49.26377719754971,1423.717315673828,1466.7025634765623,1.3029326236090404
1392.063720703125,10728792.0,-2.120658722132207,46.09840188742589,1423.8069091796874,1463.5630810546877,1.376864713014859
1400.3255615234375,16683858.0,0.593495879350936,46.96548988242535,1424.593280029297,1460.8655541992186,1.3788630131568915
1387.48486328125,12031440.0,-0.916979493555614,45.61784647759994,1424.5186279296877,1457.8694067382812,1.394544281618526
1351.75,23728722.0,-2.575513739064584,41.86743883503941,1422.9060791015625,1454.1585620117187,1.5083354245771128
1338.8099365234375,32495007.0,-0.9572822989874274,40.50936695504475,1418.3222778320312,1449.7768237304688,1.2774668769826059
1383.005615234375,25957532.0,3.301116723536035,45.14774516573237,1414.9677856445312,1446.0739453125,1.4704936921845049
1398.334716796875,19311971.0,1.1083904066363504,46.75654884859834,1413.0466674804688,1442.7712182617188,1.4899564871236577
1417.4462890625,24870822.0,1.3667380231682458,48.76232640320162,1411.7128295898438,1440.0995703125,1.521104704112804
1402.3162841796875,18071259.0,-1.067412924183497,47.17441810485781,1409.084979248047,1437.1054150390626,1.5232355216565958
1383.8017578125,21848087.0,-1.320281777802923,45.23130108103188,1405.685693359375,1434.0117163085938,1.544744714656463
1385.7926025390625,20939959.0,0.1438677697381818,45.44024211485889,1401.8782958984375,1431.07330078125,1.5321322501158479
1374.3455810546875,17265090.0,-0.8260270305528894,44.23886640168859,1398.4839904785156,1427.2967602539063,1.5169164037275618
1388.6793212890625,22837802.0,1.0429502180503425,45.74320597333834,1397.264630126953,1423.7033764648438,1.4807072423713672
1391.167724609375,19007744.0,0.1791920771170296,46.00436625137891,1395.2987182617187,1419.827294921875,1.450098767219912
1401.6195068359375,9559327.0,0.7512956232144763,47.10129066472752,1394.557147216797,1416.4429443359377,1.4482770996022603
1378.4267578125,16498373.0,-1.6547107763784985,44.66718975590642,1391.745147705078,1413.9982495117188,1.4555441634199473
1407.8905029296875,22994918.0,2.13749079885428,47.75943762589998,1391.9890197753907,1412.210517578125,1.4628564550470362
1401.3209228515625,18979554.0,-0.4666257826481779,47.069953993641576,1391.411688232422,1410.960300292969,1.457817295842386
1405.302490234375,18620893.0,0.2841295892956674,47.48782324990104,1390.605419921875,1409.6961450195313,1.4521841483324265
1406.596435546875,19041331.0,0.0920759282426297,47.62362403220324,1389.8240295410155,1408.3005981445312,1.4523411701809947
1341.8956298828125,23266517.0,-4.599812997457741,40.8332133866518,1387.315625,1406.2162353515623,1.7199461000753384
1337.7149658203125,24393861.0,-0.3115491227037581,40.39444874587017,1384.1850952148438,1403.9288110351563,1.7107045149159765
1362.8984375,14404619.0,1.882573816032962,43.037477877123735,1382.9557739257812,1402.1450561523438,1.7639035767145217
1344.2845458984375,21280051.0,-1.3657577915861752,41.08393237812857,1382.582501220703,1400.006940917969,1.6929387262676083
1298.6953125,29274881.0,-3.3913380569266627,36.29929928718041,1380.5767700195313,1397.83896484375,1.8449829026646587
1298.5958251953125,28388922.0,-0.0076605577713162,36.28885800061661,1376.3562805175782,1396.0591943359375,1.659623636583983
1341.5970458984375,21817543.0,3.3113629251547483,40.80187671556583,1373.5193969726563,1394.9284228515626,1.8231455838130586
1323.87890625,20725390.0,-1.3206752133664734,38.942341229828536,1368.8410278320312,1393.4850952148438,1.801198135991627
1343.9859619140625,19364461.0,1.518798703502089,41.052595707042606,1365.92451171875,1392.770400390625,1.8375865160979863
1309.0474853515625,28753269.0,-2.599616182950437,37.38576960257068,1362.1867980957031,1391.4684204101563,1.8999888715223732
1337.9140625,15313779.0,2.205158901526394,40.41534413039231,1359.79287109375,1390.4212646484375,1.9773807388054034
1337.1177978515625,30211012.0,-0.0595153807524506,40.33177540369826,1357.9314819335937,1389.4716577148438,1.9711483430146002
1358.7178955078125,13869105.0,1.6154221932395352,42.59872604773667,1356.4334106445312,1388.8664575195312,1.992939527133429
1357.0257568359375,13614733.0,-0.1245393674043415,42.42113449639015,1354.7263122558593,1388.326953125,1.9919373592624052
1347.07177734375,27293629.0,-0.733514411354752,41.376454950044206,1351.99892578125,1386.6586694335938,1.9859971768561437
1355.8311767578125,9525953.0,0.6502548387833373,42.29576218925721,1350.8691467285155,1384.7733837890626,1.9626207327851026
1337.21728515625,16385079.0,-1.3728767947403075,40.342216690262056,1347.3354858398438,1382.782587890625,1.9116679669200722
1321.6890869140625,11744802.0,-1.1612322406057696,38.71251762287393,1343.3538940429687,1380.3339086914064,1.9222880672943528
1359.51416015625,24673098.0,2.861873765675349,42.68229477443073,1341.0644775390624,1378.4267260742188,2.0442568674706045
1382.5078125,41027699.0,1.6913139279922884,45.09550029872968,1339.8600463867188,1377.0411328125,2.084913128611472
1418.83984375,30542143.0,2.6279801764230504,48.90858128346216,1343.707257080078,1376.1791186523435,1.8732766722296559
1424.215087890625,30957881.0,0.3788478427852793,49.47271823137673,1348.0322631835938,1375.8187866210938,1.8678485212622946
1424.215087890625,0.0,0.0,49.47271823137673,1351.098095703125,1376.0417578125,1.8326111061012595
1456.3663330078125,24035700.0,2.257471177672054,52.84702176393301,1356.7021850585938,1376.559365234375,1.8449587182676979
1456.864013671875,23543341.0,0.034172766342011,52.89925381954112,1364.6106201171874,1377.367626953125,1.617786300808692
1431.2823486328125,14221786.0,-1.7559404857963812,50.21443391924325,1371.2449462890625,1377.2999389648437,1.6969960557076917
1429.590087890625,19816903.0,-0.1182338861234422,50.03682955650219,1375.644598388672,1377.8314794921876,1.5663391587972866
1428.5947265625,8663105.0,-0.0696256455998245,49.93236544528597,1380.880389404297,1378.1460229492188,1.5212922365446937
1381.81103515625,15261787.0,-3.27480499097329,45.02237285859943,1382.7716430664063,1377.3536865234375,1.7014250219459262
1357.722412109375,24357500.0,-1.7432646312707356,42.49424912512587,1385.205389404297,1376.0636499023435,1.6381148637211993
1352.54638671875,13797989.0,-0.381228544543466,41.95102037312803,1385.9370056152345,1375.2733032226563,1.571859954080138
1355.5325927734375,17303059.0,0.2207840029747165,42.26442551817127,1386.8577453613282,1374.3774438476562,1.5719303321544458
1330.24951171875,19976192.0,-1.865176919350786,39.610942288959336,1385.434326171875,1373.2327368164065,1.5856227928915714
1329.7518310546875,13022473.0,-0.0374125800970626,39.55871023335122,1384.0706298828125,1372.7927734375,1.585653831920009
1316.6124267578125,21665501.0,-0.9881095096107906,38.17971734604531,1382.5476623535155,1372.3488232421876,1.5921047204580543
1353.442138671875,13248515.0,2.797308544683608,42.045030386385896,1382.4282104492188,1371.7575537109376,1.7132898519454547
1343.388671875,17150630.0,-0.7428072844503308,40.98990955347615,1382.7367797851562,1370.6586328125,1.692282572573761
1348.26611328125,7105813.0,0.3630700115583307,41.50180163438804,1384.0656311035157,1369.275029296875,1.6696706957043619
1360.7086181640625,6750071.0,0.9228523034322532,42.80765427016912,1384.1253540039063,1368.4428759765624,1.5539260055425184
1350.0579833984375,13769747.0,-0.782727074955647,41.68986009508746,1382.502862548828,1367.7680004882814,1.5114229121706215
1344.2845458984375,13215138.0,-0.4276436694568342,41.08393237812857,1378.77509765625,1366.937839355469,1.3679468287083782
1344.2845458984375,0.0,0.0,41.08393237812857,1374.7785705566407,1366.3366186523438,1.3612323514388731
1315.119384765625,42634247.0,-2.169567538494632,38.02302117922096,1369.3237854003903,1364.865419921875,1.4228347364382563
1313.9249267578125,10700603.0,-0.0908250628535389,37.89766168348259,1362.2017150878903,1363.3205639648438,1.2830592124048592
1308.5498046875,23302785.0,-0.4090889791988239,37.33353754696256,1354.7860046386718,1361.459169921875,1.2770615652737252
1307.15625,20012293.0,-0.1064961136754583,37.18728266670202,1348.5796997070313,1360.033759765625,1.246455739101636
1297.699951171875,23474327.0,-0.7234252850892964,36.19483517596418,1341.9851928710937,1357.8299487304687,1.2454472159311243
1291.0,17785223.0,-0.5162943225685335,35.491668974319104,1335.1054565429688,1355.6235302734376,1.2417871675163787
1263.300048828125,16494759.0,-2.145619765443452,32.5845329442769,1329.1799072265626,1352.7834814453124,1.1294699110975162
1269.199951171875,23620214.0,0.4670230440680267,33.20373326599664,1324.7537841796875,1350.0355517578123,1.1031996810087974
1258.800048828125,21012796.0,-0.819406141179535,32.11225369533466,1320.0664672851562,1348.373640136719,1.1085923053310363
1263.0,13117486.0,0.3336472043979466,32.55304253645625,1315.4398376464844,1346.8793408203126,1.1119472684386533
1293.0,11988785.0,2.375296912114022,35.70157086273789,1313.5773620605469,1345.4813720703123,1.2074192290567667
1307.0,18633321.0,1.0827532869296164,37.17088408166931,1312.4397705078125,1344.7356811523437,1.237783441694905
1328.800048828125,18513223.0,1.66794558746175,39.45881978999177,1313.0491516113282,1345.3377758789063,1.276975708890617
1332.699951171875,10029170.0,0.2934905328449755,39.86811822329275,1312.0120422363282,1346.0198583984377,1.1050084152683173
1328.0999755859375,15494549.0,-0.3451621335989863,39.38534644220848,1311.247607421875,1345.7499169921875,1.095831171576056
1309.5,24887034.0,-1.4004951380058197,37.433261442192766,1309.3093017578126,1345.4623388671876,1.1311022432814661
1326.5,12931213.0,1.298205421916765,39.21742749375237,1307.5988708496093,1345.1126196289065,1.1525704418749216
1309.5,15400184.0,-1.2815680361854542,37.433261442192766,1305.5709716796875,1345.121669921875,1.1728648579981626
1313.5999755859375,11030917.0,0.3130947373759074,37.86355775117236,1304.0367431640625,1344.6353881835937,1.1751916419162922
1318.0999755859375,12694362.0,0.342570042907675,38.3358370001146,1302.7275146484376,1344.255031738281,1.1793503814101285
1318.0999755859375,0.0,0.0,38.3358370001146,1302.8765441894532,1343.442673339844,1.0731651749088111
1301.0,13757656.0,-1.297320074551711,36.541178416412976,1302.2302978515625,1342.322158203125,1.1127133865285022
1293.9000244140625,15695263.0,-0.5457321741689114,35.79602927480525,1301.4978088378907,1341.2587231445314,1.1154920371404373
1308.0,7001401.0,1.0897268196839782,37.2758350258787,1301.539996337891,1340.302099609375,1.1440293845297234
1303.5,17795024.0,-0.3440366972477071,36.803555776936456,1301.8299987792968,1339.62775390625,1.1343424137519154
1304.0,7839550.0,0.038358266206373,36.85603124904115,1302.479998779297,1339.2739721679689,1.1270814709758086
1321.300048828125,7610709.0,1.3266908610525263,38.67168770842137,1305.3799987792968,1338.5096899414064,1.0336358007122621
1308.4000244140625,14335554.0,-0.9763130203093272,37.31781796584137,1307.3400024414063,1337.0275341796876,1.0660748676528917
1275.9000244140625,19960868.0,-2.483949816078179,33.906912279036284,1308.195001220703,1334.1687377929688,1.2025950833946781
1279.800048828125,14651963.0,0.3056684959194644,34.31622352373181,1309.0350036621094,1331.2804370117187,1.202293824982628
1307.800048828125,8412537.0,2.187841766816523,37.25484996159465,1309.7750061035156,1328.9521362304688,1.1839921651795928
1296.9000244140625,9488352.0,-0.8334626095043873,36.110882107433405,1309.2700073242188,1325.7628100585937,1.174673995433987
1293.0,13511284.0,-0.3007189714430369,35.70157086273789,1307.4800048828124,1322.4855297851564,1.10513295926301
1295.5,9577965.0,0.1933488012374251,35.96394822326134,1305.6200073242187,1319.7698828125,1.103335512024013
1296.5999755859375,15631046.0,0.0849074168998376,36.07939169961276,1304.045007324219,1317.1100805664062,1.1032284904182328
1327.199951171875,18302218.0,2.3600166714571547,39.29088803014111,1304.9300048828125,1315.0821850585935,1.189536896810252
1323.0999755859375,14305844.0,-0.3089192086179193,38.86059172116154,1304.7600036621093,1313.9079638671874,1.1562948730526128
1303.699951171875,12753410.0,-1.4662553678508772,36.82454084122051,1304.4700012207031,1312.8275146484375,1.1676950835821667
1288.5999755859375,10840383.0,-1.1582400975289064,35.23978414593767,1303.2200012207031,1311.5485864257812,1.1919842748889167
1272.199951171875,12580741.0,-1.272700971968066,33.518586098624816,1300.925,1309.88193359375,1.215669710972256
1278.0,9817000.0,0.4559070154642297,34.12730669959707,1298.9200012207032,1308.836943359375,1.2232768933604696
1280.0,7163132.0,0.156494522691708,34.337208588015855,1297.8700012207032,1307.8419067382813,1.1941891788499732
1267.699951171875,9312184.0,-0.9609413146972612,33.04630684968257,1296.5599975585938,1306.8636572265625,1.2063583695683018
1275.9000244140625,9448307.0,0.6468465376690435,33.906912279036284,1294.9549987792968,1305.3128149414065,1.1873759214940707
1292.9000244140625,12158451.0,1.332392795258941,35.69107833059586,1294.425,1304.3030419921874,1.2289839307943473
1307.800048828125,8624996.0,1.1524498517056836,37.25484996159465,1294.6150024414062,1303.493720703125,1.2573409567817577
1319.0,7508023.0,0.8563962955889792,38.43029541218195,1294.5,1302.6595483398437,1.2358719369407707
1290.9000244140625,10590603.0,-2.1303999686078434,35.48117644217707,1293.625,1301.4763891601565,1.308588170284507
