Date,Close,High,Low,Open,Volume,Daily Return (%),Cumulative Return (%),MA20,MA50
2021-08-04,952.8261108398438,957.468493410625,945.239695070289,948.5912889902256,13169800.0,,0.0,,
2021-08-05,966.6400756835938,975.9474827845528,953.0525024475676,957.604315821072,21252078.0,1.4497886536268378,1.4497886536268378,,
2021-08-06,946.168212890625,972.3921457790564,941.5031281309346,964.6925186544,16620987.0,-2.117837166899106,-0.698752676220249,,
2021-08-09,940.7783813476562,946.507831687124,935.9548011334764,942.5221349162108,7494143.0,-0.5696483426030907,-1.264420585784365,,
2021-08-10,945.7151489257812,957.0154935941664,939.2384442496344,942.9750161589805,11919198.0,0.5247535100724843,-0.7463021671178516,,
2021-08-11,958.9631958007812,960.1860577584648,943.6092848870804,949.7462968396886,9184963.0,1.4008495993797163,0.6440928613436148,,
2021-08-12,955.8832397460938,962.994047792915,953.3921717385532,962.4052292074406,8137612.0,-0.3211756267784138,0.3208485652807402,,
2021-08-13,971.8032836914062,973.7282353115996,955.181228214771,958.9630848706248,12780901.0,1.6654799753096583,1.991672209196227,,
2021-08-16,984.4171142578124,997.7782056289792,963.8772875225334,973.4791642916643,21935444.0,1.297981883585786,3.315505637237792,,
2021-08-17,980.2276000976562,989.716205298415,972.7997402220516,982.31104758478,12658169.0,-0.4255832308761476,2.8758121703508,,
2021-08-18,984.0321655273438,990.4409443539316,974.9511803260804,984.6436264377176,10075860.0,0.3881308207714706,3.2751049045029124,,
2021-08-20,972.9810180664062,983.7377705115616,967.8856701396296,970.6031610804986,9426282.0,-1.1230473807749108,2.115276543880329,,
2021-08-23,979.3671264648438,984.6436123486905,965.756910089194,984.6436123486905,9854395.0,0.6563446028092557,2.7855046501198637,,
2021-08-24,989.0369262695312,992.7961409161452,976.3098780018888,980.5899844960272,11864472.0,0.9873518870897602,3.800359269937559,,
2021-08-25,997.5969848632812,1005.4778098902966,987.4063495975512,989.8068486851396,13380559.0,0.8654943376115387,4.698745501839308,,
2021-08-26,1010.2107543945312,1016.7554463089576,998.6839861429404,1000.0427614622416,18589616.0,1.2644153623798893,6.022572524183589,,
2021-08-27,1008.829345703125,1015.7817181947378,1003.6887734868196,1013.1773788430728,10480636.0,-0.136744603578709,5.87759237768144,,
2021-08-30,1028.2369384765625,1030.7733511879242,1013.086868200183,1019.0653841621984,14027062.0,1.9237736150419904,7.914437564085008,,
2021-08-31,1022.7566528320312,1034.351288521445,1015.55521517705,1031.2488192815088,26485463.0,-0.5329788728122176,7.339276411154283,,
2021-09-01,1026.81005859375,1038.4953813339248,1024.9531537088544,1029.4823244235874,11145486.0,0.3963216225966182,7.764685173110442,981.1640167236328,
2021-09-02,1039.1749267578125,1045.2440116453542,1021.32994830324,1021.32994830324,9956770.0,1.2042020878716864,9.062389761953394,985.4814575195312,
2021-09-03,1081.7945556640625,1084.738529222682,1042.8436314734115,1046.2404503177634,30664428.0,4.101294960918822,13.53536005751803,991.2391815185547,
2021-09-06,1098.5977783203125,1123.2365131929273,1092.4380047519112,1092.8909697996994,33641710.0,1.5532729914632617,15.298874141052044,998.8606597900391,
2021-09-07,1105.5274658203125,1113.2723180946527,1092.438080851026,1100.5906136768078,17349882.0,0.6307756702908174,16.02615138725303,1007.0981140136719,
2021-09-08,1101.201904296875,1111.460525484485,1090.01483063056,1110.5547152662286,14301651.0,-0.3912667624433763,15.572179621132465,1014.8724517822266,
2021-09-09,1098.5977783203125,1104.145971203985,1094.29502966748,1099.6394421897962,8963249.0,-0.2364803372025825,15.298874141052044,1021.8541809082031,
2021-09-13,1074.1175537109375,1101.949327153265,1072.5323557228828,1101.949327153265,16311160.0,-2.228315502949929,12.729651453840262,1027.7658966064453,
2021-09-14,1072.71337890625,1084.2853708994928,1071.6036685532945,1075.6799942004577,8908356.0,-0.1307282242838603,12.582281982253264,1032.8114013671875,
2021-09-15,1077.1746826171875,1085.0780298856923,1072.7360805602518,1072.7360805602518,9071075.0,0.4158896307871362,13.050500019121005,1037.4492797851562,
2021-09-16,1099.775390625,1103.647816826433,1072.056826477489,1078.646803599393,13448882.0,2.0981469739801195,15.4224656643416,1043.4266693115235,
2021-09-17,1082.7230224609375,1112.2986120196665,1075.9519071476225,1107.837367094816,34882133.0,-1.550531891277518,13.632803524517122,1048.3612121582032,
2021-09-20,1084.4439697265625,1095.3139316833478,1073.415392150155,1074.3664868663025,11779819.0,0.1589462152299603,13.813418564979042,1053.934359741211,
2021-09-21,1089.1318359375,1094.5215333838828,1079.7563812162018,1089.2676895218028,9915736.0,0.4322829340938305,14.305414550144224,1059.4225952148438,
2021-09-22,1100.817138671875,1106.0255780999046,1086.210482648724,1090.6264428510565,10995912.0,1.0729006671921004,15.531798105489417,1065.0116058349608,
2021-09-23,1127.720458984375,1130.936139610999,1107.6108943355246,1108.4714201510762,15748397.0,2.4439409023880643,18.355326974653877,1071.5177795410157,
2021-09-24,1124.459228515625,1134.763134305946,1119.613065939266,1133.9026086017536,15192163.0,-0.2891878428531003,18.013057757674144,1077.2302032470702,
2021-09-27,1143.3685302734375,1145.8370159244848,1121.1077134942575,1126.4068411721405,15373834.0,1.681635160998618,19.997606831496785,1083.9571624755858,
2021-09-28,1154.0574951171875,1161.689135216267,1138.092065214608,1147.693941457503,18035258.0,0.9348661049114028,21.11942378446929,1090.2481903076173,
2021-09-29,1144.90869140625,1163.9991145771864,1141.3758992926414,1163.9991145771864,9719875.0,-0.79275111938929,20.159248196620048,1096.3557922363282,
2021-09-30,1141.0133056640625,1147.965677369511,1132.4532137255203,1143.6176447212324,13590654.0,-0.3402354940115759,19.750423784917693,1102.0659545898438,
2021-10-01,1143.0289306640625,1150.320936930379,1130.0302358504632,1133.1779894261922,8958928.0,0.1766521906444218,19.96196553183973,1107.2586547851563,
2021-10-04,1157.7261962890625,1166.1957202690803,1149.0754144086843,1156.2994941506686,10918552.0,1.2858174653953336,21.50445743647966,1111.0552368164062,
2021-10-05,1181.753173828125,1183.0213798107077,1153.7401497290016,1157.250298537775,13533634.0,2.075359235722374,24.02611141570201,1115.2130065917968,
2021-10-06,1159.402099609375,1186.62241515062,1155.4391042037028,1186.62241515062,10258881.0,-1.8913487785564231,21.680345072350104,1117.90673828125,
2021-10-07,1165.086181640625,1177.020571318369,1162.9574494692135,1175.3220421537414,6336665.0,0.4902597669234065,22.2768948484934,1121.1009521484375,
2021-10-08,1209.8570556640625,1215.812929031673,1169.207605953432,1170.906015220909,15772493.0,3.8427092114673433,26.975640350332707,1126.663916015625,
2021-10-11,1201.4327392578125,1231.9367793726578,1198.1264896541245,1223.512539721895,14768666.0,-0.6963067551501889,26.091500389178137,1133.0296752929687,
2021-10-12,1208.29443359375,1215.1788796176056,1196.2694750157295,1197.9680041586355,6682011.0,0.5711259658344625,26.811641688610987,1139.8087280273437,
2021-10-13,1220.5911865234375,1231.7103344750674,1208.9737889938256,1213.3671067441885,9959762.0,1.017695073965874,28.10219751929124,1146.9795532226562,
2021-10-14,1223.0595703125,1230.7818997818822,1217.081054491215,1223.0369280495506,8623469.0,0.2022285443575189,28.361256728624483,1153.1437622070312,1070.696619873047
2021-10-18,1226.3206787109375,1243.2597273294034,1205.8034336758178,1208.656838063519,13594479.0,0.2666352872415123,28.70351313420967,1160.3236450195313,1076.1665112304688
2021-10-19,1237.3038330078125,1246.1357531841286,1226.501796349313,1233.6578296621897,8833409.0,0.8956184534391287,29.856205548064096,1167.9666381835937,1081.579786376953
2021-10-20,1223.0595703125,1242.2406818392346,1219.0286485058557,1242.2406818392346,12710570.0,-1.1512340231489948,28.361256728624483,1174.6630249023438,1087.1176135253907
2021-10-21,1187.7772216796875,1235.5600608138357,1179.0358711096487,1235.2883536749923,20831669.0,-2.884761256869739,24.65834092568604,1179.0110290527343,1092.0575903320312
2021-10-22,1189.9964599609375,1206.9809106504802,1182.795023158092,1186.6448064236538,11027475.0,0.186839606008915,24.891252078728844,1182.1248291015625,1096.9432165527344
2021-10-25,1178.4017333984375,1213.819979870448,1163.9989792562783,1213.819979870448,17198417.0,-0.9743496684755382,23.674374578144807,1184.821954345703,1101.3319873046876
2021-10-26,1205.2371826171875,1208.7926167498356,1179.013250231775,1185.33151952741,9750178.0,2.277275097123144,26.49078031193568,1187.9153869628906,1106.3190661621093
2021-10-27,1189.9964599609375,1212.3706072222662,1186.6221641632774,1201.1382490708493,9896298.0,-1.2645413596645394,24.891252078728844,1189.712335205078,1110.6829296875
2021-10-28,1176.952392578125,1194.77472717133,1173.283867099268,1186.644837678606,9886181.0,-1.0961433770349749,23.522264890571787,1191.314520263672,1114.5336352539061
2021-10-29,1148.713134765625,1175.8428779756357,1133.0648156155328,1175.8428779756357,14233025.0,-2.3993542976399995,20.558528119377595,1191.69951171875,1117.9033459472657
2021-11-01,1149.4151611328125,1157.6582624374937,1129.6225892164332,1148.7131311991511,15481114.0,0.0611141586128738,20.632206449473813,1192.0188232421874,1121.211005859375
2021-11-02,1132.6571044921875,1154.0348738636576,1130.143454028727,1152.6760985535552,10569130.0,-1.457963772124682,18.87343258192582,1190.7653686523438,1124.4045275878907
2021-11-03,1124.866943359375,1141.353145207229,1114.6309640383438,1135.0348760961226,11989430.0,-0.6877775367245986,18.05584781549388,1187.9210571289063,1127.3145239257813
2021-11-04,1131.7738037109375,1134.513996271511,1127.765524836646,1129.101537927868,1705656.0,0.6140157635831534,18.78072933091275,1186.5396423339844,1130.1692614746094
2021-11-08,1133.177978515625,1141.3531527093287,1112.5475239087214,1141.0813257713814,20337183.0,0.1240685020349019,18.92809880249973,1184.9442321777344,1132.8808813476562
2021-11-09,1142.123046875,1145.384011549245,1126.429444729638,1134.5593339553402,15682497.0,0.7893789439053833,19.866892172833666,1181.5575317382813,1135.5191271972656
2021-11-10,1154.8953857421875,1158.56403111527,1133.9479393972968,1139.8585280650227,10253470.0,1.1182979716707786,21.207361196707232,1179.2306640625,1138.440447998047
2021-11-11,1157.00146484375,1164.2254244154967,1148.3959679290283,1150.4341308509872,10722478.0,0.1823610283288923,21.42839618699588,1176.666015625,1141.0157385253906
2021-11-12,1174.4615478515625,1177.0206028987552,1158.111197547698,1160.783463915503,8712341.0,1.5090804582663653,23.260848384640088,1174.3595336914063,1144.0498364257812
2021-11-15,1167.5318603515625,1178.583081524526,1163.9990683781705,1177.586582367733,4803269.0,-0.5900310242320406,22.5335711384391,1171.5831481933594,1146.8642724609374
2021-11-16,1140.4022216796875,1166.2637612012684,1130.0303872332545,1164.927627982119,11337581.0,-2.323674376107032,19.68628994376631,1167.2872253417968,1148.888818359375
2021-11-17,1115.9896240234375,1131.81907885733,1114.630848883986,1131.81907885733,10202029.0,-2.1407006398402983,17.124164769138982,1161.2215148925782,1149.5727197265626
2021-11-18,1120.2017822265625,1127.3126501781812,1109.67145366535,1114.177982402732,8505625.0,0.3774370399555415,17.56623474971628,1156.0786254882812,1150.0047998046875
2021-11-22,1070.5848388671875,1109.1961291306902,1064.8101030658254,1103.353466536403,24124307.0,-4.429286236338081,12.358889695366182,1150.2190063476562,1149.305947265625
2021-11-23,1080.5941162109375,1087.5691305828452,1045.7874503355,1056.6800550508478,25326999.0,0.9349354652117948,13.409372803446365,1144.7488891601563,1148.8937915039062
2021-11-24,1064.991455078125,1091.4870996718803,1061.436020265865,1077.9448680128107,16820296.0,-1.4438965471626486,11.771858785378589,1139.0783752441407,1148.2216650390626
2021-11-25,1129.1016845703125,1133.2006528139436,1067.5954770563671,1074.7742721480845,42401936.0,6.019788157594608,18.500287904064173,1135.2716003417968,1149.32134765625
2021-11-26,1092.709716796875,1122.1493269988057,1087.6822964764374,1117.7107252384765,15763138.0,-3.2230903797904387,14.680916524604326,1130.4072631835938,1149.7212744140625
2021-11-29,1105.799072265625,1132.2948314861248,1086.5953193762673,1104.7121238946838,24325354.0,1.1978803947236385,16.054656740141926,1126.8495971679688,1150.2937622070312
2021-11-30,1089.44873046875,1121.3794713466475,1081.9529437331894,1117.8013949441,32172299.0,-1.4785997028714748,14.338672930413686,1123.886376953125,1150.0872290039063
2021-12-01,1117.3485107421875,1120.518906517298,1098.3711810133602,1101.9492572911422,10104610.0,2.560908053142908,17.266781213345396,1122.2830444335937,1150.7797387695311
2021-12-02,1124.5272216796875,1130.5736640269113,1114.9027029403865,1118.571348380323,12720411.0,0.6424773352704083,18.02019370444228,1121.8765502929687,1151.5814038085937
2021-12-03,1090.7396240234375,1131.6154976946157,1087.0030516324528,1131.5702131686844,19222481.0,-3.004604691185864,14.474153427851968,1120.170184326172,1151.6135595703124
2021-12-06,1070.0638427734375,1098.3259382907745,1067.595476803198,1094.2497321105477,10332254.0,-1.8955744152516216,12.304210663397708,1117.0846862792969,1150.9984936523438
2021-12-07,1078.7825927734375,1088.8146726752468,1068.8863664494722,1076.2010153934032,11235122.0,0.8147878333504277,13.219251708223313,1114.3649169921875,1150.019736328125
2021-12-08,1095.2008056640625,1101.405743762558,1089.8563933091182,1097.9183562650253,8744178.0,1.5219204500153791,14.942358653325138,1112.0188049316407,1149.4345678710938
2021-12-09,1112.5701904296875,1120.9265028973475,1098.3259314492311,1102.8551026436394,13213547.0,1.5859543451571143,16.765291984813622,1109.9025451660157,1148.8186010742188
2021-12-10,1113.7025146484375,1116.8955527047665,1100.7489847314073,1105.2328712872277,8364414.0,0.10177553097237,16.884130480722593,1107.73759765625,1148.0115014648438
2021-12-13,1091.3736572265625,1120.5642045309762,1088.8146024741634,1120.2924973928066,12901733.0,-2.0049211641515963,14.540695811180026,1103.583203125,1146.94080078125
2021-12-14,1078.0125732421875,1089.7205393231309,1074.9553887174343,1077.944646457222,12991523.0,-1.2242446842934296,13.13843743135894,1099.1072387695312,1145.6807861328125
2021-12-15,1074.864990234375,1089.267747138745,1069.3846036415655,1079.7564383300423,9366969.0,-0.2919801759218798,12.808095622711612,1095.8303771972655,1144.3175073242187
2021-12-16,1088.769287109375,1094.0231302341062,1072.8039773873268,1089.5845283011158,9761279.0,1.2935854271305391,14.267364708310492,1094.4693603515625,1142.938369140625
2021-12-17,1060.0318603515625,1090.626471068848,1050.7696168986836,1086.1199416955528,21049821.0,-2.639441348874638,11.25134463592996,1091.4608642578125,1140.5039428710938
2021-12-20,1031.4525146484375,1049.7956192892589,1017.751672013911,1049.7956192892589,14325846.0,-2.696083652961767,8.25191531950049,1089.504248046875,1137.944951171875
2021-12-21,1046.8065185546875,1062.5454064146618,1038.1784989493156,1046.8518030785813,12836561.0,1.4885807817806684,9.86333252685605,1087.8148681640625,1135.5793579101562
2021-12-22,1071.6490478515625,1074.276029474332,1051.6754577350616,1052.988828746117,17658543.0,2.3731729652557654,12.47057943311245,1088.1477478027343,1132.8151977539062
2021-12-23,1071.2640380859375,1077.944583084397,1068.003073398001,1075.2270326442374,9072401.0,-0.0359268518361322,12.430172294680265,1085.2558654785157,1130.2118237304687
2021-12-24,1074.6837158203125,1083.3796623765666,1058.718285237532,1073.4155095265614,7886494.0,0.3192189425573311,12.789070701794737,1084.3545654296875,1127.539609375
2021-12-27,1073.5286865234375,1077.0388360812635,1063.4966072069749,1069.588333994207,4017223.0,-0.1074762071735069,12.6678492864982,1082.7410461425782,1124.598359375
2021-12-28,1086.2784423828125,1089.1997736760372,1074.797017388756,1075.951892667275,6374613.0,1.1876492933471816,14.005948202378772,1082.5825317382812,1121.8627368164061
2021-12-29,1088.13525390625,1095.60839765478,1078.8956544896844,1082.9266955421135,15425312.0,0.1709332939871632,14.20082232498241,1081.1218688964843,1119.0990283203125
2021-12-30,1068.478759765625,1089.245070757408,1062.364389937375,1087.003127167027,29333171.0,-1.8064384983448531,12.137854705077531,1078.3194458007813,1115.7225268554687
2021-12-31,1072.5777587890625,1079.7111505236876,1068.8864705630906,1074.774417912502,9477290.0,0.383629434462196,12.568048522900654,1077.4113525390626,1112.712890625
2022-01-03,1088.7467041015625,1090.603728995159,1070.4941656370395,1071.1509110384136,5421611.0,1.5074846723238666,14.264994600317472,1078.3454956054688,1110.7322802734375
2022-01-04,1113.3173828125,1114.6308734629547,1088.8145046450295,1094.204320803727,10847728.0,2.2567855882708043,16.843710530895862,1080.0722351074219,1109.1986987304688
2022-01-05,1118.5260009765625,1121.8776545605729,1101.9265882823174,1115.0838981501056,11643813.0,0.4678466576084839,17.390359925240382,1081.2384948730469,1108.0011840820312
2022-01-06,1094.4761962890625,1111.4606489189575,1091.0792578429505,1110.1924425923644,14447422.0,-2.150133717633973,14.866310215235924,1080.3337951660155,1105.7859643554686
2022-01-07,1103.30810546875,1113.2949007403674,1092.2342419850618,1101.020877531252,13112115.0,0.8069530620796517,15.79322742281568,1079.8140747070313,1104.052197265625
2022-01-10,1104.2138671875,1112.8193642531028,1094.2723568788356,1110.5547786779955,9246731.0,0.0820950842525647,15.888287970427209,1080.4560852050781,1102.5974267578124
2022-01-11,1112.16259765625,1120.9491128479206,1102.8550708538112,1103.3080358803263,16205164.0,0.7198542515134188,16.72251473838844,1082.1635864257812,1101.866416015625
2022-01-12,1141.851318359375,1143.595131948247,1116.4426269818646,1119.2960312179016,14800442.0,2.6694586534100617,19.8383740085502,1085.5129028320312,1101.7151391601562
2022-01-13,1148.28271484375,1150.8644117443653,1136.0992618786104,1141.9192812349345,11856712.0,0.5632429004518436,20.513355142170298,1088.48857421875,1102.0276513671874
2022-01-14,1149.95849609375,1162.776052313962,1144.0026230998735,1148.146875628832,19930176.0,0.1459380367166751,20.68922996664617,1092.9849060058593,1102.529482421875
2022-01-17,1155.9595947265625,1161.734329339856,1149.0526273304497,1149.505592323767,8036453.0,0.5218534975999001,21.31905093445352,1099.2102600097655,1103.0131982421874
2022-01-18,1142.16845703125,1160.5342073047743,1139.4282640408564,1157.0921041700744,6215029.0,-1.1930466910977766,19.871658011608798,1103.9783569335937,1103.1930078125
2022-01-19,1142.077880859375,1151.3173615953267,1136.3710722869748,1145.882379974198,9755485.0,-0.0079301937746079,19.86215195684764,1107.4997985839843,1103.1921044921876
2022-01-20,1122.0816650390625,1136.8015335141931,1111.9136106984854,1132.3176461756468,16494486.0,-1.7508627174589897,17.763530225891145,1110.0406799316406,1102.535830078125
2022-01-21,1122.2626953125,1133.3139167394952,1110.5548482538704,1110.5548482538704,13338594.0,0.0161334312000605,17.78252952401891,1112.41962890625,1101.8410546875
2022-01-24,1076.993408203125,1134.4460429942571,1066.6668610593797,1120.971622898134,21868937.0,-4.033751393364238,13.031475098204147,1112.5928649902344,1099.8916918945313
2022-01-25,1074.887451171875,1081.8623458947789,1043.9757327083191,1064.1532222498895,24510205.0,-0.1955403826253365,12.810452919310066,1112.0233154296875,1098.0388037109376
2022-01-27,1058.96728515625,1067.1198169153088,1046.7159051568356,1058.016190394451,20020431.0,-1.4811007420607925,11.139616464000014,1110.5649169921876,1096.4101049804688
2022-01-28,1057.9483642578125,1076.0876922422228,1054.5741878483832,1071.1509600753575,14667727.0,-0.0962183546857287,11.032679753634312,1110.038397216797,1095.2492797851562
2022-01-31,1080.9339599609375,1089.9017336429354,1067.1651879580827,1068.9769283849405,12143683.0,2.1726576154073696,13.445039725892528,1110.4562072753906,1094.4639233398439
2022-02-01,1077.35595703125,1096.3331695818497,1063.0437697429202,1090.6264803582178,13200509.0,-0.3310103172090906,13.06952494003788,1109.886669921875,1094.599345703125
2022-02-02,1079.5523681640625,1090.1732649193557,1075.7252273627023,1090.1732649193557,10017691.0,0.2038705145200881,13.30004036229855,1108.198419189453,1094.5785107421875
2022-02-03,1065.6025390625,1087.6596951339798,1063.0888887078768,1083.3795890325775,9572839.0,-1.292186420311059,11.835992626529968,1105.55224609375,1094.590732421875
2022-02-04,1055.8875732421875,1063.655187408846,1051.2678326966015,1060.2808911532843,11061241.0,-0.9116875630626352,10.816397790726253,1103.6228149414062,1093.1264501953126
2022-02-07,1049.4560546875,1067.4368843783152,1043.9756693517943,1060.7336971993543,10714467.0,-0.6091101664298382,10.141403845711604,1100.9302124023438,1092.261376953125
2022-02-08,1067.0972900390625,1068.8863882514995,1046.2404110052712,1055.5932232086295,12060849.0,1.680988477103562,11.992868152878122,1099.0743835449218,1091.4873413085938
2022-02-09,1079.52978515625,1081.2055520274612,1067.9804353407576,1073.936188431649,11486225.0,1.1650760650635972,13.29767025430555,1097.4427429199218,1091.2889624023437
2022-02-10,1078.4202880859375,1085.0554293647551,1071.196208384683,1085.0554293647551,12464491.0,-0.1027759572332587,13.181227489178692,1094.27119140625,1090.5103979492187
2022-02-11,1076.314208984375,1079.982854527415,1061.6849113374171,1074.887506839841,15943370.0,-0.1952929785195789,12.960192498890043,1090.6727661132813,1089.5461376953126
2022-02-14,1059.1712646484375,1066.599124811997,1047.5991516117767,1059.9412213800138,10719633.0,-1.592745333364487,11.161024304304432,1086.1334045410156,1088.9147705078126
2022-02-15,1095.1328125,1097.8277206759533,1057.8803043046898,1064.9004831978962,11212671.0,3.395253350599448,14.935222706556983,1083.0920654296874,1089.4161499023437
2022-02-16,1092.8682861328125,1101.9492706042658,1085.16871921443,1100.59049531271,10392840.0,-0.2067809804746856,14.697558526133614,1080.6270568847656,1089.6978637695313
2022-02-17,1106.7049560546875,1111.8682307103677,1091.5322435754686,1096.106699582626,12853252.0,1.2660876061137305,16.14973009914802,1078.8584106445312,1089.9279467773438
2022-02-18,1098.0543212890625,1112.5476464311962,1096.129369451274,1107.1126644779383,6775458.0,-0.781656819940868,15.241837812485135,1077.6570434570312,1089.6376293945314
2022-02-21,1086.957763671875,1103.9875007758346,1080.0281530233087,1092.4380298945582,11107193.0,-1.0105654521864291,14.07724361308742,1075.891796875,1089.102734375
2022-02-22,1082.020751953125,1085.1459827725937,1063.0661857019404,1065.67040495113,13494914.0,-0.454204559160809,13.559099571631815,1076.1431640625,1088.9156762695313
2022-02-23,1075.2496337890625,1089.9694984432017,1072.5095609936732,1087.501132761311,7310110.0,-0.6257845010680385,12.84846432696012,1076.1612731933594,1088.8604174804686
2022-02-24,1021.6695556640624,1059.7827129241718,1016.0760782454672,1043.975778151862,24846650.0,-4.983036165861298,7.225184536928619,1074.29638671875,1087.7965087890625
2022-02-25,1034.4420166015625,1045.311980485072,1030.954508957098,1032.698202879161,14570089.0,1.250155773624706,8.565666372196755,1073.1210693359376,1086.7099633789062
2022-02-28,1068.6824951171875,1072.2152872381166,1015.894992677199,1015.894992677199,21297446.0,3.310043285762388,12.159236922592845,1072.50849609375,1086.8829760742187
2022-03-02,1086.34619140625,1087.4559017749605,1054.9363443782538,1057.314141139364,21471786.0,1.6528479103726346,14.013058526357812,1072.9580078125,1087.980849609375
2022-03-03,1077.1746826171875,1093.7288113845136,1073.4381104672327,1087.002981514595,10186748.0,-0.8442528598724297,13.050500019121005,1072.8391235351562,1088.588212890625
2022-03-04,1053.283203125,1070.8337101992126,1050.9280486616494,1065.7157207883167,10805667.0,-2.2179763299058357,10.543066687856715,1072.2231567382812,1088.2208959960938
2022-03-07,1014.3323364257812,1047.1915288477956,1006.38358489105,1032.0639824642974,17983310.0,-3.698043088853487,6.455136449999732,1070.1453948974608,1087.0822619628907
2022-03-08,1012.498046875,1017.253760796074,987.3611211647836,1001.6280233273344,21289374.0,-0.1808371364009464,6.262626029691809,1068.2974945068358,1085.8385485839844
2022-03-09,1066.214111328125,1072.0567736389658,1011.8865764630572,1012.724579802494,20414228.0,5.30530055034828,11.900177713259597,1068.253335571289,1085.6922570800782
2022-03-10,1083.4927978515625,1089.267532756051,1068.8862634347242,1087.0029472759036,17980493.0,1.6205644194592803,13.713592178592382,1068.4514862060546,1085.6365441894532
2022-03-11,1086.617919921875,1091.9850941858494,1076.1555181267945,1076.1555181267945,12257423.0,0.2884303501148544,14.041576690641278,1068.8613677978515,1085.6061975097657
2022-03-14,1095.5404052734375,1098.0541754406872,1075.2270625884605,1081.0697243173254,8340678.0,0.821124443834309,14.977999952982191,1069.8226776123047,1086.1474304199219
2022-03-15,1070.4488525390625,1099.6620420875429,1060.2128731362302,1099.6620420875429,15925769.0,-2.290335674850108,12.344617801829894,1070.386557006836,1086.1048522949218
2022-03-16,1088.520263671875,1090.5810688907009,1076.6311594559988,1078.8504605069668,11149828.0,1.6882087443923943,14.241229463414594,1070.0559295654298,1086.100323486328
2022-03-17,1124.0064697265625,1131.1172183134404,1093.8420644373464,1101.8361008572806,21422098.0,3.2600409233524807,17.96554029526294,1071.6128387451172,1086.3141052246094
2022-03-21,1117.5296630859375,1125.0480919172617,1104.6668219311773,1106.9314074851866,11999466.0,-0.576225032067712,17.285793322867704,1072.1540740966798,1086.294178466797
2022-03-22,1146.4031982421875,1148.124249688356,1111.2794206216663,1114.223273968924,22557065.0,2.583692953305494,20.31609810017909,1074.571517944336,1087.3327185058595
2022-03-23,1150.049072265625,1161.6664689349448,1142.7119015169374,1142.7119015169374,15462187.0,0.3180272027352826,20.698736021407328,1077.7260833740233,1088.2675378417969
2022-03-24,1167.9166259765625,1170.407753742212,1136.823891628139,1136.823891628139,13168266.0,1.5536340267409576,22.573952654082152,1082.0208770751954,1089.5415930175782
2022-03-25,1175.7069091796875,1184.8331776508987,1167.169339474114,1169.6604672992412,14222488.0,0.6670239150514012,23.391550231908663,1087.0437408447265,1090.8124792480469
2022-03-28,1187.5281982421875,1191.0608703717303,1171.472198621402,1182.115739135411,9891424.0,1.0054622432003946,24.632205680790143,1095.3366729736329,1091.726016845703
2022-03-29,1187.7999267578125,1194.7974641560254,1180.9382429362058,1194.7974641560254,8684065.0,0.0228818579657508,24.660723845073605,1103.0045684814454,1092.5163610839843
2022-03-30,1210.626953125,1217.4433519238278,1185.3314742474283,1195.6580225208536,15811550.0,1.9217905181637465,27.05644181580251,1110.101791381836,1093.7297302246093
2022-03-31,1193.325439453125,1209.1550162306944,1190.5400818204482,1207.0036419353132,13223718.0,-1.429136665693298,25.24063161968759,1115.4507537841796,1094.4770471191407
2022-04-01,1202.8819580078125,1207.094137293246,1187.5507515318518,1193.891542920345,7922880.0,0.800830874691405,26.243597265356588,1121.736117553711,1095.6913171386718
2022-04-04,1206.4375,1211.555489970758,1196.45070474843,1202.7009276541294,7929162.0,0.295585279047339,26.61675475461278,1129.393832397461,1096.9785095214843
2022-04-05,1189.3851318359375,1209.2456310104756,1186.9620503043643,1200.7307025551163,13149870.0,-1.4134481201108606,24.827092614788327,1138.1464721679688,1098.3245788574218
2022-04-06,1186.214599609375,1193.212136245702,1171.7439190700502,1171.7439190700502,12257215.0,-0.2665690146696597,24.4943422639643,1146.8322998046874,1099.6036169433594
2022-04-07,1165.2899169921875,1180.3041331292436,1162.640293061963,1175.3672812713685,15496499.0,-1.7639879515964574,22.29827706600873,1151.7860900878907,1101.3695471191406
2022-04-08,1184.6748046875,1188.9096265891387,1159.4698932414146,1159.4698932414146,15152495.0,1.6635248801730065,24.332739333024712,1156.8451904296876,1103.5652941894532
2022-04-11,1182.206298828125,1195.0464967892808,1169.886872844364,1177.5864392090166,9254209.0,-0.2083699129590388,24.073667312296894,1161.624609375,1106.0300744628905
2022-04-12,1159.945556640625,1178.7642727503164,1157.3865016457237,1171.6986884850992,13217742.0,-1.8829828778248128,21.737381400917037,1164.8448669433594,1108.0700183105469
2022-04-13,1155.68798828125,1174.2349955581562,1152.9025109003892,1166.0371790472568,10354235.0,-0.3670489821699485,21.2905455815646,1169.1068237304687,1109.565098876953
2022-04-18,1152.1551513671875,1159.3792305452218,1142.1683569783831,1147.2410619855225,9974224.0,-0.3056912375905662,20.91977101169597,1172.2885681152343,1111.061082763672
2022-04-19,1196.0655517578125,1208.3849780863477,1155.416224906424,1158.5639783200388,26141820.0,3.811153414409452,25.528208993304325,1175.8915222167968,1113.391346435547
2022-04-20,1231.234619140625,1238.2775602010167,1199.824772027751,1203.4481327307994,25072240.0,2.940396312821303,29.21923582209405,1181.5767700195313,1116.7039880371094
2022-04-21,1260.06298828125,1263.1880996959114,1237.3717275306717,1245.9319403276972,21708633.0,2.34141963623038,32.24480038341942,1187.2597595214843,1120.7874963378906
2022-04-22,1249.5101318359375,1269.0761631730086,1242.897512398799,1249.555416364938,15054154.0,-0.8374864227784995,31.13726813537776,1192.2328125,1124.7885778808593
2022-04-25,1220.6136474609375,1249.328584610634,1206.414674700888,1242.0819834455958,17063215.0,-2.312625055111928,28.10455481588969,1194.8676635742188,1127.858905029297
2022-04-26,1257.1416015625,1265.9055943331985,1226.3658564890222,1227.4075203143414,12227666.0,2.9925893567998463,31.938198088885848,1198.9393981933595,1131.411141357422
2022-04-27,1258.3646240234375,1280.851985416539,1247.811532355269,1248.173928367214,19338945.0,0.0972859747396359,32.06655545095052,1202.481219482422,1135.010028076172
2022-04-28,1277.16064453125,1291.269050141953,1261.874601680994,1272.6767577965609,25614076.0,1.493686340904521,34.039215550624455,1206.9492553710938,1139.0269567871094
2022-04-29,1263.75439453125,1293.6016912062305,1257.8890896131295,1293.6016912062305,18214862.0,-1.0496917562723973,32.63221695481735,1209.6056274414063,1143.1186193847657
2022-05-02,1259.3157958984375,1270.6613674733935,1249.1703841481765,1250.9594824534263,9467006.0,-0.3512232006487981,32.16638183733718,1212.9051452636718,1146.4022790527345
2022-05-04,1220.0023193359375,1263.6410258882418,1212.1442565160846,1261.3764403153348,19247660.0,-3.121812391343226,28.040395351949176,1213.761163330078,1148.9449597167968
2022-05-05,1196.1109619140625,1236.4659436174286,1192.0800401164388,1233.5219702392728,17210669.0,-1.958304262477084,25.532974832079457,1213.2448364257812,1150.7330798339844
2022-05-06,1186.9393310546875,1204.3087009820067,1174.6651887519583,1183.112189870724,19649948.0,-0.7667876268517948,24.57040351344808,1213.1225463867188,1152.510780029297
2022-05-09,1140.583251953125,1176.2732081933118,1135.4652620079833,1166.2410086662385,18083752.0,-3.905513777218217,19.705289241894054,1210.8409790039063,1153.583289794922
2022-05-10,1120.8133544921875,1144.3424996019623,1113.2722828322585,1130.0303130323607,19511677.0,-1.7333147253463244,17.63041983644589,1208.6171508789062,1154.359141845703
2022-05-11,1109.331787109375,1125.4783543216397,1096.9444341111473,1119.9073998813726,16643899.0,-1.02439601890848,16.425418498616008,1204.85,1155.0407849121093
2022-05-12,1086.731201171875,1102.7870793042052,1073.4153958980503,1099.4581878859078,20490321.0,-2.037315273944429,14.05346566479,1200.0762451171875,1156.3420178222657
2022-05-13,1099.0506591796875,1122.3306194635952,1093.955311378371,1098.7789520224087,19308778.0,1.1336251314518098,15.346404414857815,1197.0315002441407,1157.634190673828
2022-05-16,1099.322509765625,1123.689419002713,1094.544153545097,1102.60611718799,13437911.0,0.024735036885426,15.374935390535828,1194.2132263183594,1158.2469909667968
2022-05-17,1145.497314453125,1150.366239393939,1101.496331090796,1102.9003909379085,16551828.0,4.2002964805427645,20.221024741173,1193.8803344726562,1159.4300134277344
2022-05-18,1149.664306640625,1163.9991359295225,1136.0315073346198,1150.2531253037505,17276788.0,0.3637714497383593,20.65835450576425,1191.5602722167969,1160.879805908203
2022-05-19,1123.16845703125,1137.956250241304,1116.918234266966,1125.0481241931686,14699118.0,-2.3046596694644816,17.877590071630433,1186.156964111328,1162.277510986328
2022-05-20,1188.660400390625,1197.6961004424857,1133.2006360812218,1137.956229855782,21793091.0,5.830999165742501,24.75103136530454,1182.5868347167968,1165.764072265625
2022-05-23,1180.7117919921875,1201.84037705705,1174.4161648907582,1191.8534622113486,15252755.0,-0.6687030539442085,23.91681740873788,1179.1469177246095,1169.1283471679687
2022-05-24,1184.7652587890625,1194.7973375363194,1176.5448004718992,1180.7569797022973,13527818.0,0.3433070478643829,24.342232576391297,1177.3544982910157,1171.4993701171875
2022-05-25,1183.021484375,1203.2668983706208,1178.265771420119,1193.4386006376571,12714544.0,-0.1471831150623659,24.15922180514727,1173.6484924316405,1173.4899438476561
2022-05-26,1171.743896484375,1193.393371125466,1154.0347740615534,1188.6376579513867,17882023.0,-0.9532868201952428,22.975628307621832,1169.3174560546875,1175.1924633789063
2022-05-27,1166.3087158203125,1179.9188694731724,1150.4566191933434,1174.4386043587865,16521973.0,-0.4638539769970085,22.405200964979866,1163.7748596191407,1176.6078295898437
2022-05-30,1206.9356689453125,1211.1024440039564,1174.959644745959,1184.3802630005096,13853398.0,3.4833790208302906,26.66903805579912,1160.9339233398437,1179.3375659179687
2022-05-31,1192.3743896484375,1213.2765527152142,1184.697464521731,1196.3373846577454,70620653.0,-1.2064668955885205,25.1408180446955,1157.5868530273438,1181.4146484375
2022-06-01,1192.75927734375,1202.587575606305,1184.9237375655662,1193.1215535044294,9776989.0,0.0322790977946185,25.18121237173312,1156.2247009277344,1182.7897045898437
2022-06-02,1233.8843994140625,1237.575687367432,1192.985882501402,1192.985882501402,22126569.0,3.447897899557506,29.497332763738736,1158.1133728027344,1185.1167993164063
2022-06-03,1258.88525390625,1276.02820063973,1241.9008029974498,1242.806733024834,23939791.0,2.026190987102172,32.121196048735314,1161.7106689453126,1187.3664404296876
2022-06-06,1253.47314453125,1274.5111629536582,1246.3396331112071,1259.1120268728405,11093152.0,-0.4299128421916598,31.553190059664598,1167.3551635742188,1189.434921875
2022-06-07,1255.8282470703125,1264.1392757142603,1246.452912224144,1254.537398429056,12358255.0,0.1878861584978963,31.80036029484912,1174.105908203125,1191.193154296875
2022-06-08,1233.7711181640625,1259.564728048269,1230.260968517713,1255.8281557796806,12479250.0,-1.7563810144983203,29.48544378959001,1180.3278747558593,1192.3544384765626
2022-06-09,1267.6041259765625,1269.528957983228,1227.4076388685442,1227.4076388685442,17278305.0,2.742243461076144,33.03624990495546,1189.3715209960938,1193.95595703125
2022-06-10,1229.33251953125,1263.5957731905055,1223.5577842447772,1255.4432409626409,18093057.0,-3.019208099833859,29.019608672109843,1195.8856140136718,1194.7866088867188
2022-06-13,1206.0750732421875,1210.558959942895,1184.9691305419672,1200.2325310142617,17620803.0,-1.8918759505305085,26.578717724173615,1201.2232421875,1194.6955712890624
2022-06-14,1190.3135986328125,1210.1288135182251,1183.6783373201108,1200.2552293704457,14714312.0,-1.3068402588741646,24.92453608178744,1203.4640563964845,1194.6353344726563
2022-06-15,1175.91064453125,1194.4802922065517,1170.520948203621,1185.535162159316,11195535.0,-1.2100134047116406,23.412932449423973,1204.7763732910157,1194.095908203125
2022-06-16,1159.4698486328125,1204.331357067944,1156.752298028243,1188.0036507794862,17111475.0,-1.398133095817944,21.68745539632915,1206.5914428710937,1193.1565551757812
2022-06-17,1173.057373046875,1188.8415454022556,1157.7035234680366,1159.4698594973618,24457187.0,1.1718738896129288,23.113478913053108,1205.8112915039062,1192.83
2022-06-20,1151.7928466796875,1185.3314250139977,1141.8512172581657,1179.8510396489687,12066797.0,-1.8127439335686943,20.88174679265136,1204.3653442382813,1192.1415649414062
2022-06-21,1170.38525390625,1174.5973137201734,1145.112415821389,1159.4698864092793,11720049.0,1.614214507422873,22.83303748620453,1203.6463439941406,1192.2434716796874
2022-06-22,1134.8311767578125,1158.6999555030718,1132.7477291666964,1158.6093864513275,10617206.0,-3.037809732288843,19.1016035189826,1201.2368286132812,1191.2465991210938
2022-06-23,1116.419921875,1143.6177098347453,1107.3842221697334,1139.1111811125647,19446323.0,-1.6223783114077903,17.169324934951735,1198.4706298828125,1189.9308715820312
2022-06-24,1132.3175048828125,1137.2768791745684,1117.8014186070498,1123.2365200121849,14240234.0,1.423978800119663,18.83779128226879,1196.7710693359375,1189.378310546875
2022-06-27,1128.9658203125,1152.6534598644344,1123.9383995696694,1152.6534598644344,15474529.0,-0.2960021863001594,18.486028821922453,1192.872576904297,1188.8438671875
2022-06-28,1144.840576171875,1147.67133814574,1124.187598454475,1124.187598454475,13572847.0,1.406132548368988,20.15209943845735,1190.4958862304688,1188.6975756835936
2022-06-29,1168.59619140625,1176.2279518820312,1132.7477384681235,1135.555858296585,19205146.0,2.0750151356278,22.64527368757992,1189.2877319335937,1188.1481884765626
2022-06-30,1175.6163330078125,1184.7878859438251,1162.1873163749465,1168.5281075997498,23112959.0,0.6007328838813608,23.38204417714751,1186.3743286132812,1187.0358227539064
2022-07-01,1090.943359375,1173.9631898181497,1071.150907551117,1166.2183382001654,81997149.0,-7.20243256710944,14.495535645367276,1177.9772338867188,1183.6534301757813
2022-07-04,1093.2080078125,1106.025565464495,1071.6490989100685,1077.4691189892487,41857728.0,0.2075862525802829,14.733212637185211,1169.9639770507813,1180.5273876953124
2022-07-05,1102.0626220703125,1116.397451638623,1094.7479726674217,1097.4202390673574,17647327.0,0.8099660992723967,15.662512764152536,1162.2756958007812,1178.1563671875
2022-07-06,1092.3699951171875,1106.0027924376789,1081.5679595799388,1096.106567126978,23943726.0,-0.8794987470781446,14.645262413552707,1155.2056396484375,1174.8609350585937
2022-07-07,1081.61328125,1102.0624779330788,1075.6800503518657,1098.7335863010785,23301033.0,-0.9847134135200776,13.516335136601176,1145.9060974121094,1171.325908203125
2022-07-08,1083.10791015625,1095.155510044553,1079.0995110804106,1095.155510044553,19010108.0,0.1381851473312823,13.673197851554765,1138.5948669433594,1167.444853515625
2022-07-11,1097.8277587890625,1100.046939975301,1073.4154479368833,1076.3594210782474,13847467.0,1.359038051036765,15.218059864187694,1133.1825012207032,1164.1263208007813
2022-07-12,1096.2650146484375,1104.9837222205626,1088.8145132177926,1088.8145132177926,10778989.0,-0.1423487544483959,15.054048391071406,1128.4800720214844,1160.8653051757813
2022-07-13,1076.8349609375,1102.4022679488555,1074.7742754785731,1099.3677256155834,14224132.0,-1.7723865535532513,13.014845908069406,1123.5262878417968,1158.0019580078124
2022-07-14,1085.712158203125,1102.3796184650855,1076.5632467388843,1081.5680252499114,16970315.0,0.8243786269621634,13.94651614302973,1119.8384033203124,1155.7939819335938
2022-07-15,1087.818359375,1093.7968755659167,1079.348834704648,1093.7968755659167,9603210.0,0.1939925933371444,14.167563944712946,1115.5764526367188,1153.8115625
2022-07-18,1097.080322265625,1098.3257662865883,1083.5153331838935,1096.5141460013815,15160908.0,0.8514254986417447,15.139615695316344,1112.8408264160157,1152.94150390625
2022-07-19,1103.806396484375,1108.2902834767383,1087.1389350761635,1087.1389350761635,16439888.0,0.6130885845130996,15.845523535396566,1109.5118835449218,1152.6013647460939
2022-07-20,1133.6534423828125,1151.543703777921,1126.0670869457035,1150.411470927765,23924246.0,2.7040109564050674,18.9779991842985,1109.4529968261718,1153.0877978515625
2022-07-21,1126.0897216796875,1132.2947793542016,1117.484344754926,1129.577228851476,16523230.0,-0.6671986711588751,18.18417955476945,1109.9364868164062,1153.8749682617188
2022-07-22,1133.6988525390625,1139.6773678755285,1130.030207237111,1132.2947927493988,10969995.0,0.675712664176098,18.982765023073632,1110.0055541992188,1154.5679321289062
2022-07-25,1096.2425537109375,1117.5523977830069,1088.3618480432954,1117.5523977830069,23110452.0,-3.3039019792810764,15.051691094472952,1108.3693908691407,1154.5063330078126
2022-07-26,1096.7406005859375,1106.8860099199687,1092.1435031628123,1096.5594625121937,11303288.0,0.0454321786099276,15.103961584264749,1105.9643920898438,1153.5311987304688
2022-07-27,1095.6990966796875,1099.2317688342157,1087.908840568981,1096.0387306174955,8655086.0,-0.0949635589029496,14.994654765906043,1102.3195373535157,1152.45189453125
2022-07-28,1112.86474609375,1117.7788361232904,1096.5143960795697,1103.3081533989875,12496073.0,1.5666390039089872,16.796205879879224,1099.1819580078125,1152.2458203125
2022-07-29,1136.5750732421875,1140.039939090813,1115.9900179542542,1120.8361818885808,15130683.0,2.13056683048527,19.2846271016212,1101.4635437011718,1151.2041137695312
2022-08-01,1166.1956787109375,1172.038340631328,1135.7369249153332,1140.9681259695833,15700044.0,2.606128373399419,22.393337613620258,1105.1129272460937,1150.9137915039062
2022-08-02,1170.6343994140625,1181.1194448466035,1160.1719962455124,1165.1314906618964,13917913.0,0.3806154305108888,22.859185542494977,1108.5415161132812,1150.6311743164063
2022-08-03,1180.4625244140625,1182.11564904104,1162.8440902328596,1177.586478112168,14250977.0,0.8395554585547194,23.89065654105287,1112.946142578125,1150.5799951171875
2022-08-04,1164.8594970703125,1185.6258045890304,1148.1468730281574,1182.115655170841,14467127.0,-1.321772357957296,22.25310408880141,1117.1084533691405,1150.4423071289064
2022-08-05,1147.69384765625,1167.984546831775,1144.5008098568317,1166.7164604960217,13942438.0,-1.4736240256644773,20.451552974828235,1120.3377502441406,1150.070009765625
2022-08-08,1162.708251953125,1170.1361123075012,1146.3352600049257,1146.3352600049257,10165178.0,1.3082238201012064,22.027328882526746,1123.5817749023438,1149.1854614257813
2022-08-10,1169.660400390625,1173.011933912273,1158.133573794528,1167.1239881901556,10724688.0,0.5979271606459946,22.756963425326184,1127.2515441894532,1148.731181640625
2022-08-11,1173.5556640625,1182.0704726435374,1168.618812190309,1178.990645714219,8198226.0,0.3330251815462093,23.165775025633994,1132.087579345703,1148.347109375
2022-08-12,1192.5328369140625,1196.31469366612,1169.5247047340197,1173.193230375856,12650587.0,1.6170662741185282,25.157447234830244,1137.42861328125,1147.520078125
2022-08-16,1200.821044921875,1203.5385951585092,1189.9510835759586,1198.51117514086,6607378.0,0.6950087872850563,26.02730249105396,1143.0787475585937,1146.3587939453125
2022-08-17,1207.09423828125,1212.4160085847718,1202.746205068067,1207.0263114935751,6595965.0,0.5224086791203009,26.685680057328437,1148.579443359375,1145.4312158203124
2022-08-18,1209.2833251953125,1212.7820913718715,1199.6955520359063,1208.6925853891362,7410035.0,0.1813517822087718,26.9154267959157,1153.853289794922,1144.5003173828125
2022-08-19,1187.72216796875,1209.464997552082,1183.6779742626552,1204.148579928399,9460724.0,-1.7829698613499143,24.6525629867409,1156.5567260742187,1143.5793383789062
2022-08-22,1184.427734375,1195.651309470641,1175.0672431781986,1189.1535324408326,9471680.0,-0.2773740932514701,24.30680907044172,1159.4736267089843,1141.915810546875
2022-08-23,1202.6944580078125,1205.602604315162,1177.498175517267,1178.7023711633794,9678484.0,1.542240451035326,26.223918963317328,1162.923406982422,1141.3830493164062
2022-08-24,1199.4910888671875,1213.2366377896576,1197.491828079034,1199.650222045227,10369622.0,-0.2663493723859989,25.887722347357524,1168.0858337402344,1141.2513696289063
2022-08-25,1195.9921875,1210.0102083418858,1191.6981161929027,1203.671444195302,7871946.0,-0.2916988212469218,25.520509345175668,1173.0484130859375,1141.36494140625
2022-08-26,1189.60791015625,1204.148643044039,1184.6096383933834,1196.4238336256965,10742038.0,-0.533805940412968,24.850473409854512,1177.7438537597657,1141.63888671875
2022-08-29,1180.3609619140625,1206.4205794013706,1171.4547933496003,1174.6128173581192,19838975.0,-0.7773105880720776,23.8799974607816,1181.1186645507812,1142.056708984375
2022-08-30,1198.6729736328125,1201.990130578996,1170.795826558723,1187.790261371782,23139054.0,1.5513908295522905,25.801860381037777,1184.2235595703125,1142.5690209960937
2022-09-01,1163.4345703125,1183.677893017874,1159.026918701398,1173.54493369258,19909939.0,-2.939784586409389,22.103556680139768,1184.0855041503905,1142.80185546875
2022-09-02,1149.8482666015625,1170.2278880627014,1147.6671567250864,1163.4346809089884,12999345.0,-1.1677754862732148,20.67766127736137,1183.0461975097655,1142.3911157226562
2022-09-05,1167.7060546875,1173.022472536249,1150.0754462865928,1150.0754462865928,11327815.0,1.5530560513620673,22.551852998471663,1182.4083740234375,1143.04861328125
2022-09-06,1179.997314453125,1184.1550886922698,1168.705591439244,1169.1600343727337,10899618.0,1.052598786850889,23.84183231639687,1183.165264892578,1144.3201611328125
2022-09-07,1173.135986328125,1179.1112920563703,1167.7968526449283,1170.0688269822715,7488501.0,-0.5814698085291781,23.12172945114768,1184.4373718261718,1145.1365307617189
2022-09-08,1174.7945556640625,1180.519984126391,1168.2513462113554,1176.0896159479148,7057077.0,0.1413791201758885,23.29579786899105,1185.0416870117188,1146.05310546875
2022-09-09,1167.4788818359375,1185.9727033347192,1165.0704903678632,1185.9727033347192,8314850.0,-0.6227194187148566,22.52801099320143,1184.9326110839843,1146.5058715820312
2022-09-12,1180.5426025390625,1186.8814864106484,1168.04668408102,1168.04668408102,7435419.0,1.1189684804046696,23.89906081588213,1185.2819580078126,1146.7447998046875
2022-09-13,1190.4031982421875,1194.9244314739492,1181.8833232158256,1189.608013111493,8888657.0,0.8352596239997734,24.93393964539212,1185.1754760742188,1147.040537109375
2022-09-14,1176.135009765625,1185.9726599528265,1169.046493026583,1170.0688394223357,8678219.0,-1.1986013224453362,23.4364797926194,1183.9411743164062,1148.7443701171876
2022-09-15,1164.47998046875,1183.041952132411,1161.7762789427293,1173.704175948456,10365600.0,-0.990960153392384,22.213273463124292,1181.8104614257813,1150.1698095703125
2022-09-16,1135.625732421875,1160.0722649582217,1131.899684568862,1155.8690579820689,20217708.0,-2.4778655306087805,19.184992886152894,1178.1275817871094,1150.8410717773438
2022-09-19,1137.1024169921875,1146.3038949822844,1127.5146444730449,1135.6256276709717,7580254.0,0.1300326796191298,19.339972326106626,1175.5965942382813,1151.7357202148437
2022-09-20,1137.2841796875,1153.119972213298,1133.5808482063046,1146.1903481529216,8411448.0,0.0159847250868816,19.359048492601705,1173.2394165039063,1152.8491381835938
2022-09-21,1140.419677734375,1150.9843653188254,1133.7173348356014,1134.512519912323,9207309.0,0.2757004891896564,19.68812197318792,1170.1256774902345,1153.9953735351562
2022-09-22,1129.673095703125,1137.352352488463,1123.3116153435435,1129.6276634257686,10308170.0,-0.9423357243887432,18.5602580419846,1166.6347778320312,1154.6322802734376
2022-09-23,1108.498291015625,1134.1488981287762,1106.9533532004175,1129.1733426023927,9528051.0,-1.874418782570053,16.33794229658212,1162.2600830078125,1154.8769458007812
2022-09-26,1080.257568359375,1098.637929447728,1079.257938059937,1087.845960638479,12479523.0,-2.547655949056571,13.37405178865325,1156.7925659179687,1154.9453979492187
2022-09-27,1088.8455810546875,1102.363845481466,1072.4191704410875,1087.8231145473603,16154822.0,0.7949967625179744,14.2753718299085,1152.216796875,1155.00806640625
2022-09-28,1059.855224609375,1080.5529923156532,1057.4242371952328,1072.532873252523,16997059.0,-2.662485567258454,11.232806548006248,1145.2759094238281,1154.4488037109375
2022-09-29,1056.6063232421875,1075.7817488504493,1051.017191660742,1072.3738473223364,14671827.0,-0.3065419966566618,10.89183128187674,1139.9344970703125,1153.6393237304687
2022-09-30,1080.4393310546875,1091.458340177691,1050.108360317172,1050.108360317172,18613024.0,2.255618510721069,13.393127955148332,1136.4640502929688,1153.171982421875
2022-10-03,1076.690673828125,1098.2516553264609,1073.7370949613044,1086.687337582096,11852723.0,-0.3469567534998163,12.999702839703264,1131.91328125,1152.0327270507812
2022-10-04,1096.547607421875,1098.7287171700252,1086.0737854797874,1089.5499554327275,8948850.0,1.84425611518948,15.083706769470416,1127.7407958984375,1151.441884765625
2022-10-06,1100.591552734375,1113.2691990866022,1098.7967377192742,1103.726980263936,13352162.0,0.3687888501264336,15.508122648348422,1124.11357421875,1150.7797387695311
2022-10-07,1105.2493896484375,1110.4976589700225,1097.206554532043,1097.206554532043,7714340.0,0.4232121264687416,15.996967030452613,1120.6363159179687,1150.9598754882813
2022-10-10,1093.1851806640625,1098.547030597458,1085.0969133921378,1092.8216022630288,6329527.0,-1.0915372672779755,14.7308169064031,1116.921630859375,1150.8887670898437
2022-10-11,1071.41943359375,1096.9110251312234,1068.32955827905,1096.9110251312234,9215177.0,-1.9910393458764888,12.446481199951087,1111.4654724121094,1150.403173828125
2022-10-12,1079.3033447265625,1082.2342073300697,1064.6944639855951,1068.7386577474497,7417103.0,0.7358379814307092,13.273905117402652,1105.9104797363282,1149.7319458007812
2022-10-13,1082.7340087890625,1087.8231445652352,1072.419200033899,1077.5538882747444,7328492.0,0.31785911525819,13.633956550027236,1101.2404296875,1148.6551245117187
2022-10-14,1077.23583984375,1097.9790399185752,1076.5088032110611,1097.365583979867,9106089.0,-0.507804216056873,13.05691852779396,1096.87822265625,1146.875927734375
2022-10-17,1094.5255126953125,1096.911067683068,1064.9216983657,1070.1018190034106,16729355.0,1.6050034924636636,14.871486018636858,1094.8232116699219,1145.35375
2022-10-18,1113.83740234375,1119.176536172448,1099.7056807153497,1100.5462980220425,12415820.0,1.7644074463720072,16.898287071707863,1093.6599609375,1144.0212475585938
2022-10-19,1133.2174072265625,1148.6441893082867,1109.497912475689,1115.3142054707246,19247142.0,1.7399312361061623,18.932236882941588,1093.4566223144532,1143.3884057617188
2022-10-20,1136.2618408203125,1144.6227018334394,1129.173323936751,1129.173323936751,8717053.0,0.2686539735743176,19.251753063188424,1093.24873046875,1143.159765625
2022-10-21,1123.0843505859375,1143.6231056125362,1120.9942254138175,1139.4880471639096,8243452.0,-1.159723028704518,17.868763020780776,1092.9192932128906,1142.3672875976563
2022-10-24,1126.8331298828125,1137.1252236758137,1115.6778227953112,1117.8133802746593,3370033.0,0.3337932092918105,18.26220094762041,1093.83603515625,1141.5107421875
2022-10-25,1109.4298095703125,1135.5348605120162,1107.8167232856267,1135.5348605120162,12233241.0,-1.5444452111831208,16.43570604844513,1095.2946472167969,1140.2282250976561
2022-10-27,1113.7918701171875,1121.6529753517275,1105.4537260220727,1116.90446154382,12513059.0,0.3931803985476545,16.893508421538183,1096.5419616699219,1138.6534057617187
2022-10-28,1147.8717041015625,1151.893061521459,1117.5634478847232,1120.0852998000876,17609592.0,3.059802724254878,20.470219176697512,1100.9427856445313,1137.5944189453126
2022-10-31,1158.5272216796875,1163.6846262416873,1150.62068370947,1154.6194450652783,12419943.0,0.9282847150993369,21.588525807561453,1106.0388305664062,1136.6230786132812
2022-11-01,1149.552978515625,1181.428769564145,1139.6244632866772,1181.428769564145,13963166.0,-0.7746251444183727,20.646670513928456,1109.4945129394532,1135.4284716796874
2022-11-02,1156.7322998046875,1158.7998289194838,1142.8051438822936,1150.666129478395,8981896.0,0.624531572118836,21.40014706199811,1113.4965942382812,1134.8086743164063
2022-11-03,1161.049072265625,1163.048452941367,1147.3717940343818,1149.5529038103175,6693449.0,0.3731868178718844,21.853196407710595,1116.7216674804688,1134.3411010742188
2022-11-04,1178.1343994140625,1181.428720196316,1159.2088516372305,1160.4810755593053,12575815.0,1.4715422075225248,23.646317624065397,1120.598809814453,1133.8498999023439
2022-11-07,1184.427734375,1186.1090891689405,1169.6145286927683,1177.3392175630618,11789748.0,0.5341780160283527,24.30680907044172,1124.5577270507813,1133.5486328125
2022-11-09,1183.246337890625,1191.4027533204437,1176.9074538352093,1186.109051967832,11254205.0,-0.099744074719632,24.182820393920924,1129.0607849121093,1133.2937158203124
2022-11-10,1168.932861328125,1179.8610058478407,1164.6160741722886,1176.8847111507705,5966242.0,-1.209678500929623,22.68060751376761,1133.936456298828,1132.88021484375
2022-11-11,1195.878662109375,1197.787058206641,1175.9760787775724,1181.428793587036,12310132.0,2.30516239834635,25.508594748237837,1139.7652221679687,1133.1905688476563
2022-11-14,1190.0849609375,1200.5133505404451,1183.7687931045675,1195.4013783558953,9043112.0,-0.4844723261184125,24.90054033978253,1145.1327697753907,1133.01880859375
2022-11-15,1184.7459716796875,1193.4248592098502,1176.8848651845096,1191.561895358841,7086433.0,-0.4486225297399504,24.34020837605133,1150.5082763671876,1133.4450366210938
2022-11-16,1177.95263671875,1188.6763362500185,1172.954245151571,1185.972635134196,9716161.0,-0.573400131616919,23.62724145757029,1154.6796325683595,1134.0071240234374
2022-11-17,1180.9970703125,1187.3358341262497,1172.340779737592,1174.5900378958909,6661451.0,0.2584512737481947,23.94675763781713,1158.037615966797,1134.2729443359376
2022-11-18,1180.3609619140625,1185.518366679259,1168.2967693410817,1184.495900066872,5303197.0,-0.0538619793755468,23.8799974607816,1160.394793701172,1134.2802172851561
2022-11-21,1159.117919921875,1175.9759375856167,1155.5736016352212,1175.9759375856167,6390268.0,-1.7997072656266044,21.65052014582185,1161.53759765625,1133.9998559570313
2022-11-22,1165.547607421875,1167.1152613187112,1152.5746494360667,1156.4369938334312,6611488.0,0.5547052107030881,22.32532191991814,1163.6607604980468,1133.8149169921876
2022-11-23,1161.9124755859375,1171.3866679891707,1159.7313656787817,1170.0688915510789,6413408.0,-0.3118818839136228,21.943811401410905,1165.414727783203,1133.7035888671876
2022-11-24,1171.931884765625,1178.702375351731,1157.8910283853108,1165.9792953074673,9389439.0,0.8623204750973112,22.99535785523932,1168.5398315429688,1133.5313745117187
2022-11-25,1189.4261474609375,1192.7431844497548,1173.295044904841,1176.430472976704,7349922.0,1.4927712883937128,24.831397243359437,1172.3215454101562,1133.5118334960937
2022-11-28,1230.299072265625,1236.4333911015242,1136.8980043426527,1185.472920181286,31527484.0,3.436356674345764,29.121049294210664,1176.4429138183593,1134.5951147460937
2022-11-29,1232.411865234375,1241.2498849313702,1224.141869160624,1228.6631016268889,11058913.0,0.1717300302323421,29.342788911199925,1180.1371459960938,1135.9537524414063
2022-11-30,1241.113525390625,1247.5205575011094,1226.0503233100228,1232.548219965042,26164986.0,0.7060675413568029,30.256036360787576,1184.7151733398437,1138.0635083007812
2022-12-01,1237.4556884765625,1251.860003139314,1234.1386516701657,1245.8619813701127,9485801.0,-0.2947221861039018,29.87214292289277,1188.7513427734375,1140.0705737304688
2022-12-02,1236.93310546875,1248.6792715763747,1227.1408877532265,1240.5001400003844,11589592.0,-0.0422304420820029,29.817297342795055,1192.5455444335937,1142.0635522460936
2022-12-05,1218.893798828125,1234.4795955595694,1216.8718218980066,1232.3212015923184,14828536.0,-1.4583898321476996,27.924055077978792,1194.583514404297,1143.6330346679688
2022-12-06,1222.4151611328125,1225.5050364637573,1209.146773966004,1211.0098577338963,8594245.0,0.28889820491933,28.293625376759103,1196.4828857421876,1145.4878759765625
2022-12-07,1204.375732421875,1224.5963402295367,1200.5815364526634,1220.0523915216042,8462111.0,-1.4757203022760623,26.40037030054827,1197.53935546875,1147.4054248046875
2022-12-08,1203.8077392578125,1210.9645247591304,1199.6500849785011,1208.6925503476532,7757008.0,-0.0471607944906304,26.34075888167544,1199.2830993652344,1149.8764282226562
2022-12-09,1185.5638427734375,1208.6925984914808,1182.269401621288,1202.3309977712286,12655763.0,-1.5155157995265012,24.426044719581963,1198.7673583984374,1151.8107934570312
2022-12-12,1187.38134765625,1191.8798642806923,1174.6128344148897,1174.8401159938364,9479842.0,0.1533029953545872,24.616793573138303,1198.632177734375,1154.3613159179688
2022-12-13,1192.7886962890625,1196.4237590933476,1184.473147579326,1187.381293975718,8333348.0,0.4554011770090405,25.18429991782132,1199.0343139648437,1157.0849633789062
2022-12-14,1188.4720458984375,1199.1275984061572,1186.4272326920325,1198.5368585654778,7268947.0,-0.3618956487477343,24.7312633835034,1199.560284423828,1159.2456176757812
2022-12-15,1171.5909423828125,1188.2445139678211,1168.251189688057,1182.5646387349402,8688551.0,-1.4204039189549045,22.95957563024213,1199.0899780273437,1161.143623046875
2022-12-16,1165.7974853515625,1189.9714223850988,1162.412300039899,1168.2513090093971,15837349.0,-0.4944948634945212,22.351546844575942,1198.3618041992188,1162.5286206054689
2022-12-19,1181.1107177734375,1183.2463953663826,1166.297391645052,1172.7952889779006,7729933.0,1.313541383841388,23.95868504614953,1199.461444091797,1164.13900390625
2022-12-20,1191.3345947265625,1193.242990634255,1165.9792991040035,1174.1129983269077,7467588.0,0.8656154583372544,25.031690585860588,1200.7507934570312,1165.8607080078125
2022-12-21,1174.3856201171875,1196.4237592798247,1170.5687080191292,1190.9710448813423,8527550.0,-1.4226880243719542,23.25287969722576,1201.3744506835938,1167.484716796875
2022-12-22,1171.34130859375,1183.5417989966502,1166.3202002479725,1180.5200715713056,7451122.0,-0.2592258855429241,22.933376328373463,1201.344921875,1169.483154296875
2022-12-23,1136.989013671875,1177.1122091165366,1132.467780452847,1164.7525851270543,10257115.0,-2.932731448113657,19.32807054056333,1198.7230651855468,1170.6368676757813
2022-12-26,1146.9173583984375,1155.0737739248264,1132.5357596211306,1142.6915558359974,5990242.0,0.8732137784251082,20.370059694052365,1194.5539794921874,1171.9205346679687
2022-12-27,1156.300537109375,1158.1635005411677,1142.9185703008357,1149.6209117724798,5763271.0,0.8181216059054419,21.35483315945068,1190.7484130859375,1173.5018286132813
2022-12-28,1156.1871337890625,1158.6181211536698,1145.75874366298,1153.2562711921107,7459393.0,-0.0098074260690084,21.342931373907412,1186.5020935058594,1174.7350610351561
2022-12-29,1155.6646728515625,1158.2092411945275,1147.576404624278,1148.2580090394192,6930648.0,-0.0451882677320436,21.288098605204265,1182.4125427246095,1175.5716064453125
2022-12-30,1157.4365234375,1170.977503884203,1154.6647942823151,1156.4823255378851,7289476.0,0.1533187461346896,21.474055997196363,1178.4377136230469,1176.0559887695313
2023-01-02,1170.477783203125,1171.88642405352,1157.8910002870923,1158.708901395193,5316175.0,1.1267364992849416,22.842748523278587,1176.016912841797,1176.7403076171875
2023-01-03,1161.9124755859375,1169.160125804233,1157.7093889350726,1165.5476587645308,7658932.0,-0.7317787436979528,21.943811401410905,1172.9917785644532,1177.5168701171874
2023-01-04,1144.418212890625,1163.7300547153022,1142.3506838068283,1161.8896870062515,9264891.0,-1.5056437608598985,20.10777201329079,1169.9939025878907,1177.8685717773437
2023-01-05,1142.3734130859375,1152.5292093307503,1137.806748253793,1146.6674842652508,13637099.0,-0.1786759229847168,19.893168343069668,1166.922186279297,1178.5274438476563
2023-01-06,1152.7564697265625,1157.777577935928,1144.3047436595773,1148.0989399434063,6349597.0,0.908902161209868,20.982879941282807,1165.2818176269532,1179.3067358398437
2023-01-09,1179.9747314453125,1182.3376907366148,1155.687332011369,1156.57338165,10722753.0,2.361145865024405,23.83946220840385,1164.9114868164063,1179.9487963867186
2023-01-10,1162.52587890625,1184.155127696438,1156.891435377878,1184.155127696438,8047142.0,-1.4787479828224814,22.00818865905887,1163.3983459472656,1180.02876953125
2023-01-11,1147.8717041015625,1162.344167776754,1145.5768933771294,1159.8450319996036,11509553.0,-1.2605461151948494,20.470219176697512,1161.3683288574218,1179.9951440429688
2023-01-12,1123.0843505859375,1150.757054985232,1120.0853394706564,1147.2810049505638,17688773.0,-2.1594184634968427,17.868763020780776,1158.9429992675782,1179.3221850585937
2023-01-13,1121.2667236328125,1123.6749947373953,1106.2716693328798,1117.0862332620186,20618583.0,-0.161842425475589,17.678001355829885,1156.7164611816406,1178.5265380859375
2023-01-16,1110.5885009765625,1126.7421991055548,1102.8182596793808,1123.584175159578,13623855.0,-0.9523356424645746,16.55731180557838,1153.1903503417968,1177.1756201171875
2023-01-17,1126.356201171875,1128.2645974446718,1113.542254085864,1116.9047238004223,10751000.0,1.4197608008229556,18.21214682908696,1149.9414306640624,1176.014189453125
2023-01-18,1124.492919921875,1131.9450149571076,1117.9724269094495,1123.947732620178,13448286.0,-0.165425577456002,18.016593702571825,1147.446795654297,1174.83912109375
2023-01-19,1123.288818359375,1127.4237562572607,1116.2910462380278,1123.674992689111,11940054.0,-0.1070795147899761,17.890222106663444,1145.044171142578,1173.926240234375
2023-01-20,1109.9295654296875,1124.6291897175156,1107.4758620574123,1124.6291897175156,14930286.0,-1.1892981316416362,16.488155897760713,1143.6911987304688,1172.2072583007812
2023-01-23,1104.3177490234375,1120.6305800710877,1101.9094778576764,1112.8150268033935,10954118.0,-0.5056011283092077,15.899190467195057,1141.5612182617188,1170.4919140625
2023-01-24,1097.7972412109375,1110.3839043654414,1084.8014472016189,1108.7253859560433,16488755.0,-0.590455764952269,15.214857015548478,1138.636053466797,1168.752939453125
2023-01-25,1082.620361328125,1097.2292417944516,1081.4617181061994,1096.2068953996695,12385018.0,-1.3824847898207038,13.622029141694858,1134.95771484375,1166.8462939453125
2023-01-27,1062.081787109375,1084.8015319770325,1050.403768536496,1083.461159577074,25830975.0,-1.897116935206533,11.466486384722474,1130.2785705566407,1164.46798828125
2023-01-30,1072.2603759765625,1077.7812395145372,1045.564583725004,1059.514577771571,21772103.0,0.958362057491846,12.534738897052945,1126.0197631835938,1162.3059765625
2023-01-31,1069.5792236328125,1084.9378563899695,1063.7402148448057,1082.370452122445,22691594.0,-0.2500467613855583,12.253349427007176,1120.974835205078,1160.5152026367186
2023-02-01,1063.240478515625,1081.438989315294,1047.3819702702858,1081.438989315294,19347800.0,-0.5926391404330045,11.5880921418557,1116.0412353515626,1158.4690600585936
2023-02-02,1057.3560791015625,1066.9210156997124,1050.1084290116537,1053.2891691648742,13662663.0,-0.5534401231862107,10.970518867244673,1111.6881286621094,1156.3779321289062
2023-02-03,1058.2874755859375,1067.3753725425988,1041.929212987467,1067.3753725425988,24699575.0,0.0880873059496023,11.068269807713138,1107.4838317871095,1154.1050439453124
2023-02-06,1050.3128662109375,1054.6523697762398,1047.7455820077842,1051.9259524136774,14837879.0,-0.7535390486015814,10.231327024105852,1102.3616516113282,1151.3227783203124
2023-02-07,1047.791015625,1057.560517598404,1041.929290402716,1050.5628652677376,15135435.0,-0.2401047028049108,9.96665642395671,1095.7524658203124,1147.6726171875
2023-02-08,1068.7159423828125,1072.3284093286718,1048.290888887822,1051.017186057536,21160332.0,1.9970515537710565,12.16274724470141,1091.0619689941407,1144.3986987304688
2023-02-09,1070.5789794921875,1077.3040386110729,1060.559599329042,1069.3976200283605,13172763.0,0.1743248168658562,12.358274748427457,1087.197332763672,1140.9880078125
2023-02-10,1061.763671875,1070.0563840638993,1054.7886158361223,1070.0563840638993,10790445.0,-0.8234149732109342,11.433099890507425,1084.131298828125,1137.4741674804689
2023-02-13,1055.72021484375,1067.8298390073717,1051.267130813873,1063.3767549774948,10352493.0,-0.569190413209153,10.798833368788864,1080.8539733886719,1133.8499096679689
2023-02-14,1080.5985107421875,1082.325177803188,1055.8566674193971,1058.7193818882065,14321920.0,2.356523589170778,13.409834013650412,1079.354473876953,1131.08400390625
2023-02-15,1105.0675048828125,1107.4531801088635,1078.2809718116707,1079.6440602664363,33503591.0,2.2643927321183366,15.977878052562966,1078.2900390625,1128.73705078125
2023-02-16,1104.2042236328125,1119.5401413378129,1101.9322491792432,1113.019527781497,17264487.0,-0.0781202276046943,15.887275870257223,1077.2756042480469,1126.7336206054688
2023-02-17,1108.8162841796875,1112.1334412904273,1095.3661670147735,1099.6375221146495,11809520.0,0.4176818425581929,16.371315979402603,1076.5519775390626,1124.8337915039062
2023-02-20,1097.093017578125,1113.155852121636,1095.1390690194628,1110.9974583087271,8836937.0,-1.0572776364152547,15.140948080350247,1075.9101501464843,1123.064375
2023-02-21,1106.0445556640625,1111.8152960708703,1096.161352929149,1101.4551746278107,13311592.0,0.8159324635661491,16.08042045459568,1075.9964904785156,1121.4376391601563
2023-02-22,1080.9617919921875,1104.181409716533,1079.2124090771258,1102.34116225432,11024335.0,-2.2677896241544704,13.447960723851482,1075.154718017578,1119.2011010742187
2023-02-23,1075.7816162109375,1088.1639533747034,1072.987170955967,1080.552846029714,9851910.0,-0.4792191379588972,12.904296384438684,1074.8127807617188,1116.9472924804688
2023-02-24,1083.1429443359375,1088.800224148405,1076.0089953829322,1077.8265267799054,9434053.0,0.6842771817320736,13.676874721792554,1075.8658386230468,1115.1783325195313
2023-02-27,1075.9407958984375,1085.8467152410444,1068.6024012348664,1082.3705449963545,11199715.0,-0.6649305592730914,12.921002442940765,1076.0498596191405,1113.3811987304687
2023-02-28,1055.356689453125,1075.55458156191,1051.3126158801915,1070.6016220746749,21994038.0,-1.9131263099029796,10.76068103579868,1075.3387329101563,1110.8661181640625
2023-03-01,1065.0579833984375,1065.7850199744744,1055.6746563210354,1065.1034156724895,11551145.0,0.9192431376295662,11.778840995412043,1075.4296081542968,1108.3405859375
2023-03-02,1056.9471435546875,1068.57973034707,1054.925046511839,1061.9228195758385,9333535.0,-0.7615397443310634,10.927600695479356,1075.409161376953,1105.99181640625
2023-03-03,1083.9154052734375,1087.5733043694927,1063.9902277008234,1067.443561368033,14643807.0,2.551524159292517,13.757945226548053,1076.6905578613282,1104.2432983398437
2023-03-06,1094.5028076171875,1101.727741256493,1090.5495987349282,1090.5495987349282,10171916.0,0.9767738600485298,14.869103099249292,1078.9000549316406,1103.39357421875
2023-03-08,1098.433349609375,1099.1831022898905,1083.7336057675889,1094.5027369272827,15782657.0,0.3591166660179334,15.28161719258403,1081.4321716308593,1102.4238940429686
2023-03-09,1072.0330810546875,1098.2289976932168,1070.1474010143947,1097.8201071650074,16235128.0,-2.4034474703518383,12.510884080388164,1081.5980285644532,1100.738544921875
2023-03-10,1055.4248046875,1065.1034417835135,1051.9486346812796,1063.967514713159,13334091.0,-1.5492317038246606,10.76782979396138,1080.8403198242188,1098.7232983398437
2023-03-13,1038.0670166015625,1065.1035499544928,1033.7502288751575,1058.2876262665352,12771592.0,-1.6446257477411574,8.946113544955804,1079.6554870605469,1096.3713452148438
2023-03-14,1034.181884765625,1047.359288248378,1031.0465769110588,1036.0221323528851,16027522.0,-0.3742659937945758,8.5383652903962,1078.5785705566407,1093.9062524414062
2023-03-15,1016.5057983398438,1044.3375136051593,1012.120862693993,1037.8851690827282,21728555.0,-1.7091854620705504,6.683243330083721,1075.3739349365235,1090.8268127441406
2023-03-16,1011.4393310546876,1024.207844384365,1000.6701985245504,1019.2095726723304,18363159.0,-0.4984199099927089,6.15151280470061,1070.6925262451173,1087.8173498535157
2023-03-17,1010.1670532226562,1023.2763079373278,1005.4413153341552,1020.0047033408912,34014213.0,-0.1257888429852416,6.017986044932244,1065.9906677246095,1085.1323266601562
2023-03-20,1000.238525390625,1008.7584596340856,990.5826039210764,1006.4864851819102,19524589.0,-0.9828599933404124,4.975977674351384,1060.5617797851562,1082.28962890625
2023-03-21,1031.3416748046875,1033.2956228733449,1007.3950238049272,1008.281073209008,21400360.0,3.109573229237061,8.240282573242897,1057.2742126464843,1079.8613330078124
2023-03-22,1034.477294921875,1041.2250703817986,1031.4782836063534,1038.2942074878824,10920094.0,0.304033105011614,8.56936886522368,1053.695849609375,1076.9513842773438
2023-03-23,1021.3906860351562,1031.4327819622354,1019.232292255806,1030.5694484887376,16249370.0,-1.265045540483034,7.195916906063582,1050.7172943115233,1074.128680419922
2023-03-24,1001.169921875,1022.3902191400674,998.7616507955308,1020.231825565924,12375945.0,-1.9797286617767584,5.07372861481985,1046.9867095947266,1071.1946447753905
2023-03-27,1016.7330322265624,1024.2078438429432,999.7614322476102,1007.6224783212152,14054323.0,1.554492400492391,6.707091741051219,1043.6662139892578,1069.067618408203
2023-03-28,1021.4815673828124,1025.3439120336418,1016.4831753805086,1020.1183586375284,12576424.0,0.4670385446070346,7.205454989311111,1040.9432525634766,1067.0719152832032
2023-03-29,1015.4381103515624,1020.0274916428302,1004.71434981678,1017.391938716083,18804065.0,-0.5916364253869211,6.57118846759257,1038.9473236083984,1065.168907470703
2023-03-31,1059.2191162109375,1064.8536804760474,1024.5260415402947,1024.6623383806666,28171201.0,4.311538577591634,11.166046370970715,1038.6553802490234,1063.8261657714843
2023-04-03,1059.40087890625,1067.375566424132,1051.9260666767912,1065.5580347791372,10293043.0,0.0171600656116099,11.185122537465798,1038.7780670166017,1062.5243249511718
2023-04-05,1056.856201171875,1066.9210129823457,1048.995215362799,1066.9210129823457,16262928.0,-0.2401997001363787,10.918056206534544,1037.4251068115234,1061.1956726074218
2023-04-06,1063.9447021484375,1069.6474143387793,1053.3572991214214,1053.3572991214214,18435046.0,0.6707157481502746,11.66200107705393,1035.897201538086,1060.2759753417968
2023-04-10,1056.4017333984375,1068.0116029231133,1054.902227914822,1067.829873819937,12961408.0,-0.7089624803590211,10.87035938459955,1033.795620727539,1059.317655029297
2023-04-11,1061.6273193359375,1063.7402807994256,1056.0383079017138,1060.559540630498,10542367.0,0.4946589703795023,11.418789562787456,1033.2753326416016,1058.594256591797
2023-04-12,1066.3077392578125,1075.9181086673711,1058.7647789480902,1061.6273731304518,18179087.0,0.4408722191515002,11.91000405288467,1033.8194793701173,1058.2680041503907
2023-04-13,1070.3289794921875,1075.0092249147228,1064.194660902681,1069.1929322468409,12378208.0,0.3771181701423209,12.332037012375109,1035.4325775146485,1058.432947998047
2023-04-17,1075.759033203125,1101.8867990924884,1067.3981721567704,1101.8867990924884,17929479.0,0.5073256741598975,12.901926276445684,1037.5114349365235,1058.502921142578
2023-04-18,1063.4449462890625,1080.0985197030036,1056.9243329412964,1080.0985197030036,10405576.0,-1.1446882186428642,11.609551227738368,1039.8583923339843,1058.3802355957032
2023-04-19,1068.73876953125,1071.4196347028246,1059.7417355351329,1062.8543275704733,12273475.0,0.4977994639647765,12.165142975483544,1042.7233642578126,1058.4902014160157
2023-04-20,1066.0347900390625,1071.91923046536,1059.6960269180329,1069.692688687604,7007330.0,-0.2530065876971465,11.881357774655644,1045.5167510986328,1058.6637756347657
2023-04-21,1067.37548828125,1072.8282030082607,1061.6500596936005,1068.1252410633845,7647317.0,0.1257649613985334,12.022065321073082,1048.873599243164,1058.845535888672
2023-04-24,1071.465087890625,1081.8706418346944,1066.9210188410907,1079.1897769115358,12936186.0,0.3831453555262376,12.451272661515333,1050.8797698974608,1059.2685803222657
2023-04-25,1079.6668701171875,1081.7343994033272,1068.0571198634168,1075.1002048906516,9236126.0,0.7654735855844974,13.312057450392834,1053.1392486572265,1059.9060974121094
2023-04-26,1073.328125,1084.2336751201349,1069.6702254865136,1081.0073822687018,8617834.0,-0.5871019378875131,12.646800165241356,1055.7361206054688,1059.9983410644531
2023-04-27,1080.121337890625,1083.2793621459462,1074.191463763707,1079.1898559504257,9167125.0,0.6329111044793612,13.359754272327852,1059.68369140625,1060.1891882324219
2023-04-28,1099.86474609375,1101.4098041424304,1082.256973708253,1082.3705544049471,15565210.0,1.8278879891107325,15.43184360515717,1063.8402770996095,1060.951209716797
2023-05-02,1109.2025146484375,1111.3609082117491,1103.3180737047812,1106.9986888116582,12981805.0,0.8489924409206928,16.41185123178035,1068.2263244628907,1062.0208557128906
2023-05-03,1099.6829833984375,1110.9974233118685,1096.4795270846323,1110.9974233118685,7061872.0,-0.8582320292536694,15.41276743866209,1072.4385681152344,1062.4025451660157
2023-05-04,1112.360595703125,1114.564421653396,1097.1838117593734,1100.1601065895743,8635233.0,1.1528424551509264,16.743294820359587,1075.0956420898438,1062.548406982422
2023-05-05,1109.5206298828125,1118.4267984938415,1106.9079133744922,1109.1798878043744,8746585.0,-0.255309818711924,16.445237725995398,1077.601629638672,1062.6547351074219
2023-05-08,1123.2205810546875,1128.5597141757223,1110.6110827431748,1113.2692311404735,9153782.0,1.234763086227786,17.883060537106175,1080.9198486328125,1062.9428210449219
2023-05-09,1126.69677734375,1129.9912183396398,1119.290114376559,1124.6292481933926,6464721.0,0.3094847394799593,18.247890619900463,1084.0574523925782,1063.5348962402343
2023-05-10,1134.4443359375,1135.9211253467272,1127.446563252221,1131.445324841298,10872255.0,0.6876347522725146,19.06100420963208,1087.9595825195313,1064.1028918457032
2023-05-11,1127.0377197265625,1140.3059886325332,1125.333648666361,1135.512161983066,10557860.0,-0.6528849390231795,18.283672844897623,1091.2301025390625,1065.0244104003907
2023-05-12,1128.8778076171875,1130.2637323324757,1116.2228762779578,1122.2663301444138,6955341.0,0.163267640329856,18.47679180644699,1094.3586059570312,1066.0863342285156
2023-05-15,1131.1043701171875,1138.056589765274,1123.7885720856236,1131.3998000896129,6833343.0,0.1972368032196358,18.7104716431632,1097.3973754882813,1067.0455627441406
2023-05-16,1114.9962158203125,1135.8074445597897,1113.3375770795326,1133.2628763872494,8717229.0,-1.4241085723332605,17.019905640235677,1099.3592346191406,1067.826671142578
2023-05-17,1108.4073486328125,1120.0852459817609,1103.7271032383842,1119.1764803056624,8798967.0,-0.5909317981543594,16.328397807637284,1101.607354736328,1068.887684326172
2023-05-18,1106.02197265625,1116.4503639599598,1102.8865442699205,1113.0650580248443,10525531.0,-0.2152075209087001,16.07805034660268,1103.4715148925782,1069.706964111328
2023-05-19,1109.6114501953125,1111.4291017814717,1099.1149119209986,1106.0218196807168,8050447.0,0.3245394420548386,16.454769403545665,1105.6503479003907,1070.7602502441407
2023-05-22,1115.5413818359375,1120.5397737195674,1105.2494084549478,1106.4534840047638,7434906.0,0.5344151450114465,17.077121328326395,1108.058642578125,1071.3927697753907
2023-05-23,1115.3367919921875,1121.4483940779485,1113.9281511842048,1118.1086413363598,6092034.0,-0.0183399600482081,17.05564943104918,1110.2522277832031,1071.8094494628906
2023-05-24,1108.8389892578125,1119.630957590089,1105.749113749558,1111.4063935962215,8112254.0,-0.5825866035288563,16.373698898790167,1111.7108337402344,1072.0175622558593
2023-05-25,1108.7027587890625,1112.8151011277312,1097.84276158454,1105.9537453747698,11487863.0,-0.0122858656729896,16.359401382464767,1113.4795654296875,1072.7509558105469
2023-05-26,1138.94287109375,1140.0787982471202,1113.6102893364032,1116.904610291511,12626260.0,2.7275220580957216,19.53312972183965,1116.4206420898438,1074.4213171386718
2023-05-29,1145.3497314453125,1149.6210865747194,1139.2608448772517,1145.5314605509366,10010304.0,0.5625269286254841,20.205535765153805,1118.694891357422,1076.566971435547
2023-05-30,1145.0543212890625,1153.1198717474913,1142.50963326853,1145.3496310598186,11342504.0,-0.0257921356367929,20.174532190326342,1120.487481689453,1078.7844201660157
2023-05-31,1122.3118896484375,1140.4650896335454,1118.2678159183406,1135.9892890678166,27107927.0,-1.9861443442283464,17.7876925160253,1121.6189270019531,1080.9005419921875
2023-06-01,1119.2900390625,1129.1278089205923,1116.904484137778,1126.9694153626442,14592692.0,-0.2692523008808289,17.47054644377146,1121.965399169922,1083.0575561523438
2023-06-02,1115.6322021484375,1128.1962696801756,1113.7238061790024,1122.8117036497752,15800644.0,-0.3267997379058474,17.08665300587664,1122.270977783203,1085.1668591308594
2023-06-05,1125.651611328125,1128.605189788234,1117.1089018534483,1121.0849468212546,10908682.0,0.8980925039984156,18.13819945970505,1122.392529296875,1087.6751208496094
2023-06-06,1126.60595703125,1130.400153216662,1118.722254852153,1128.4690410109154,7493309.0,0.0847816227970366,18.2383589423502,1122.38798828125,1089.5804064941406
2023-06-07,1135.148681640625,1135.9892989888378,1123.5388113588674,1130.0821412207565,10312545.0,0.7582708538028893,19.13492595622488,1122.4232055664063,1091.5938342285156
2023-06-08,1135.8302001953125,1143.6458744813403,1131.8997070078417,1138.7156307485393,12071109.0,0.0600378228605702,19.206451972035545,1122.8628295898438,1093.8826245117189
2023-06-09,1127.787353515625,1139.874261684162,1125.9924180855612,1139.1699412328312,5877018.0,-0.7081029081903667,18.362347618871013,1122.8083068847657,1096.4149731445314
2023-06-12,1128.787109375,1131.0818000837537,1120.085385478967,1124.8566162073034,6391969.0,0.0886475501129302,18.467272940291267,1122.6924438476562,1098.6560546875
2023-06-13,1145.46337890625,1146.6448585440896,1129.741286337972,1133.7173319025069,11248016.0,1.4773617976983733,20.217463173486205,1124.215802001953,1101.1356909179688
2023-06-14,1159.549560546875,1160.9809175855808,1143.7138887627082,1145.5314201372407,13277380.0,1.2297365328322707,21.695821236974734,1126.7729125976562,1104.017919921875
2023-06-15,1159.8675537109375,1164.4115017392658,1152.1200297754235,1159.5266915036598,11813494.0,0.0274238527512737,21.72919491979524,1129.4651916503906,1106.030888671875
2023-06-16,1171.1595458984375,1173.431520437393,1163.3438717544047,1163.3438717544047,24171579.0,0.9735587612026864,22.91430016187837,1132.5425964355468,1108.2660620117188
2023-06-19,1159.52685546875,1174.1584519189826,1155.3692013285906,1174.1584519189826,6798554.0,-0.9932626575454018,21.69343831758717,1134.7418701171875,1110.3194750976563
2023-06-20,1161.9351806640625,1165.070488566,1151.893084884151,1157.5957972211602,6921096.0,0.2076989578942534,21.946194320798472,1137.0717895507812,1112.2792846679688
2023-06-21,1165.2069091796875,1167.728761153971,1157.800246036839,1161.889751966922,6961603.0,0.2815758202411311,22.289565317710093,1139.890185546875,1114.4553881835936
2023-06-22,1152.1202392578125,1169.296404389101,1150.52986917785,1161.4354185434336,7619166.0,-1.1231198355224348,20.91610695285273,1142.0610595703124,1116.2652465820313
2023-06-23,1142.6915283203125,1151.165969570004,1141.441900396204,1149.1211566554268,6628570.0,-0.8183790733139018,19.92655483728472,1142.2484924316407,1117.7929223632811
2023-06-26,1133.9671630859375,1142.9869124040958,1130.8545713330911,1139.1700001634836,12641159.0,-0.7634925977966556,19.01092446830952,1141.6793640136718,1119.0656860351562
2023-06-27,1134.376220703125,1140.305974461151,1129.92313620631,1134.4216529822015,9689466.0,0.0360731448408424,19.05385545146938,1141.145458984375,1120.2380297851562
2023-06-28,1149.3939208984375,1153.1881169201986,1135.0122016455275,1141.896393407388,11354006.0,1.3238729727606646,20.62997726682092,1142.499560546875,1121.9570092773438
2023-06-30,1158.8226318359375,1161.7307784588777,1151.1888070463274,1157.0732487107562,11151555.0,0.8203202371324547,21.619529382388937,1144.4761901855468,1123.7586865234375
2023-07-03,1188.562744140625,1191.42545819076,1161.1399194836954,1162.3668312740965,12154387.0,2.566407618184829,24.740782249659095,1148.1227172851563,1126.2092456054688
2023-07-04,1176.31689453125,1192.7887391966194,1169.2736896643748,1192.7887391966194,8061643.0,-1.0303073749993064,23.45556877050905,1150.6559814453126,1128.3880737304687
2023-07-05,1174.3856201171875,1185.5183304828597,1170.432411192628,1185.5183304828597,10248062.0,-0.1641797735832173,23.25287969722576,1153.0449645996093,1130.446484375
2023-07-06,1199.03662109375,1201.6266214253385,1170.546016490242,1170.546016490242,19117987.0,2.099055076483536,25.840025525422504,1156.2393615722656,1132.8338793945313
2023-07-07,1196.6964111328125,1210.9417123971473,1194.15172307179,1197.332583148068,13375267.0,-0.195174185656044,25.59441828037392,1159.2826721191407,1135.3012451171876
2023-07-10,1242.7947998046875,1252.3144236363512,1215.508392547687,1221.8244401255106,33240016.0,3.852137287537905,30.43248769801852,1165.0330444335937,1138.5547143554688
2023-07-11,1256.2677001953125,1258.6759714064597,1243.9536302912918,1250.9058502676546,20069348.0,1.0840808468737029,31.846481315253627,1171.4070739746094,1141.6827734375
2023-07-12,1257.6536865234375,1273.2167658916628,1254.8818367760516,1256.994798295393,18733835.0,0.1103257154434045,31.991941889051656,1177.0165893554688,1144.651796875
2023-07-13,1246.4072265625,1271.8533855353082,1243.7945103332902,1264.9920307015198,14682934.0,-0.8942414021801515,30.811615297138207,1181.35947265625,1147.5862817382813
2023-07-14,1245.3621826171875,1254.5409440468316,1238.2735461254954,1249.5879849572364,15124144.0,-0.0838445030677981,30.701936948337337,1185.6342041015625,1150.2463134765626
2023-07-17,1270.8084716796875,1279.1466167196916,1239.5914489485467,1248.225023984058,22220040.0,2.043284228289588,33.37254901207174,1190.616650390625,1153.4720703125
2023-07-18,1281.6002197265625,1289.3249082218797,1269.1270172578058,1280.0325658904894,25867313.0,0.8492033447503822,34.505153159261084,1196.7203186035156,1156.6396630859374
2023-07-19,1291.324462890625,1297.754212251756,1270.9448400838094,1285.9398963552078,39122156.0,0.7587579195435179,35.5257216610511,1203.1897827148437,1159.932216796875
2023-07-20,1289.7603759765625,1295.2248684894755,1270.142048583782,1270.142048583782,38717624.0,-0.1211226890692751,35.361569262594706,1209.4174560546876,1163.0385375976562
2023-07-21,1249.8348388671875,1287.3236821662729,1242.3764929273923,1284.4191411539114,30249238.0,-3.095577895944024,31.171346444898877,1214.3031860351562,1165.4944799804687
2023-07-24,1224.5548095703125,1238.117785416934,1215.644194653028,1221.4041174807796,23727866.0,-2.02266959687154,28.518183500550865,1218.3963500976563,1167.4080200195312
2023-07-25,1223.767333984375,1233.3179681079685,1220.9119513502328,1227.8041962368873,12026020.0,-0.0643070918331378,28.43553719426488,1222.8863586425782,1169.261279296875
2023-07-26,1243.65625,1253.8961800235134,1223.3733833366434,1223.3733833366434,12911012.0,1.6252203718226443,30.522897709405928,1228.350360107422,1171.8344799804688
2023-07-27,1232.087158203125,1249.2931304965796,1226.0072859774648,1247.5209111436616,17226898.0,-0.9302483541473006,29.30871060167881,1232.4850219726563,1174.308076171875
2023-07-28,1244.4686279296875,1251.853175548335,1231.0287272255082,1236.690213733138,20827852.0,1.0049183326137134,30.60815754018149,1236.7673217773438,1177.0770092773437
2023-07-31,1255.00390625,1257.2930680054526,1239.594792375287,1244.468666067682,8551174.0,0.8465684135275486,31.71384494740699,1240.0893798828124,1179.9848583984376
2023-08-01,1237.25634765625,1259.803857697837,1233.36720054875,1257.8346449464532,9536632.0,-1.414143693526848,29.85122191558149,1243.1363525390625,1182.4191577148438
2023-08-02,1224.0380859375,1236.665614699006,1212.8381883521488,1235.2871417271826,12748214.0,-1.0683527099125012,28.463952867391875,1245.6189758300782,1184.59318359375
2023-08-03,1218.8935546875,1231.2011357970357,1210.1060138900243,1218.5982448556042,10168350.0,-0.4202917629037461,27.92402945518968,1246.6118225097657,1186.7942749023437
2023-08-04,1235.45947265625,1238.6348041373592,1216.776590964359,1230.1672134573323,22885610.0,1.3590947220159189,29.662638187705248,1248.5499755859375,1189.3294091796874
2023-08-07,1242.49951171875,1244.7393951840495,1233.2195480808575,1241.0963994857652,5982870.0,0.5698316471169917,30.4014969345856,1248.5352111816405,1191.4005419921875
2023-08-08,1235.0162353515625,1247.7176805176769,1230.5363488514104,1244.5423492739476,9844072.0,-0.6022760006429206,29.61612001406948,1247.472637939453,1193.1938720703124
2023-08-09,1243.1640625,1245.034838767312,1221.453562693164,1233.145764124846,11486586.0,0.6597344160514718,30.47124216655286,1246.7481567382813,1195.1560668945312
2023-08-10,1248.702392578125,1255.3731247892665,1234.9179033647526,1243.0409059369183,15470598.0,0.4455027494108421,31.052495137595336,1246.8629150390625,1197.683876953125
2023-08-11,1253.969970703125,1259.7300139419374,1236.837916549459,1246.733138146324,22179330.0,0.4218441604908252,31.605332435510803,1247.2933044433594,1200.3774755859374
2023-08-14,1268.788330078125,1271.274485095857,1243.065489745762,1249.9577340453427,9575812.0,1.181715648795878,33.160533243551086,1247.1922973632813,1203.4405981445314
2023-08-16,1267.7545166015625,1271.5207081344915,1255.8654425931288,1255.8654425931288,10203112.0,-0.0814803739957792,33.05203354304946,1246.5000122070312,1206.28265625
2023-08-17,1249.465576171875,1269.2069834305885,1246.9302626576266,1263.7916479940673,13673744.0,-1.4426247503116163,31.13259197636451,1244.4070678710937,1208.7398486328125
2023-08-18,1258.7208251953125,1268.960755625946,1234.9671961841154,1246.142454602955,18639978.0,0.7407366157132333,32.1039391002673,1242.8550903320313,1211.2112915039063
2023-08-21,1244.986328125,1262.5000997685252,1242.8371963360953,1254.8424457661688,9221746.0,-1.0911472024133229,30.66249066449693,1242.6126647949218,1213.3944140625
2023-08-22,1244.68994140625,1253.8544488619668,1234.6115281978846,1243.4548358358238,7713044.0,-0.0238064235770663,30.631384598513,1243.6194213867188,1215.7324658203124
2023-08-23,1246.0732421875,1256.2752862282496,1243.4795205761563,1247.061326610869,9517952.0,0.1111361741774175,30.776563321630768,1244.734716796875,1218.0781884765624
2023-08-24,1225.1259765625,1254.8178429548684,1220.778380707161,1254.8178429548684,14140020.0,-1.6810621491419542,28.578128015682186,1243.808203125,1219.6714404296874
2023-08-25,1219.46923828125,1237.5758385308063,1206.7476503203045,1213.3677682361918,22222400.0,-0.4617270704782461,27.98444799191959,1243.1773071289062,1220.869833984375
2023-08-28,1207.315673828125,1227.2008731617648,1201.0660879981488,1221.272366528133,12580826.0,-0.9966273909667868,26.708919927054488,1241.3196594238282,1221.8187963867188
2023-08-29,1195.755126953125,1212.107851949824,1189.7277154191993,1211.4162410930337,16876644.0,-0.9575413560518165,25.49562961694636,1238.3572204589843,1222.3107080078125
2023-08-30,1194.6187744140625,1206.9451032694478,1193.1119215700844,1201.5106390304122,12168946.0,-0.0950322113155377,25.376368345017,1236.225341796875,1223.0125463867187
2023-08-31,1189.1595458984375,1198.0523052778192,1185.6517981191516,1197.0642209023324,21638600.0,-0.4569849924133895,24.80341715764736,1234.4814147949219,1223.5570336914063
2023-09-01,1191.9508056640625,1198.3733539411996,1186.5163417372542,1188.937220765019,18112842.0,0.2347254222742734,25.09636250558336,1233.13427734375,1224.0919116210937
2023-09-04,1190.987548828125,1197.3853714174263,1188.3197691016735,1191.950907028467,9347626.0,-0.0808134724487041,24.99526779113559,1230.9106811523438,1224.8692578125
2023-09-05,1197.3607177734375,1202.4739821466742,1191.852074903386,1195.582117616625,8675876.0,0.5351163369913703,25.664137889552062,1228.653741455078,1225.9626416015626
2023-09-06,1199.88037109375,1203.560961679848,1194.2236115362405,1196.125722417537,8200370.0,0.2104339388215415,25.928577884599196,1226.8969482421876,1227.2809057617187
2023-09-07,1201.5106201171875,1204.5983838407617,1191.1357340059783,1196.421961377583,13652572.0,0.1358676300331041,26.099674058905386,1224.814276123047,1228.62359375
2023-09-08,1209.51416015625,1213.3677136631895,1197.039593881822,1205.463038004146,23109288.0,0.6661231207662377,26.939653143022625,1222.8548645019532,1229.8259985351563
2023-09-11,1222.556884765625,1223.668479723262,1211.391482722607,1211.391482722607,13271074.0,1.078344102039286,28.308499405839548,1221.2842102050781,1231.10068359375
2023-09-12,1204.89501953125,1226.70693716321,1203.4622246012573,1226.70693716321,16255666.0,-1.44466613001496,26.45486997299293,1218.0895446777345,1231.4273291015625
2023-09-13,1210.9222412109375,1216.653058753229,1198.6699696902265,1205.4630504045967,12803338.0,0.5002279519781272,27.087432579235426,1215.2479309082032,1232.1194360351562
2023-09-14,1212.03369140625,1218.209218590467,1207.933117232777,1215.3437498538372,9209636.0,0.091785430764002,27.204080326675182,1213.3763366699218,1232.8723974609375
2023-09-15,1214.28173828125,1219.296218648912,1210.156437431325,1219.296218648912,25468592.0,0.1854772594969578,27.440014968833392,1211.1543823242187,1233.1772998046874
2023-09-18,1203.709228515625,1210.8975674516837,1201.535490839137,1205.487828880595,7516300.0,-0.8706801257334029,26.33042008626809,1209.09052734375,1233.3175561523437
2023-09-20,1176.882568359375,1199.3368826488254,1163.4693709910728,1197.0889665350091,57081884.0,-2.2286661529821283,23.5149367728853,1205.7001586914062,1231.9993115234374
2023-09-21,1168.3111572265625,1180.8104504919372,1165.9397302621942,1173.3256379048928,12226182.0,-0.7283149027146663,22.61535908128977,1201.8120544433593,1230.2401806640626
2023-09-22,1163.44482421875,1177.03098669753,1160.9993390957277,1173.8444381665738,19176786.0,-0.4165271364320988,22.104632837282544,1198.7279968261719,1228.3560034179689
2023-09-25,1156.2811279296875,1166.2854832156668,1153.638074334712,1161.1968240581607,14254884.0,-0.615731501824579,21.35279614771615,1195.5685913085938,1226.5534814453124
2023-09-26,1157.2938232421875,1161.0979239595738,1153.8849803976211,1155.3423807263628,10087782.0,0.0875821016220523,21.45907947695944,1193.0674987792968,1224.7921142578125
2023-09-27,1170.3365478515625,1171.7693426359383,1155.3177128519037,1157.7879239120955,11722778.0,1.1270020065289543,22.82792573977637,1191.7965698242188,1222.78267578125
2023-09-28,1153.1439208984375,1177.3025356797164,1148.648088734931,1177.3025356797164,14518346.0,-1.4690327311990936,21.02354330760614,1189.7228271484375,1220.2135498046875
2023-09-29,1158.529052734375,1170.435518964013,1153.1440405649926,1156.9481416896208,12342014.0,0.4669956402095776,21.58871797847981,1188.1913024902344,1217.5576416015624
2023-10-03,1145.2637939453125,1153.8849261975774,1144.201651539282,1151.0935156022144,8859056.0,-1.1450087296260405,20.19651654338581,1185.856951904297,1214.6677099609376
2023-10-04,1143.2877197265625,1145.683872665596,1133.8763122199225,1140.7434506187417,10286386.0,-0.1725431493771911,19.98912568830018,1183.4719604492188,1212.536767578125
2023-10-05,1143.2630615234375,1150.821810414835,1140.743398149127,1145.8073305142325,10953682.0,-0.0021567801962274,19.986537786599712,1180.7670776367188,1210.9109326171874
2023-10-06,1145.1898193359375,1148.5493304183171,1142.2502923697696,1144.7205033692,5431026.0,0.1685314497900991,20.188752838284387,1178.0325500488282,1209.3393823242188
2023-10-09,1135.4324951171875,1142.200849187487,1133.826857954507,1140.2988590719287,7576878.0,-0.8520268041160239,19.164712448569453,1174.7286437988282,1207.1749072265625
2023-10-10,1140.447021484375,1145.1404226117538,1138.1497733893898,1139.5331157395624,10236032.0,0.4416402021918397,19.69099172556865,1171.2752868652344,1205.3421044921874
2023-10-11,1158.5537109375,1160.8509589721596,1142.7196339530417,1143.4359710357803,9814118.0,1.587683523392247,21.59130588018028,1168.075128173828,1203.6238061523438
2023-10-12,1160.7027587890625,1165.6185754357678,1155.144783740477,1157.9609209243824,12554450.0,0.1854940199383259,21.816850481352912,1165.8655151367188,1201.737783203125
2023-10-13,1160.653564453125,1164.7046870675929,1150.6985400393603,1156.058947078756,10150316.0,-0.004238323340322,21.81168748934652,1163.3520812988281,1200.2057275390625
2023-10-16,1158.0596923828125,1163.2471357038708,1154.0826283801794,1158.5290083696575,5929036.0,-0.2234837465505679,21.53945816640888,1160.6533813476562,1198.8861596679687
2023-10-17,1163.5928955078125,1165.791359182136,1156.701030917525,1163.9634271590728,7928180.0,0.4777994745344127,22.120173058879946,1158.1189392089843,1197.780146484375
2023-10-18,1148.1541748046875,1169.3979912920374,1146.672048073012,1163.5929949263082,8918320.0,-1.3268146241462997,20.49986474370196,1155.3411865234375,1196.0340405273437
2023-10-19,1139.33544921875,1147.0672825471008,1136.7911799610206,1142.2256445327594,12032556.0,-0.7680785193711182,19.57433116673435,1153.4638305664062,1193.9707592773439
2023-10-20,1135.8525390625,1143.559525479833,1134.4691966955595,1136.2971288231192,8913312.0,-0.305696637336994,19.20879645723943,1151.8408996582032,1191.9874853515626
2023-10-23,1118.116455078125,1139.38499918609,1114.1888431065277,1131.356812199955,7853962.0,-1.561477689613988,17.3473776965023,1149.574481201172,1189.486533203125
2023-10-25,1115.5225830078125,1127.0090643806484,1108.1366760976812,1111.6196977984057,11620688.0,-0.2319858596599666,17.07514837356463,1147.536553955078,1186.8229370117188
2023-10-26,1099.9849853515625,1115.5473150342816,1096.9219477593886,1112.089019549233,15222534.0,-1.3928537075740377,15.444462828795636,1144.6711120605469,1183.7432373046875
2023-10-27,1119.40087890625,1123.204979852311,1104.6536704890177,1106.654565590137,11771084.0,1.7651053253678883,17.482179190029036,1142.1243286132812,1180.75548828125
2023-10-30,1142.4725341796875,1148.6480613914696,1121.451015427628,1123.4519103673986,16813304.0,2.0610717490217256,19.90357119544981,1141.5907592773438,1178.2498486328125
2023-10-31,1130.3192138671875,1150.1303563093795,1127.8490026208185,1150.1303563093795,12808438.0,-1.063773521805167,18.6280687533738,1140.1802673339844,1175.8669213867188
2023-11-01,1135.0125732421875,1144.942870331504,1124.0448598372486,1130.9367248364767,10309190.0,0.4152242408533846,19.120641251294025,1139.667706298828,1173.3927563476564
2023-11-02,1146.2767333984375,1148.302354744411,1140.2247162104195,1143.1889695269997,10562104.0,0.9924260243279636,20.30282549541822,1139.817156982422,1171.418564453125
2023-11-03,1146.0296630859375,1153.5638066087804,1144.078220526126,1149.7349795725816,8850156.0,-0.0215541592445522,20.276895232835244,1139.9554870605468,1169.4453588867189
2023-11-06,1155.564697265625,1156.0587394619763,1148.9445800808262,1152.2546386732256,10647304.0,0.8320058796743801,21.27760607306224,1140.4742309570313,1167.6351879882814
2023-11-07,1148.0552978515625,1155.614167696399,1145.955618484429,1153.1192304428853,6960204.0,-0.6498467313714062,20.489487514110948,1141.10537109375,1166.0937744140624
2023-11-08,1154.0330810546875,1156.5527444212626,1147.0424324477003,1152.1063647972594,7884494.0,0.520687741636805,21.11686150555794,1141.7846740722657,1164.7850512695313
2023-11-09,1141.50927734375,1154.0331752710283,1138.3720609954937,1154.0085696526105,14513610.0,-1.085220512005758,19.802476481002017,1140.9324523925782,1163.4689233398437
2023-11-10,1143.658203125,1144.3746607841822,1135.333664696756,1139.0389810755562,7734954.0,0.1882530281532624,20.028008270780106,1140.080224609375,1162.4269848632812
2023-11-13,1143.5101318359375,1148.4505538682092,1142.077337077115,1147.610585630105,3854810.0,-0.012947162767507,20.012468049182687,1139.2230529785156,1161.4048120117188
2023-11-15,1164.185791015625,1166.9030232858888,1149.6362714370953,1156.0588204395372,12220648.0,1.8080870998923528,22.182398002242376,1139.5293579101562,1160.9053369140624
2023-11-16,1166.285400390625,1172.9302438744137,1159.492320123304,1161.542667627995,13134910.0,0.180350025846665,22.402753988619505,1139.6639831542968,1160.3920288085938
2023-11-17,1163.7412109375,1172.4857343750468,1162.012063114762,1162.4319266451018,7758634.0,-0.2181446713019674,22.13573890326648,1140.4433349609376,1159.8471020507814
2023-11-20,1160.67822265625,1165.1492085814864,1154.2802789468988,1160.282964728199,4490186.0,-0.2632018401051983,21.81427539104701,1141.5104736328126,1159.1134521484375
2023-11-21,1175.2769775390625,1179.7728099438689,1166.0384122376151,1168.9038812090423,8214450.0,1.2577779610099649,23.34642850027957,1143.4816955566407,1158.6213842773439
2023-11-22,1179.8717041015625,1182.9594682341328,1171.9670279221823,1173.3503703767312,8534814.0,0.3909484019776421,23.828649391397903,1146.5694580078125,1158.1886059570313
2023-11-23,1183.4781494140625,1185.7013394254852,1179.8716170501546,1179.8716170501546,8531542.0,0.3056641921289404,24.2071492321843,1149.967236328125,1157.6678857421875
2023-11-24,1182.6876220703125,1186.9858858764198,1181.2796741129466,1181.5514214570694,6749486.0,-0.0667969530439904,24.1241826410344,1154.1023681640625,1156.8705004882813
2023-11-28,1182.9346923828125,1185.5531403805655,1173.4738317237427,1182.6876712625676,13792174.0,0.0208905807323356,24.15011290361737,1157.2790588378907,1156.4312939453125
2023-11-29,1186.047119140625,1191.605094048659,1184.7379555197092,1189.6536514263266,12531306.0,0.2631106161526952,24.476765030632365,1159.4577880859374,1155.9337915039061
2023-11-30,1174.5606689453125,1186.0471507278282,1170.8306260067593,1183.0828973645985,28439984.0,-0.9684649125605738,23.27125123702021,1161.6698608398438,1155.1843310546874
2023-12-01,1182.88525390625,1183.9226701483003,1174.6347733568996,1174.8323419889748,14342842.0,0.7087403129556913,24.14492428882187,1164.063494873047,1154.5564013671874
2023-12-04,1195.680908203125,1210.403389884879,1185.009669053603,1210.403389884879,15590990.0,1.081732505720212,25.487840289055814,1166.5337036132812,1154.3958349609375
2023-12-05,1204.351318359375,1205.8828973561333,1196.3971910542705,1204.9688710813314,12693624.0,0.7251441498116629,26.39780802163692,1169.4497863769532,1154.9452099609375
2023-12-06,1215.8873291015625,1221.7416569101222,1202.9927791973269,1208.9707381739393,16422442.0,0.9578609303058094,27.60852324143912,1172.46591796875,1155.8967333984374
2023-12-07,1213.886474609375,1215.813191043024,1206.4511149904754,1215.3438750518303,8142096.0,-0.1645592025098174,27.398531673258454,1175.7574768066406,1156.90556640625
2023-12-08,1213.2442626953125,1223.594423771572,1207.9333084760417,1217.2460531905654,10204894.0,-0.0529054345274837,27.331130926495064,1178.718035888672,1158.0448291015625
2023-12-11,1215.022705078125,1219.098553135076,1211.5890153738967,1213.367615499601,7066138.0,0.1465856824957478,27.517780133793245,1182.3937072753906,1159.1994067382811
2023-12-12,1197.5831298828125,1217.7894094868202,1195.6562927549994,1215.3439244936176,9197124.0,-1.4353291607164809,25.687480250434568,1185.0899536132813,1159.7443383789061
2023-12-13,1202.4739990234375,1204.647857091804,1188.813780320958,1196.570218805253,10031182.0,0.4083949596971781,26.200781584747723,1188.0381469726562,1160.7309399414062
2023-12-14,1217.39404296875,1222.7297228698085,1206.7721356331074,1212.379562868232,16972354.0,1.240778923904351,27.766654284453814,1190.6985595703125,1161.9082397460938
2023-12-15,1232.931884765625,1235.1056224147617,1220.3090811813895,1224.2366929375116,15932152.0,1.2763198478435325,29.397365452011947,1194.0308837890625,1163.6616015625
2023-12-18,1245.48046875,1252.3476075388428,1230.6344755328585,1232.9318442845902,14165188.0,1.0177840430138918,30.714351189662903,1198.1178466796875,1165.7054565429687
2023-12-19,1263.809326171875,1271.6150959828576,1247.5552663727806,1262.2777471951172,16820604.0,1.471629453994594,32.63798208236792,1203.2744018554688,1168.1163818359375
2023-12-20,1248.518798828125,1283.9417239360823,1244.9864450577063,1270.207325538083,17736722.0,-1.209876128234122,31.0332268001819,1206.9364929199219,1170.1829614257813
2023-12-21,1266.0079345703125,1271.4176728398502,1244.121839762562,1248.44470925444,13765454.0,1.4007907416855092,32.868728109730625,1211.2433044433594,1172.7944702148438
2023-12-22,1267.242919921875,1275.07341611771,1258.6465136069178,1264.5504141598008,16541784.0,0.0975495743620102,32.99834098846186,1215.43154296875,1175.3303881835936
2023-12-26,1273.66552734375,1280.5326657287192,1266.0819312708138,1268.7003790735205,7465664.0,0.5068173844893886,33.67239970167386,1219.9804382324219,1177.6326245117189
2023-12-27,1278.0130615234375,1284.4602154795425,1271.2199815487345,1275.6169087042356,9204156.0,0.3413403351470334,34.128677518814655,1224.734356689453,1179.9788305664063
2023-12-28,1287.2515869140625,1290.4381347546032,1278.0130225533287,1279.4704228166715,12302636.0,0.7228819226317018,35.098269481663145,1229.794580078125,1182.510791015625
2023-12-29,1277.074462890625,1291.4264140714613,1274.2831724837226,1289.9937398232034,10864584.0,-0.7906087766289094,34.03017070606733,1234.9202697753906,1184.8910864257812
2024-01-01,1279.6929931640625,1287.8941431135045,1271.244822078984,1274.9008072558752,4030540.0,0.2050413150937569,34.304987930705465,1239.7606567382813,1187.2130883789061
2024-01-02,1290.2900390625,1291.920402508132,1271.1706293129728,1277.099135940161,7448800.0,0.8280928281271693,35.417157903576715,1244.49111328125,1190.0558056640625
2024-01-03,1276.25927734375,1301.3071935056118,1273.2455715878027,1289.450180352941,9037536.0,-1.0874114574227378,33.94461621321696,1248.0865112304687,1192.7942822265625
2024-01-04,1282.8546142578125,1289.376067708453,1274.184270249419,1278.581197527839,9612778.0,0.516770928223087,34.63680304972685,1251.4348754882812,1195.7343237304688
2024-01-05,1288.3138427734375,1294.3165279752034,1283.521657474919,1285.9424160498672,8086406.0,0.4255531729745909,35.20975423709651,1255.1562438964843,1199.138271484375
2024-01-08,1278.26025390625,1300.2944657165135,1269.1698042070248,1289.450262535967,7734652.0,-0.780367992130282,34.1546205927922,1258.4070434570312,1202.3930249023438
2024-01-09,1274.8758544921875,1287.8691880410895,1273.2454911635218,1284.509677070214,5403074.0,-0.2647660680773045,33.799424678704646,1261.3997009277343,1205.8908422851562
2024-01-10,1309.2613525390625,1313.658280108081,1272.1834593214687,1273.146817539874,11102740.0,2.697164427870624,37.40821516583421,1266.9836120605469,1209.6880517578124
2024-01-11,1343.6961669921875,1346.2651626289091,1312.6702888458758,1313.6583733689065,23725852.0,2.6300947772074146,41.022181456364734,1274.0447204589843,1213.7125244140625
2024-01-12,1354.3919677734375,1356.9609630954171,1329.714583957277,1343.6960023683716,15012164.0,0.7959984588772118,42.14471584743242,1280.8946166992187,1218.1939794921875
2024-01-15,1377.51318359375,1379.8104316098677,1349.723309451493,1358.616069177015,8610594.0,1.707128834965177,44.57130927904325,1288.123681640625,1223.0439916992189
2024-01-16,1358.2454833984375,1379.662260463631,1354.169635353321,1373.412554424991,9069024.0,-1.3987307290261763,42.549145950801815,1293.7619323730469,1227.2833666992187
2024-01-17,1345.35107421875,1369.7568331827044,1338.8791932605309,1343.30084717423,12197382.0,-0.9493430559713412,41.19586553237142,1297.8390197753906,1231.269794921875
2024-01-18,1351.6500244140625,1354.663730119792,1335.1490629645289,1335.2972997496222,10279438.0,0.4682012239050959,41.85694630289736,1302.9955810546876,1235.1915014648437
2024-01-19,1351.156005859375,1359.6041759840746,1342.8067406703178,1359.6041759840746,10422704.0,-0.0365492949923718,41.805098589125954,1307.2529846191405,1239.253515625
2024-01-23,1312.7442626953125,1355.4048574857818,1306.791150318716,1355.4048574857818,20055420.0,-2.842879948539434,37.77374987532911,1309.5280517578126,1242.4277392578124
2024-01-24,1327.8619384765625,1333.4199132911328,1308.1497027138623,1319.314984194113,21919128.0,1.1516085966515988,39.360364222822696,1312.2378723144532,1246.1547924804688
2024-01-25,1336.9522705078125,1347.895377764627,1319.290261603849,1326.9479158139593,11808872.0,0.6845841248886986,40.314403152679226,1315.184832763672,1250.020673828125
2024-01-29,1430.7957763671875,1435.192704047216,1343.9678528779282,1348.241269998228,23893438.0,7.019211375715795,50.163367700539794,1322.362042236328,1255.76638671875
2024-01-30,1390.852294921875,1442.5784888178382,1387.690473107798,1442.5537625848374,14093978.0,-2.791696907767616,45.971261607844106,1328.0509338378906,1260.299716796875
2024-01-31,1409.6258544921875,1417.159997760743,1385.7883192326594,1387.2704457772934,15130226.0,1.3497881578695692,47.94156441091959,1334.5475769042969,1265.1665258789062
2024-02-01,1409.650634765625,1426.1515960154993,1401.1531330404457,1417.9011153905622,13349362.0,0.0017579326711869,47.944165124014624,1340.515606689453,1270.0847143554688
2024-02-02,1440.3306884765625,1457.3258137867138,1416.0980132616144,1416.0980132616144,19652588.0,2.1764296027886765,51.16406572937222,1348.7191772460938,1275.677763671875
2024-02-05,1421.878173828125,1452.9781061073709,1414.4675408489986,1443.3442832345067,8814432.0,-1.2811304234553789,49.22745689398116,1355.6703552246095,1280.6097875976564
2024-02-06,1410.7869873046875,1424.6695010773788,1402.9069175392074,1424.6695010773788,9047984.0,-0.7800377506025469,48.06342639594397,1361.794012451172,1285.2280932617186
2024-02-07,1424.9659423828125,1432.2283386037336,1412.2196294925052,1418.8151411125152,9296568.0,1.0050386915755327,49.55152111929566,1369.129296875,1290.0578491210938
2024-02-08,1432.845947265625,1442.0845126481563,1410.515263064875,1432.7224367107362,14694634.0,0.552996015444096,50.37853507212142,1377.0278015136719,1295.061015625
2024-02-09,1443.34423828125,1454.4354611714164,1433.660963243804,1436.6746688077617,12556798.0,0.7326880489601395,51.480340626796206,1383.7319458007812,1300.2692065429687
2024-02-12,1435.04443359375,1443.591388249664,1425.163589047209,1443.3443671360003,6674430.0,-0.5750398600255946,50.60926828808958,1388.2993591308593,1305.2491528320313
2024-02-13,1447.642333984375,1461.3767303535824,1436.674621997369,1438.1567484987418,7715594.0,0.8778752835601367,51.93142982914147,1392.9618774414062,1310.7107861328125
2024-02-14,1463.7235107421875,1465.9714268487612,1440.1329959711338,1440.1329959711338,7117888.0,1.1108528937221696,53.619164513871965,1397.272393798828,1316.3275512695313
2024-02-15,1453.0770263671875,1467.0337197836,1449.050630318146,1465.6751036103208,10006782.0,-0.7273562456888927,52.501805926205215,1402.0139709472655,1321.4754736328125
2024-02-16,1443.17138671875,1459.4007219371786,1441.170612214809,1458.8819534815811,9767498.0,-0.6817009331709256,51.46219969210375,1406.9049865722657,1326.251875
2024-02-19,1456.4364013671875,1461.8708655513933,1436.2053974591388,1444.628841067812,6729828.0,0.9191572650700364,52.85437550440864,1412.144305419922,1331.0628564453125
2024-02-20,1453.4969482421875,1457.9186020207894,1444.3818933388152,1457.449286031468,7117496.0,-0.2018250245764741,52.54587712348064,1417.2613525390625,1335.8550659179687
2024-02-21,1450.2115478515625,1470.7884795851646,1440.18258683898,1456.4365283424868,12720292.0,-0.2260342131848447,52.20107125037865,1424.134716796875,1340.5944116210937
2024-02-22,1464.0941162109375,1467.2559381666686,1440.6271108051608,1450.6561919754165,18493728.0,0.9572788452789194,53.658059907746434,1430.9463256835938,1345.57583984375
2024-02-23,1475.82763671875,1479.7059164315408,1465.6750448712426,1471.7517883622584,14438584.0,0.8014184592298523,54.88950396394157,1437.8900939941407,1351.1407299804687
2024-02-26,1469.6026611328125,1476.7169415654328,1464.8352018923576,1475.753583346703,7513106.0,-0.4217955695542952,54.23618689851703,1439.8304382324218,1356.4833032226563
2024-02-27,1467.9476318359375,1482.0771665679397,1460.4382144226488,1465.3539102526263,10826044.0,-0.1126174673363289,54.062490011115806,1443.685205078125,1361.494375
2024-02-28,1438.2803955078125,1473.5056294891751,1432.8953836215212,1465.3292067243185,8647950.0,-2.021001000629752,50.94888554639605,1445.1179321289062,1365.6013452148438
2024-02-29,1443.393798828125,1461.352161163495,1437.1935448412644,1447.5437052316252,23628976.0,0.3555220064379139,51.485542052986254,1446.8050903320313,1369.5596118164062
2024-03-01,1474.345458984375,1482.1266237591103,1445.0734581651325,1446.061542580972,12132926.0,2.1443669898941757,54.73394801123277,1448.5058288574219,1373.7703344726563
2024-03-04,1489.4384765625,1494.4282305064353,1469.503825173054,1472.7150995331629,10024420.0,1.023709706985643,56.31797445702587,1451.8838439941405,1378.5887280273437
2024-03-05,1482.3243408203125,1489.4386216961695,1468.3430414288637,1487.832984359659,7107668.0,-0.4776387782465696,55.571339193649536,1455.460711669922,1382.9150561523438
2024-03-06,1485.0908203125,1491.019326581213,1460.8827530485903,1475.6545662551582,7805676.0,0.18663118563218,55.86168382849053,1458.4669555664063,1387.2720141601562
2024-03-07,1461.3028564453125,1485.1897258668157,1457.968071396935,1485.0662153094684,8315726.0,-1.6017851259885862,53.36511455981041,1459.8898010253906,1391.0247607421875
2024-03-11,1449.1246337890625,1471.2577496463198,1446.0615961097308,1471.2577496463198,11277130.0,-0.8333811572690752,52.086998593244815,1460.1788208007813,1394.4469921875
2024-03-12,1457.844482421875,1470.269595576354,1447.568380480176,1449.1245651727334,9432678.0,0.6017321374223394,53.00215494062144,1461.3188232421876,1397.8588500976562
2024-03-13,1415.10986328125,1465.4279903850718,1410.7622676768488,1462.142657909758,13522134.0,-2.931356509964022,48.51711631138427,1459.6921997070312,1400.6195581054687
2024-03-14,1414.4180908203125,1431.264978068201,1408.514310659922,1422.545060878272,18571102.0,-0.0488847176383533,48.444514138430826,1457.2269287109375,1403.3140600585937
2024-03-15,1401.3260498046875,1416.1473166057365,1396.0645483366263,1408.9589780840722,19223818.0,-0.925613232791167,47.07049207221296,1454.6393798828126,1405.5347802734375
2024-03-18,1422.3228759765625,1424.5460660460144,1399.6463855144648,1403.0799549430176,9169392.0,1.498354089314291,49.274128804351626,1453.5969543457031,1408.4560522460938
2024-03-19,1408.267333984375,1420.4701525728194,1400.3626585436627,1411.7256294896863,8275764.0,-0.9882103585331814,47.79898640089686,1451.1885009765624,1410.964306640625
2024-03-20,1426.546875,1427.7819805194806,1407.056934025752,1410.935092987457,8488806.0,1.2980164045918174,49.71744149020092,1449.840997314453,1413.7289672851562
2024-03-21,1433.685791015625,1440.5283239841642,1427.460931435626,1435.2173701383908,13006936.0,0.5004333289521323,50.46667746667228,1449.0147094726562,1416.8374780273436
2024-03-22,1437.6875,1442.6031956703118,1430.1039041326171,1432.697625631682,19527608.0,0.2791203630148509,50.88666060303362,1447.6943786621093,1420.0937109375
2024-03-26,1424.3978271484375,1435.0939139473653,1421.853557874578,1427.7820647176966,11415906.0,-0.9243784098813213,49.49189688902828,1445.1228881835937,1422.3964404296876
2024-03-27,1475.061767578125,1482.1265951381042,1429.7581221098912,1430.74620650665,16326644.0,3.556867292553645,54.80912527449213,1445.3958435058594,1425.0237524414063
2024-03-28,1468.145263671875,1488.005737098728,1461.0311038405712,1475.0865810929813,21854364.0,-0.4688958834317858,54.08323165890327,1445.4057250976562,1427.298818359375
2024-04-01,1467.0830078125,1476.1733358521226,1464.8350917273362,1474.6912092837645,5013880.0,-0.0723535937253383,53.97174690346993,1446.8458557128906,1429.09021484375
2024-04-02,1469.2320556640625,1476.198098955644,1457.424495287533,1466.317254919796,8910166.0,0.1464844075024007,54.19729150464256,1448.1377685546875,1431.3099462890625
2024-04-03,1454.0650634765625,1466.7619246317818,1451.397283687729,1464.4152240453116,7008292.0,-1.0323074649119857,52.60550135374804,1447.1237487792969,1433.4842260742187
2024-04-04,1445.493408203125,1462.117879861305,1432.7223691832353,1462.117879861305,14490272.0,-0.5894959922180698,51.70589803936338,1444.926495361328,1435.36109375
2024-04-05,1442.7020263671875,1453.274601948929,1438.6509043996564,1443.467815909923,7442298.0,-0.1931092746668028,51.412939880032816,1442.945379638672,1437.1920141601563
2024-04-08,1468.2686767578125,1473.2090987059642,1443.5912932499484,1445.5427357963142,8357118.0,1.7721365828398783,54.09618397880023,1442.1042724609374,1440.3025024414062
2024-04-09,1446.2098388671875,1472.0482715276005,1445.0735176190665,1471.2577557160955,7071414.0,-1.502370665519792,51.78108811401732,1441.3496215820312,1442.6694604492188
2024-04-10,1461.945068359375,1469.281643980642,1448.8776750369068,1448.8776750369068,9138330.0,1.0880322529483566,53.43251530657378,1441.9906433105468,1445.16931640625
2024-04-12,1449.668212890625,1468.76289779902,1445.6416961431237,1458.289226116748,15551012.0,-0.8397617485400688,52.14404773320629,1441.5818298339843,1445.5467651367187
2024-04-15,1447.3707275390625,1464.4646364315845,1429.0911655763507,1443.591352839028,12902062.0,-0.1584835296196018,51.90292447625258,1443.194873046875,1446.6771337890625
2024-04-16,1448.28466796875,1453.645073932083,1433.636365403093,1436.0323976352518,9366184.0,0.0631448745161078,51.99884338729941,1444.888201904297,1447.4503100585937
2024-04-18,1446.876708984375,1468.2934876101954,1441.9610129858208,1446.0615875622616,19005692.0,-0.0972156244911204,51.85107676248117,1447.1657348632812,1448.1948315429688
2024-04-19,1452.607666015625,1456.4364932961696,1425.8306012864564,1439.4167626045175,15741778.0,0.3960915947892163,52.45254611413428,1448.6799743652343,1448.44037109375
2024-04-22,1462.2166748046875,1465.156201770705,1450.3103301575063,1454.9048261235944,10350362.0,0.6615006249704791,53.4610206594627,1451.37744140625,1449.2471411132813
2024-04-23,1441.9364013671875,1475.7042382593086,1438.2064787775075,1461.3770126451404,14605554.0,-1.386954053181544,51.33258681337252,1452.1469177246095,1449.8701293945312
2024-04-24,1432.8953857421875,1451.051437133562,1432.2283805059903,1446.0615625184662,10462776.0,-0.6270051589257086,50.38372368691692,1452.1073974609376,1450.0287182617187
2024-04-25,1442.5784912109375,1450.483166375014,1424.3236561270523,1425.311740522562,15943926.0,0.6757719764541203,51.39997474874134,1452.3519470214844,1450.223369140625
2024-04-26,1435.2420654296875,1447.5436681516292,1432.7224019248206,1446.5061312694434,9413848.0,-0.5085633694074887,50.630009935877055,1452.8941589355468,1450.0613256835939
2024-04-29,1447.568359375,1450.4091019997668,1432.7223672737166,1432.7223672737166,7247974.0,0.8588303145659504,51.92366612404005,1451.5194885253907,1450.3118041992188
2024-04-30,1449.5198974609375,1465.403306850403,1445.4440490785064,1450.5079819172845,11474262.0,0.1348149172575308,52.12848188881978,1450.5882202148437,1450.34935546875
2024-05-02,1449.0751953125,1459.7217080112785,1446.6790424453916,1454.460206935621,14512646.0,-0.0306792717517323,52.081809978449314,1449.6878295898437,1450.0563891601562
2024-05-03,1416.9130859375,1457.3750954799905,1399.275802819383,1453.4722101911177,17226958.0,-2.219492092545561,48.706366231777466,1447.0718811035156,1449.3331103515625
2024-05-06,1402.610595703125,1422.841600588335,1401.1037428015688,1418.3952205864964,7394208.0,-1.0094119657954703,47.20530637713427,1444.4991577148437,1448.52189453125
2024-05-07,1384.775634765625,1403.8209867220144,1375.4135586957902,1399.1028593353728,14517472.0,-1.2715546989404691,45.33351038680611,1441.4632690429687,1447.0886791992189
2024-05-08,1401.647216796875,1415.8755361000522,1380.8479912935145,1380.8479912935145,9439002.0,1.218362138073403,47.10419885129193,1439.4105285644532,1446.0516845703125
2024-05-09,1377.51318359375,1406.7851843569276,1373.437335386219,1396.163276906998,11009612.0,-1.721833633592729,44.57130927904325,1434.87275390625,1444.5977172851562
2024-05-10,1390.65478515625,1393.1990543318575,1371.535254832905,1380.106935558881,10505096.0,0.9540091317467692,45.95053277145118,1432.0950012207031,1443.1289306640624
2024-05-13,1385.986083984375,1390.2101693574684,1367.5089520262873,1383.2195197456997,8456620.0,-0.3357196352184899,45.46054817523144,1428.297052001953,1441.332099609375
2024-05-14,1403.1539306640625,1410.070521585227,1383.342910466477,1384.2815424166113,7188300.0,1.2386738134003483,47.26232989430663,1425.971337890625,1440.003125
2024-05-15,1399.3994140625,1412.9361236084007,1396.188139403763,1403.574046995701,5046534.0,-0.2675769578456499,46.86828983192284,1423.572772216797,1438.6321606445313
2024-05-16,1408.3660888671875,1410.4904944706304,1381.3667306256436,1401.6471872524828,14711774.0,0.6407516477841657,47.8093508190933,1421.5768432617188,1438.0338745117188
2024-05-17,1418.5928955078125,1420.0750222861304,1396.4104463053004,1406.093722836626,10916476.0,0.7261468961419659,48.882663832273735,1420.1626525878905,1437.5378564453124
2024-05-21,1419.0128173828125,1424.6448506468714,1408.6132041549797,1408.6132041549797,11176128.0,0.0296012955041335,48.92673502954917,1418.48291015625,1436.4312036132812
2024-05-22,1443.2454833984375,1451.2736690394956,1419.1609264752628,1419.1609264752628,10281604.0,1.7077129761462695,51.46997620859975,1417.5343505859375,1435.50734375
2024-05-23,1468.3428955078125,1474.4442444107417,1437.6628261266358,1441.1705740518107,14608260.0,1.738956566853589,54.10397330669077,1418.8546752929688,1435.22771484375
2024-05-24,1462.6119384765625,1470.7636348065282,1458.5113640783345,1465.9467233388211,7094776.0,-0.3903010018152519,53.50250395503764,1420.3405029296875,1434.7781372070312
2024-05-27,1448.77880859375,1467.2066075031105,1444.134859977049,1462.587264504762,6629010.0,-0.9457826453420636,52.05070391246538,1420.6505187988282,1434.52765625
2024-05-28,1438.8485107421875,1460.8828419616084,1435.4396676765143,1450.5079553599196,7820162.0,-0.6854253936252164,51.008509776663445,1420.8308410644531,1434.3221337890625
2024-05-29,1423.607421875,1440.6271526936466,1421.310053120064,1429.264181324664,7383556.0,-1.059255978193685,49.408943109272926,1419.632794189453,1433.637392578125
2024-05-30,1407.8720703125,1423.2368313836507,1403.178669288835,1418.395193572925,13206858.0,-1.1053153643843294,47.757503105321895,1417.5504028320313,1433.49263671875
2024-05-31,1413.35595703125,1425.0647331073133,1405.3030450073677,1414.245257118902,31069832.0,0.3895159819125249,48.33304219439203,1415.7644409179688,1433.4713940429688
2024-06-03,1492.32861328125,1496.453914146619,1441.6152266357983,1465.3292536675044,21527942.0,5.587598499664725,56.621297034552896,1419.5352172851562,1435.2914453125
2024-06-04,1380.625732421875,1480.199967601411,1343.1032493273078,1480.199967601411,36709098.0,-7.485139657931561,44.897974217452784,1418.4359741210938,1434.4575024414062
2024-06-05,1403.8209228515625,1414.0970248192752,1367.6076051704213,1405.0560283617258,17464890.0,1.6800491172215717,47.33233135416504,1419.3882385253905,1434.36857421875
2024-06-06,1414.5416259765625,1426.4974232883103,1404.4137607114592,1417.9011371144834,17855722.0,0.7636802494169315,48.45747926972233,1420.032958984375,1434.1284692382812
2024-06-07,1452.4345703125,1454.4601915157414,1409.5023527154926,1411.478521453965,18558696.0,2.678814369268001,52.43437955665273,1423.7790283203126,1434.5034448242188
2024-06-10,1453.867431640625,1475.5558362929214,1450.5819785928986,1452.4346368701142,9251760.0,0.0986523838947706,52.58475970596055,1426.9396606445312,1434.8270434570313
2024-06-11,1439.3179931640625,1456.1154291491666,1437.3418242246385,1451.4960860069511,11774902.0,-1.0007403811325588,51.05778240012893,1429.6062561035155,1435.1254467773438
2024-06-12,1445.8885498046875,1458.41256776401,1437.835758473946,1440.1330064471847,10081742.0,0.4565048635417179,51.74736852354378,1431.742987060547,1434.541982421875
2024-06-13,1447.790771484375,1454.7073627830548,1442.7021123343332,1454.4603416652449,9181160.0,0.1315607402758933,51.94700848492255,1434.1625549316407,1434.134892578125
2024-06-14,1459.9442138671875,1462.0438933040557,1439.8613252368543,1452.48412809224,8157998.0,0.8394474272240382,53.22252373839312,1436.7414611816407,1433.9921166992187
2024-06-18,1463.3778076171875,1469.6768460329972,1453.8180422457062,1469.627393563817,7196766.0,0.235186640515872,53.58288264448707,1438.9807067871093,1433.8750317382812
2024-06-19,1441.2694091796875,1469.7756214798555,1438.650961260282,1469.7756214798555,8725874.0,-1.5107785783289307,51.26258535351409,1440.0935363769531,1433.6191186523438
2024-06-20,1456.1400146484375,1465.181011544537,1432.8212456085912,1441.6152213906755,16113776.0,1.0317713936087491,52.82326943842468,1440.738262939453,1433.83205078125
2024-06-21,1436.872314453125,1457.128045050937,1423.4096642387256,1456.0659025463858,31170360.0,-1.323203812922091,50.80110611018325,1439.1647338867188,1433.7154565429687
2024-06-24,1424.2989501953125,1432.2283517054532,1420.3713387903338,1428.3007403004744,8878386.0,-0.875050909627828,49.48151965943725,1437.2490844726562,1432.8360620117187
2024-06-25,1436.822998046875,1438.576872033328,1423.8296636688654,1425.8058325289194,7045386.0,0.8793131420791411,50.79593030678229,1436.6512939453125,1432.6483251953125
2024-06-26,1495.9844970703125,1500.875466568816,1427.905458276952,1428.819484586685,22014882.0,4.117521720062789,57.00498549013482,1439.5080932617188,1433.3291137695312
2024-06-27,1512.312744140625,1519.1798830077462,1488.0552219900264,1495.7128766848623,28383030.0,1.0914716764972576,58.71865043744826,1443.943359375,1434.5820043945312
2024-06-28,1546.7474365234375,1562.1615299634889,1512.782033239127,1512.782033239127,28957336.0,2.276955776259104,62.33260391658424,1450.8871276855468,1436.5695385742188
2024-07-01,1541.5599365234375,1560.5805616644209,1537.138282854078,1543.9066370278445,7724306.0,-0.3353811926567474,61.78817089349804,1457.2973266601562,1438.4350439453126
2024-07-02,1546.5250244140625,1554.750778666898,1538.4473863262538,1550.798441129772,7749246.0,0.3220820529250545,62.30926155570173,1460.007147216797,1440.4280102539062
2024-07-03,1533.927001953125,1556.2329594590622,1524.391963189475,1547.661278880494,9049620.0,-0.8146019147482364,60.98708720325527,1467.6722106933594,1442.0543969726561
2024-07-04,1535.5079345703125,1548.822348177101,1532.321386398175,1538.447461634288,6837176.0,0.103064397143715,61.15300757416051,1474.2565612792969,1443.5202221679688
2024-07-05,1569.695556640625,1579.4528899457323,1529.5546284867023,1535.3101717849263,12269710.0,2.2264699061864013,64.74103079071352,1482.0142578125,1446.0754052734376
2024-07-08,1581.8243408203125,1589.6302317071045,1563.6682899618515,1570.0661123316786,9500806.0,0.772683857603873,66.01395814248359,1488.4837463378906,1449.053984375
2024-07-09,1571.3260498046875,1581.429189356112,1561.6675000170792,1578.5637202787966,6960002.0,-0.6636824800774432,64.91215258780882,1494.3566772460938,1451.628935546875
2024-07-10,1565.3480224609375,1578.4648673124634,1544.5241914718106,1575.9946562525065,7134578.0,-0.3804447424831436,64.28475297357272,1500.6581787109376,1454.2310546875
2024-07-11,1561.815673828125,1585.1344421846698,1551.786592769845,1568.5840280306456,11940946.0,-0.2256589960907939,63.9140296492823,1506.4545349121095,1456.5160009765625
2024-07-12,1577.6990966796875,1586.023756297877,1555.7389442164904,1565.619788574804,12924784.0,1.0169844699170485,65.58100987483076,1512.949951171875,1459.0795849609376
2024-07-15,1578.1932373046875,1586.7154660951303,1566.607970695329,1585.332123675554,5329688.0,0.0313203338988987,65.63287039999672,1518.86240234375,1461.6619458007813
2024-07-16,1557.4681396484375,1580.9351457176842,1550.4280378276635,1574.5125966882065,9386838.0,-1.3132167320425991,63.457751832141525,1523.5669189453124,1464.473046875
2024-07-18,1567.7689208984375,1574.9078068261192,1539.2625884242743,1557.2210712967385,12298374.0,0.6613799016347954,64.53882855042336,1529.89189453125,1467.7762133789063
2024-07-19,1536.6195068359375,1571.0294984478237,1534.297532576701,1567.1018870092746,13140390.0,-1.9868625820602004,61.26966813299484,1533.915869140625,1470.8130908203125
2024-07-22,1482.793701171875,1519.1798633102128,1481.4103587992008,1518.9328421942273,19674376.0,-3.502871428132237,55.62059900572047,1536.2119384765624,1472.4360205078126
2024-07-23,1470.1707763671875,1487.8080584659276,1445.5674511277782,1483.1146576505776,18052044.0,-0.851293392648711,54.29581112878444,1538.5055297851563,1474.2891723632813
2024-07-24,1477.8778076171875,1491.5134207568017,1458.8078508242754,1467.3053526491226,11913362.0,0.5242269383863185,55.10467133552319,1540.5582702636718,1476.0336328125
2024-07-25,1474.6173095703125,1482.5960435405543,1459.474842467878,1463.353122317903,12519876.0,-0.2206202725333561,54.7624789869108,1539.4899108886718,1477.8062573242187
2024-07-26,1491.044189453125,1494.4037007697482,1472.59166375446,1474.6172851615388,9859940.0,1.1139757940044293,56.48649554102616,1538.4264831542969,1479.5640625
2024-07-29,1501.987060546875,1509.2989091727318,1493.7613062276428,1493.9341486268256,7538550.0,0.7339065583135795,57.63496019467682,1536.1884643554688,1481.6158154296875
2024-07-30,1495.1199951171875,1506.8287716127938,1492.0075050067665,1498.9488223237445,8228208.0,-0.4571987076364858,56.91425519388349,1533.8664672851562,1483.3508935546874
2024-07-31,1487.4869384765625,1492.4519658681731,1483.262853735488,1486.0788700242824,10057346.0,-0.5105313731040506,56.11315869224616,1530.9145629882812,1484.7287744140624
2024-08-01,1497.2445068359375,1499.9122867676688,1486.3755772216791,1493.983779705346,10764222.0,0.6559767421802309,57.1372247047502,1529.0804382324218,1486.293408203125
2024-08-02,1481.459716796875,1491.3405616106625,1475.4818780540024,1487.067144475012,10268248.0,-1.0542559994038525,55.48059608600367,1526.37802734375,1487.0576928710936
2024-08-05,1430.079345703125,1466.2186085334113,1416.1721046606897,1462.3650548737628,17046704.0,-3.46822600109854,50.08817762588589,1519.397216796875,1486.292421875
2024-08-06,1438.7003173828125,1459.8946792000177,1434.0315221699125,1437.8110173129378,10236186.0,0.6028317034009634,50.99295674367148,1512.241015625,1485.814189453125
2024-08-07,1447.3707275390625,1454.954323788822,1444.0853950542364,1451.4960282823629,8174568.0,0.6026557477948336,51.90292447625258,1506.0432495117188,1485.7860278320313
2024-08-08,1431.8577880859375,1447.5436277380477,1428.6959662921352,1440.1577210643811,12387192.0,-1.0718013814954852,50.27482683318405,1499.3687377929687,1485.6462133789062
2024-08-09,1456.73291015625,1458.9066476361847,1438.6509170052725,1442.603254689353,6249776.0,1.7372620575374809,52.88549438178711,1494.114599609375,1486.3087231445313
2024-08-12,1443.2208251953125,1455.4483700557605,1440.3800824499558,1452.484116756258,8184584.0,-0.9275609047294852,51.46738830689925,1487.3906860351562,1487.0156982421875
2024-08-13,1446.1851806640625,1452.5582774619256,1440.627205334839,1443.344437718015,6265064.0,0.2053986068520696,51.77850021231685,1480.790283203125,1487.6722827148437
2024-08-14,1444.43115234375,1454.460233101401,1436.3782403810735,1446.1109681889411,6267466.0,-0.121286564387768,51.59441328393004,1475.1384338378907,1486.7143334960938
2024-08-16,1460.58642578125,1462.7602840003062,1440.676620060605,1451.1502913945535,9416902.0,1.118452299459638,53.2899244851565,1469.7793090820312,1488.3135473632813
2024-08-19,1475.65625,1485.47150978375,1467.823866090739,1469.8067419652286,13797742.0,1.031765320610134,54.871516765983806,1466.7311462402345,1489.75025390625
2024-08-20,1483.1416015625,1491.0484162933285,1477.2674041310693,1484.4057091952604,8411808.0,0.5072557760318563,55.65711148020738,1466.7485412597657,1491.1222534179688
2024-08-21,1485.8433837890625,1494.964564922092,1477.2426107826689,1480.464784262564,7769996.0,0.1821661683359288,55.94066607593327,1467.5321716308595,1491.7904296875
2024-08-22,1485.2979736328125,1493.6012664349316,1477.8869991875908,1490.1312336221058,10445782.0,-0.0367071093898996,55.88342476505344,1467.9031799316406,1492.4190405273437
2024-08-23,1487.1322021484375,1498.3849993365056,1485.5955458508122,1490.8749048344312,9249654.0,0.1234922923336823,56.07592877966405,1468.5289245605468,1493.3753247070313
2024-08-26,1499.649169921875,1509.9601498448217,1490.1313888488291,1494.0723308917522,8816114.0,0.8416849393318548,57.38959636612479,1468.9591735839845,1494.450537109375
2024-08-27,1487.6031494140625,1500.516654009415,1486.6117113802566,1497.5671500638723,6251156.0,-0.8032559047420396,56.12535513986423,1468.2399780273438,1495.2467846679688
2024-08-28,1485.4716796875,1494.568051187052,1480.2170096090344,1492.1142662167426,9610286.0,-0.1432821466801792,55.90165537950777,1467.7575622558593,1495.757333984375
2024-08-29,1507.90283203125,1523.8401488737277,1481.2083164719252,1490.2303777286736,38335358.0,1.5100356775882062,58.25582599768895,1468.7783569335938,1496.6478344726563
2024-08-30,1496.6995849609375,1526.5418444404818,1490.4534771750382,1520.865886117465,41620730.0,-0.742968766443719,57.0800346394486,1468.7511108398437,1497.7564379882813
2024-09-02,1503.2679443359375,1513.7276641806195,1493.725353098191,1497.9389648135596,11240852.0,0.438856230134621,57.76939015776144,1469.8415222167969,1498.6989965820312
2024-09-03,1496.203857421875,1509.9600595401412,1494.5927706873033,1508.2250430567562,10923800.0,-0.4699153561198987,57.028007566153406,1473.1477478027343,1499.8856274414063
2024-09-04,1501.5823974609375,1504.50709100704,1486.661207884716,1487.850885016148,11983304.0,0.3594790918618695,57.59249042172101,1476.2918518066406,1501.4312963867187
2024-09-05,1480.192138671875,1512.7113538076746,1474.3179410781215,1506.0439573959177,16264168.0,-1.4245144871990911,55.34756256492575,1477.9329223632812,1502.2986791992187
2024-09-06,1452.2830810546875,1484.182646260627,1449.110527949692,1479.721175380084,19394228.0,-1.885502353919355,52.41848061600771,1478.9541870117187,1501.4246508789063
2024-09-09,1449.928466796875,1457.3395627288749,1443.1371406451965,1453.943839140462,9010298.0,-0.1621319072382609,52.17136162640141,1478.61396484375,1500.1769653320312
2024-09-10,1449.011474609375,1459.446383962114,1445.0952218200862,1447.995226435091,10768260.0,-0.0632439605469437,52.07512243049066,1478.903497314453,1498.22224609375
2024-09-11,1439.072265625,1456.1745712275017,1435.1561339115874,1450.5234230036904,9760202.0,-0.6859303158420094,51.03199306288608,1478.5478515625,1496.1724926757813
2024-09-12,1467.1298828125,1473.2767495080643,1433.495302957586,1444.5250498204912,22349376.0,1.949701752838262,53.97666647897974,1479.6827880859375,1494.58458984375
2024-09-13,1460.016357421875,1470.451266381587,1456.918113729867,1463.7590600068495,8711328.0,-0.4848599618861526,53.230095272576186,1479.6542846679688,1493.106376953125
2024-09-16,1458.7523193359375,1468.2206009201684,1452.2088525514882,1464.8993077290231,5481774.0,-0.0865769811079109,53.09743328194043,1478.8090881347657,1491.5712646484376
2024-09-17,1459.6942138671875,1464.824832895271,1454.0677548146175,1461.3796100548857,5935328.0,0.0645685027379272,53.19628600234076,1477.63671875,1489.3712377929687
2024-09-18,1450.9197998046875,1469.3110219373734,1448.0447266088618,1457.413766699014,8574714.0,-0.6011131632325806,52.27540296159727,1475.8905395507813,1486.7531469726562
2024-09-19,1457.0916748046875,1463.858190669141,1443.0876132109174,1453.6959512825115,16955902.0,0.425376716261705,52.92314707038959,1474.480224609375,1484.4684594726561
2024-09-20,1473.2025146484375,1482.1997658201983,1458.7770437683578,1461.3795684407844,30897320.0,1.1056847089535138,54.61399492399737,1473.783740234375,1482.6255493164062
2024-09-23,1480.5887451171875,1488.64417898616,1476.2015834923338,1478.2340798324108,8832314.0,0.5013723772059109,55.38918678584081,1472.8307189941406,1481.0010107421874
2024-09-24,1476.6229248046875,1487.6526722077606,1475.1357678514642,1475.7554165819738,17137444.0,-0.2678542792911798,54.97297019947918,1472.2817077636719,1478.9794873046876
2024-09-25,1481.15869140625,1483.6869066134093,1467.5264194610884,1471.1948125268714,7069002.0,0.3071716228543852,55.44900318702657,1472.0660583496094,1477.0387963867188
2024-09-26,1485.12451171875,1491.122760061236,1475.309372285805,1477.8870868947113,18818998.0,0.267751209611089,55.865219773388205,1470.9271423339844,1475.591923828125
2024-09-27,1513.10791015625,1520.345334807694,1479.225468721031,1486.1655345930462,20597478.0,1.8842459481807736,58.80210386159133,1471.74755859375,1474.4987036132814
2024-09-30,1463.9324951171875,1511.9181178232873,1461.7761901136828,1506.3908994638518,27008814.0,-3.2499608725186317,53.6410976213532,1469.7807861328124,1473.0449633789062
2024-10-01,1452.2830810546875,1475.2100841908111,1450.3002051077794,1467.9726595996829,16431642.0,-0.7957616967555259,52.41848061600771,1467.5847473144531,1472.4347509765626
2024-10-03,1394.928466796875,1436.9902726871703,1390.070396353704,1424.275007622252,37757294.0,-3.949272356471989,46.39905969488511,1462.25205078125,1470.9299047851562
2024-10-04,1374.653564453125,1405.2145916660445,1369.9442340651565,1391.9046094477658,37072876.0,-1.453472549048096,44.27118955015544,1456.9751220703124,1468.865419921875
2024-10-07,1358.98876953125,1384.5431070803495,1349.7188488374588,1381.568793209071,22181340.0,-1.1395449244047784,42.627154532258224,1452.3104064941406,1466.5528491210937
2024-10-08,1385.3857421875,1389.004514771482,1353.411869524131,1361.2194430814652,17020808.0,1.9423981454500967,45.39754173680104,1449.083270263672,1464.4396801757812
2024-10-09,1362.8306884765625,1388.979866453412,1360.74869282372,1385.5594536683957,14310610.0,-1.6280702929224231,43.03036755314472,1444.7742309570312,1461.656552734375
2024-10-10,1359.31103515625,1374.132983939481,1357.699948504806,1368.209166456891,22358646.0,-0.2582604978059954,42.66097661388821,1440.7861694335938,1458.9403735351561
2024-10-11,1360.35205078125,1371.4314188021033,1357.1050671377104,1358.2700551936466,7980122.0,0.0765840634024073,42.770232186668686,1435.4472778320312,1456.39767578125
2024-10-14,1360.7734375,1368.2587216327886,1356.5350159311083,1367.6390728953818,12221432.0,0.0309762990034823,42.8144571206788,1430.4851318359374,1453.6682543945312
2024-10-15,1332.5174560546875,1359.9554295521657,1329.2208521541709,1346.8933067731043,33762794.0,-2.0764648005787145,39.84896518843031,1424.173388671875,1450.6894091796876
2024-10-16,1342.4814453125,1352.3215164873243,1326.1723376036346,1328.527003000744,20034438.0,0.7477567526442686,40.89469526912992,1418.3127502441407,1448.937451171875
2024-10-17,1344.811279296875,1356.7332239102464,1340.4737382347969,1354.0067695283683,15543660.0,0.173546829456006,41.139213545641205,1413.00732421875,1447.0596704101563
2024-10-18,1347.66162109375,1356.70849216764,1329.840427555484,1340.5976258716714,12082452.0,0.2119510626327647,41.43835960854272,1407.535821533203,1445.06548828125
2024-10-21,1357.4769287109375,1362.2358797577067,1346.1002013000875,1355.4197431686716,14067408.0,0.7283213726322124,42.46848541067215,1401.7495422363281,1443.57787109375
2024-10-22,1331.84814453125,1364.2186177698431,1328.749900940748,1357.4767913068545,15831960.0,-1.8879719896252367,39.77872031207532,1394.3125122070312,1441.08017578125
2024-10-23,1327.064453125,1345.8521531156357,1323.5696102860716,1326.048205061888,17214742.0,-0.3591769396453004,39.27666738218305,1386.8345886230468,1438.7570483398438
2024-10-24,1328.3287353515625,1332.1952468902052,1311.796457612685,1323.8424540123256,22155934.0,0.0952690898761821,39.409354995607934,1379.1930908203126,1436.3999194335938
2024-10-25,1316.4808349609375,1332.8395608533488,1310.6809472586556,1331.996862815434,18597496.0,-0.8919403815719762,38.16590666271307,1370.7609069824218,1433.8409130859375
2024-10-28,1322.9251708984375,1341.4155124030335,1310.7800563182918,1325.552505604476,10824350.0,0.4895123245520771,38.842245804156185,1361.2517700195312,1431.0876879882812
2024-10-29,1328.52685546875,1331.6994085045892,1308.995576227512,1316.728719636798,12008361.0,0.4234317022260736,39.43014788897364,1354.4814880371093,1428.1451000976563
2024-10-30,1332.3935546875,1338.4413022928309,1314.0023313459362,1323.569732267355,11984423.0,0.291051641359985,39.83596162295515,1348.48701171875,1425.1301391601562
2024-10-31,1320.64501953125,1331.501217083263,1314.7955112005386,1328.526903121052,9331650.0,-0.8817616322833066,38.60294176522954,1344.7728393554687,1421.826171875
2024-11-01,1327.1884765625,1330.4601492824747,1321.5868277686543,1321.636448077728,2127335.0,0.4954743276563755,39.28968375905277,1342.3995849609375,1418.6639819335937
2024-11-04,1291.0009765625,1328.52687951389,1274.0969107675833,1326.3952636738204,19796890.0,-2.726628556460031,35.49177146547557,1339.0001953125,1414.741357421875
2024-11-05,1294.1240234375,1298.337634786513,1275.1379622128013,1281.9292880644173,16267479.0,0.2419089475296676,35.819538183817,1334.437109375,1410.6308544921876
2024-11-06,1314.0023193359375,1316.9271340293028,1289.0676296160968,1298.7837703539942,21625209.0,1.5360425692149793,37.90578410763159,1331.9956909179687,1407.158837890625
2024-11-07,1294.4710693359375,1312.66393271805,1291.4471349781516,1312.66393271805,9611974.0,-1.4863938756113138,35.855960978542,1328.7536926269531,1403.3388256835938
2024-11-08,1272.7584228515625,1290.505185727704,1264.0833410989228,1286.5394340693545,19814406.0,-1.6773373309542985,33.5771982287222,1324.3740112304688,1398.6359375
2024-11-11,1261.802978515625,1274.9891511168566,1256.151830843746,1267.9994654475693,9056552.0,-0.8607638448302146,32.42741400143218,1319.42548828125,1393.9380053710938
2024-11-12,1263.33984375,1278.2610337323058,1256.6476373969983,1264.6287615317467,10671091.0,0.1217991446004429,32.58870945890242,1315.9666076660155,1389.139443359375
2024-11-13,1241.3299560546875,1264.5295076822267,1238.8017408266169,1259.374078659472,14633633.0,-1.7421984911027644,30.278750963336808,1310.909033203125,1384.0419653320312
2024-11-14,1256.746826171875,1261.7040163358736,1240.38809863068,1242.866693712679,12612633.0,1.2419639147505102,31.896766038889112,1306.505810546875,1379.14525390625
2024-11-18,1249.9554443359375,1262.0014401044657,1233.24973843027,1256.7467703539512,13620611.0,-0.5403937924891689,31.184004102721,1301.6205017089844,1374.5405200195312
2024-11-19,1231.0189208984375,1270.5276979121372,1224.5745744010292,1249.9553610165642,14183746.0,-1.5149758756049403,29.19659808791217,1295.2976013183593,1370.1152368164062
2024-11-21,1212.5286865234375,1233.299264427905,1206.827917964558,1231.0190296194417,19433843.0,-1.5020268219358646,27.25603053160306,1289.3316284179687,1365.3672412109374
2024-11-22,1254.5655517578125,1257.985964127004,1211.983221035894,1218.8737871048172,20471957.0,3.4668759346967004,31.667839229553472,1285.7066833496094,1361.4783227539062
2024-11-25,1275.9805908203125,1293.2811339485756,1271.4694999174592,1278.9549045518283,28923341.0,1.706968522489305,33.91536779944377,1283.0892761230468,1358.2164892578126
2024-11-26,1284.606201171875,1286.737817131633,1273.2046638791437,1283.8626226527838,9247557.0,0.6759985546502145,34.820633750222505,1281.4955444335938,1354.566015625
2024-11-27,1282.1275634765625,1292.6864023015985,1274.9892583407009,1282.4250432843671,9572746.0,-0.1929492238984531,34.560498383746484,1279.4556640625,1351.0082397460938
2024-11-28,1259.91943359375,1285.4984608667178,1258.184417128475,1278.905374093644,15027412.0,-1.732131069906484,32.22973418342061,1276.02529296875,1347.03158203125
2024-11-29,1281.1361083984375,1288.3736540571424,1264.3312830599236,1269.040613461441,13202307.0,1.6839707555085237,34.45644423715608,1273.462420654297,1343.460419921875
2024-12-02,1297.941162109375,1300.1222774340952,1266.1160245478172,1276.9722229086012,11024152.0,1.3117305492189812,36.22015049160845,1272.3272277832032,1340.4008471679688
2024-12-03,1311.9698486328125,1315.4398813546288,1295.8093621182986,1305.7237413234882,16869482.0,1.0808414844197145,37.69247438826071,1271.5662963867187,1337.4984106445313
2024-12-04,1297.74267578125,1317.0262168141671,1292.884726573221,1314.6467414933138,19608540.0,-1.0844130958031162,36.19931916405908,1271.9033813476562,1333.9892138671876
2024-12-05,1310.7305908203125,1318.5628538088615,1294.966703202915,1303.096445986659,16858723.0,1.0008081942164404,37.56241311071997,1272.733709716797,1330.59205078125
2024-12-06,1300.3204345703125,1312.5646685095264,1298.783657405313,1312.5646685095264,9037514.0,-0.7942254741674204,36.469857382915215,1272.0496154785155,1327.0660009765625
2024-12-09,1284.0609130859375,1303.7409326166044,1282.0284168341586,1291.8436769577456,14650002.0,-1.2504242071492144,34.76340525073724,1271.5291076660155,1323.1240454101562
2024-12-10,1273.8489990234375,1283.812998621138,1269.238788448007,1278.2113501165884,16043729.0,-0.7952826815636138,33.69165522769275,1271.5836364746094,1318.89853515625
2024-12-11,1267.2559814453125,1278.9549980546296,1265.1244866020038,1273.9978081396894,11724373.0,-0.5175666490439101,32.99971180767945,1271.8562866210937,1313.9814965820312
2024-12-12,1252.0870361328125,1267.25596445406,1249.8066803924569,1259.1262215126185,20906813.0,-1.1969914156727657,31.40771667447202,1271.2936462402345,1309.7445874023438
2024-12-13,1261.951904296875,1264.281759521455,1228.986588963027,1249.2119494931856,28630222.0,0.7878739959269243,32.44304390279149,1272.3247436523438,1305.9379638671876
2024-12-16,1257.44091796875,1270.0321327010022,1255.7059013940218,1264.0835044447913,9486781.0,-0.3574610341935624,31.96961162833913,1272.3594482421875,1303.188212890625
2024-12-17,1234.6376953125,1253.078416496042,1232.1591005022085,1250.2528426173371,17462791.0,-1.8134627504476253,29.57639187954881,1271.5935607910155,1300.3878955078126
2024-12-18,1242.5196533203125,1249.162239402372,1230.027558928225,1230.027558928225,12670179.0,0.6384025076941802,30.403610814687475,1272.1685974121094,1298.0585131835937
2024-12-19,1219.914794921875,1234.2411461229626,1218.4772582835096,1228.3916379278016,14244653.0,-1.819275722362368,28.031209582051964,1272.5379028320312,1294.7490942382813
2024-12-20,1194.980224609375,1228.8873545167637,1191.2127119418244,1213.5200660980383,20312896.0,-2.0439599893611327,25.414302884299712,1269.5586364746093,1291.3920849609376
2024-12-23,1211.834716796875,1216.6926661807136,1202.8125341694108,1204.5971709809228,10052824.0,1.4104410968817094,27.18319775354758,1266.3513427734374,1288.44255859375
2024-12-24,1212.28076171875,1222.9883400626134,1210.5457452942906,1211.834663048231,6734917.0,0.0368074058031631,27.23001058925818,1262.7350708007812,1285.4811328125
2024-12-26,1206.1339111328125,1217.1883476811242,1203.8535553911518,1213.767935093776,10016178.0,-0.5070484313569934,26.584892816350013,1258.9353881835937,1282.3883422851563
2024-12-27,1210.595458984375,1217.3867853075249,1206.5800865394056,1207.86900439277,7000397.0,0.3699048513918557,27.053136476006845,1256.469189453125,1279.94990234375
2024-12-30,1200.333984375,1212.7269598518426,1197.756269680847,1205.9852538075309,8818766.0,-0.8476386172787898,25.97618502677228,1252.4290832519532,1277.106953125
2024-12-31,1205.043212890625,1208.6619856280877,1195.8229125326573,1197.6570485426987,6405475.0,0.3923265171965395,26.470423005984895,1247.7841857910157,1274.311591796875
2025-01-01,1210.7935791015625,1215.800389087432,1201.2261788160188,1204.4483521073844,5892590.0,0.4771917014613658,27.073929369372564,1242.7253723144531,1271.5742309570312
2025-01-02,1231.167724609375,1233.7949384205442,1209.554328364606,1210.793625832193,15486276.0,1.6827100720942625,29.21221517787693,1239.3966247558594,1269.048046875
2025-01-03,1240.437744140625,1251.244443122699,1224.921714407087,1233.2498182568115,15521102.0,0.752945301111696,30.18511248052107,1235.881982421875,1267.2198388671875
2025-01-06,1207.5714111328125,1251.1946805005002,1204.5970973122885,1243.213556672038,14816766.0,-2.649575374746626,26.735759798650992,1231.24453125,1264.8299780273437
2025-01-07,1230.2257080078125,1233.844480589015,1210.7935491517349,1211.5371275851955,10070505.0,1.876021299125341,29.113349646082032,1228.5527709960938,1262.8679174804688
2025-01-08,1254.664794921875,1260.167324257905,1234.6872949225542,1238.3060678446636,19346579.0,1.9865530979382928,31.67825489332816,1227.5935607910155,1261.6315966796874
2025-01-09,1244.0067138671875,1258.878282472892,1237.364128300027,1256.1518282285128,12794704.0,-0.8494763778998937,30.559679223178527,1226.4310974121095,1260.0532275390624
2025-01-10,1231.266845703125,1245.9896754309789,1225.4173374439545,1243.114481097643,8120332.0,-1.0240996308177983,29.222618030257053,1225.390087890625,1258.10802734375
2025-01-13,1229.234375,1234.5881643828388,1215.899582365329,1219.4687349455062,13764861.0,-0.1650715042168071,29.009308310886173,1223.7542114257812,1256.04484375
2025-01-14,1228.143798828125,1242.6187691440975,1216.742262047884,1233.4479678208604,13095266.0,-0.0887199539855831,28.894851311915627,1222.28935546875,1254.1948193359376
2025-01-15,1241.478515625,1246.2374660533972,1231.2171573529768,1234.2905907014622,9578856.0,1.0857618472363662,30.294342430512437,1222.631396484375,1252.4806201171875
2025-01-16,1255.6065673828125,1264.0834104275011,1240.586378973141,1248.1212833322295,14117603.0,1.1380021144143493,31.77709480233395,1223.2857421875,1251.7727319335938
2025-01-17,1291.19921875,1314.6467509950228,1273.997794139219,1310.9288585996749,29366277.0,2.8346977701285025,35.512577170235815,1226.8499633789063,1251.7142358398437
2025-01-20,1294.272705078125,1304.7324245206253,1289.1172758229052,1304.7324245206253,14040244.0,0.2380334717906995,35.8351424623872,1231.8145874023437,1251.3196435546874
2025-01-21,1262.7945556640625,1301.7581181984158,1259.324522599558,1299.2795231523412,14562976.0,-2.4321110451110406,32.53148095941716,1234.3625793457031,1250.68611328125
2025-01-22,1266.1654052734375,1271.9157939003728,1257.83730213362,1267.3552034506358,10273590.0,0.266935709712679,32.88525480870889,1237.0568115234375,1250.5542529296874
2025-01-23,1252.83056640625,1266.4132176584087,1250.7980702365203,1259.126173066555,8720682.0,-1.053167209564354,31.485750878717543,1239.3916442871093,1250.3748046875
2025-01-24,1235.6292724609375,1262.100619607451,1232.8531975505623,1255.1605533566642,14235970.0,-1.3729944340881262,29.680458837533763,1240.6433349609374,1249.8205932617188
2025-01-27,1218.82421875,1229.8291557820492,1209.5542981292017,1228.4907387555406,9536019.0,-1.3600401095603454,27.91675258308142,1241.5678466796876,1249.370478515625
2025-01-28,1223.8311767578125,1234.0925365684338,1208.0672872533737,1227.400329601704,10568025.0,0.4108023069107958,28.4422375536181,1242.5072448730468,1248.7121655273438
2025-01-29,1224.921630859375,1232.109556252925,1217.53546627882,1225.4173498520336,5928156.0,0.0891016769528185,28.55668174119408,1243.2136474609374,1248.2114892578124
2025-01-30,1242.3214111328125,1246.237542749693,1221.8481926097395,1224.971246456504,9269259.0,1.420481101409754,30.38280510992721,1243.7713317871094,1248.4375390625
2025-01-31,1254.2681884765625,1256.1519448799122,1238.306060895825,1245.09738698474,6584612.0,0.96164947627011,31.63663067241309,1244.4628540039062,1249.2723291015625
2025-02-01,1253.7724609375,1259.6715896071485,1230.374548522757,1254.2681799336815,7118453.0,-0.0395232489843078,31.58460359911788,1246.7729064941407,1249.2564672851563
2025-02-03,1235.232666015625,1245.2461659154887,1226.9541826685895,1240.2889757645512,9252345.0,-1.4787208604033264,29.63883461661869,1247.0232543945312,1248.4415087890625
2025-02-04,1274.196044921875,1277.7653184740125,1235.9265630557768,1237.3642207434832,16691069.0,3.1543352097326283,33.728078022417776,1247.9998168945312,1248.2333056640625
2025-02-05,1267.2559814453125,1279.4507170461238,1265.7688244708304,1271.667953084696,10112028.0,-0.5446621423933262,32.99971180767945,1249.1622802734375,1247.9358740234375
2025-02-06,1270.577392578125,1276.9721191435924,1259.473214579181,1262.7945076095025,9956001.0,0.2620947291978481,33.34829704217568,1251.1278076171875,1248.149033203125
2025-02-07,1255.8544921875,1272.7089385364054,1251.1947819010977,1265.2236540965398,8764283.0,-1.158756678390982,31.80311474467883,1252.4588134765625,1247.6434008789063
2025-02-10,1242.916259765625,1255.656213725916,1234.8856362555491,1253.673337746878,6970972.0,-1.0302333990412138,30.445235035602547,1253.1974365234375,1246.5429028320314
2025-02-11,1224.2772216796875,1253.7230036544372,1219.567891058193,1253.7230036544372,8859714.0,-1.499621389573924,28.489050389328675,1252.3373718261719,1244.7890502929688
2025-02-12,1206.1339111328125,1216.39526992,1183.1324776076383,1209.0089844264594,21131654.0,-1.4819609664862288,26.584892816350013,1249.8637390136719,1242.956875
2025-02-13,1205.687744140625,1217.4858807075602,1201.622872489872,1206.629682868639,8511216.0,-0.0369914972184526,26.538067169244872,1245.5881652832031,1240.8560180664062
2025-02-14,1206.827880859375,1213.5200872227356,1195.1288642881832,1208.56289732395,10298145.0,0.0945631838998872,26.65772559440547,1241.2159240722656,1238.9861669921875
2025-02-17,1214.412353515625,1216.99006794739,1194.1869953911455,1200.7304615718228,8166683.0,0.6284634931411404,27.45372316100918,1238.7968139648438,1237.5931958007814
2025-02-18,1214.908203125,1219.3696743222742,1205.6877809072391,1214.362863790828,6673250.0,0.0408304154630556,27.505763045698934,1236.233953857422,1236.4143798828125
2025-02-19,1216.9405517578125,1222.1952216847485,1207.125412159616,1209.058667892558,6217338.0,0.1672841312277739,27.719059953675277,1234.439453125,1235.4080712890625
2025-02-20,1222.4429931640625,1228.738599945727,1211.5371757068,1213.4704313005311,7795582.0,0.4521536732671194,28.296546374718037,1233.7801391601563,1234.8151904296874
2025-02-21,1217.634521484375,1229.3830367840983,1211.6858938870323,1218.1797397323817,6904025.0,-0.3933493591583903,27.791892731730748,1233.720654296875,1233.9288427734375
2025-02-24,1204.1510009765625,1212.7764626626977,1200.135628901039,1206.1338768607443,7172498.0,-1.1073536656446947,26.376784523169185,1232.7366455078125,1232.8630444335938
2025-02-25,1193.6912841796875,1210.5457292220915,1191.2126893205104,1200.6313497853837,11552182.0,-0.8686383010429899,25.27902736917436,1231.1751281738282,1232.0441162109375
2025-02-27,1196.7647705078125,1204.597154814102,1190.370043898487,1202.416039651657,11509215.0,0.2574774875932162,25.60159266132573,1228.8972961425782,1231.1290185546875
2025-02-28,1189.82470703125,1206.9270123506617,1183.0830013175257,1191.7084634163882,23007298.0,-0.5799020532345489,24.8732264465874,1225.6751220703125,1230.527216796875
2025-03-03,1161.2216796875,1196.1202465389174,1146.1022512006402,1193.6912720117396,17944938.0,-2.4039698599903736,21.87131171961392,1221.0475830078126,1229.8520458984376
2025-03-04,1151.9517822265625,1163.948157257321,1149.6219272411693,1152.2491409974891,11377373.0,-0.7982883563999676,20.898427228364326,1216.8835388183593,1228.6543872070313
2025-03-05,1165.5345458984375,1172.8712116641736,1147.0938223968292,1151.0595745918054,8664095.0,1.179108698944109,22.32395110070058,1211.4504638671874,1227.719462890625
2025-03-06,1199.243408203125,1203.5561393973803,1175.002796955133,1186.75131332057,14468014.0,2.892137553821139,25.86172802780176,1208.0498352050781,1227.5816528320313
2025-03-07,1239.0992431640625,1244.0564330934674,1201.622838887705,1205.5885908312289,16474965.0,3.323414970498373,30.044635539205643,1206.475927734375,1228.151728515625
2025-03-10,1227.7967529296875,1247.2289120927182,1224.8224391488625,1234.3402190424754,11931051.0,-0.9121537517458144,28.858428517190625,1205.0730407714843,1228.7009838867189
2025-03-11,1236.62060546875,1238.801720552263,1219.2208210077197,1229.3830600118497,10089838.0,0.7186737151737566,29.784500172729626,1204.7582580566407,1229.3325317382812
2025-03-12,1246.287109375,1252.1861167007874,1233.3487958636415,1247.2289270068015,11977555.0,0.7816871127249048,30.799008884894285,1205.8587524414063,1230.04240234375
2025-03-13,1237.215576171875,1253.326444606414,1233.2002036288975,1249.2615727756531,9505270.0,-0.7278847012767597,29.846942909799523,1207.4128356933593,1230.163359375
2025-03-17,1228.2427978515625,1246.6340190017777,1222.5420300210542,1231.5145912773855,16640917.0,-0.7252396828106189,28.9052413529012,1208.5405883789062,1229.9194604492188
2025-03-18,1228.2427978515625,1228.2427978515625,1228.2427978515625,1228.2427978515625,0.0,0.0,28.9052413529012,1209.6113342285157,1230.3328881835937
2025-03-19,1236.471923828125,1242.5196714129374,1228.1934407470596,1230.4241762433128,16162399.0,0.6699917956740187,29.76889589415943,1210.7143127441407,1230.4578125
2025-03-20,1258.2835693359375,1262.10058145345,1239.347127629136,1241.1316434245866,15971477.0,1.764022707469448,32.0580486849648,1212.8830810546874,1230.5301879882813
2025-03-21,1265.4217529296875,1270.0319634187874,1259.2252659887297,1264.0833359554676,21780769.0,0.5672953035154915,32.80720779306883,1215.3071411132812,1230.9584887695312
2025-03-24,1290.9512939453125,1294.8179260458828,1273.254151243817,1279.9463572168718,20299319.0,2.0174729062875096,35.486557227890934,1218.7325561523437,1232.152177734375
2025-03-25,1274.4439697265625,1296.50346593687,1271.6183955406093,1296.50346593687,13713899.0,-1.2786945794292182,33.75409796476265,1221.5730285644531,1233.0563696289062
2025-03-26,1262.150146484375,1282.722484204843,1257.8869148358597,1279.9464094999762,12074747.0,-0.9646421132837424,32.46384960755175,1224.4729858398437,1233.7364965820314
2025-03-27,1267.2559814453125,1273.9978081396894,1260.4151561828105,1267.2064821612498,15028056.0,0.4045346724523613,32.99971180767945,1228.151220703125,1234.2520458984375
2025-03-28,1264.1824951171875,1284.655712816062,1258.1347478785124,1269.0405652360091,18147129.0,-0.2425308203808707,32.67714651552809,1231.5221069335937,1234.423564453125
2025-04-01,1241.8751220703125,1266.9585500115554,1238.603449529153,1253.7723771839194,12099648.0,-1.7645690501992828,30.335966651427505,1234.1246276855468,1233.4370825195313
2025-04-02,1240.437744140625,1244.8000957785905,1233.2498182568115,1236.8685913550723,10142590.0,-0.1157425496447039,30.18511248052107,1238.085430908203,1232.3603833007812
2025-04-03,1238.0086669921875,1241.08222182284,1222.4927580494818,1222.4927580494818,7434366.0,-0.1958241886714229,29.93017854023512,1242.3882751464844,1231.8646655273437
2025-04-04,1194.38525390625,1234.7863505024063,1182.9342181609516,1230.473619610667,17908652.0,-3.523675903814394,25.351860147229832,1243.830810546875,1230.4290625
2025-04-07,1155.7191162109375,1161.2216449878497,1105.304523000697,1122.5059464290011,22156106.0,-3.2373254415905106,21.293812487176588,1241.6545959472655,1228.4868334960938
2025-04-08,1172.0780029296875,1186.3547349162204,1153.3399207865864,1161.9653833278503,19555040.0,1.4154725390701506,23.010693094523816,1238.303533935547,1227.2158081054688
2025-04-09,1175.2010498046875,1179.613021672609,1157.9996241138483,1159.4867811653644,10223104.0,0.2664538424229201,23.33845981286524,1235.6737487792968,1226.3433447265625
2025-04-11,1208.5133056640625,1212.1816988912135,1184.917153801556,1184.917153801556,11224242.0,2.834600587270697,26.834612519051348,1234.2683837890625,1226.0369873046875
2025-04-15,1229.4822998046875,1240.288998738938,1226.5079856590305,1240.288998738938,13378535.0,1.735106601006997,29.03532825323105,1233.4281433105468,1226.1282006835938
2025-04-16,1228.689208984375,1230.2754856402491,1218.477348782242,1223.5336585713449,8248464.0,-0.0645060787323625,28.95209262279545,1233.0018249511718,1225.855556640625
2025-04-17,1263.5877685546875,1269.238916912585,1217.0893007676923,1229.5813957339365,15398401.0,2.8403081361119358,32.6147294012473,1234.7690734863281,1226.0419482421876
2025-04-21,1284.4078369140625,1289.7616259352503,1256.151855939882,1259.126169726638,10429964.0,1.6476946736505127,34.7998152340677,1237.577325439453,1226.6546557617187
2025-04-22,1280.144775390625,1292.7361113748846,1275.2868257139828,1288.8694787336528,13051707.0,-0.3319087131763432,34.35240290196022,1239.760968017578,1227.5528979492187
2025-04-23,1288.869384765625,1294.8180126953123,1274.3944143417475,1285.8950708007812,10480888.0,0.6815330221019433,35.26805889372455,1241.2902587890626,1227.8463647460937
2025-04-24,1290.4556884765625,1293.3308829080645,1279.2525115884996,1281.3345072026398,10468940.0,0.1230771503837102,35.43454296599029,1242.5419555664062,1228.3103588867189
2025-04-25,1289.2659912109375,1313.85358083958,1277.071255478384,1292.3394247863746,14431012.0,-0.0921920276882537,35.309683114639626,1242.4576904296875,1228.684130859375
2025-04-28,1357.0804443359375,1362.8307123815491,1308.8964585313056,1328.526980231352,31104496.0,5.259927244439733,42.42687400115162,1246.5895141601563,1230.7086499023437
2025-04-29,1387.7156982421875,1398.8198762816546,1358.2700385179512,1359.2614765022709,32538970.0,2.2574383142954124,45.64207282470687,1252.8677917480468,1233.604638671875
2025-04-30,1392.9703369140625,1400.3070020394923,1357.2785702742715,1389.9960230274132,25480745.0,0.3786538322317012,46.19355211479932,1259.1535095214845,1236.9785009765626
2025-05-02,1407.6436767578125,1414.4845019236116,1397.0352178747166,1401.8932881277126,13007841.0,1.0533849468939094,47.7335329861061,1266.3265686035156,1241.0086962890625
2025-05-05,1419.0452880859375,1427.1750314493302,1414.6829365878357,1418.747808269532,12685649.0,0.8099785134819015,48.93014286050128,1275.185076904297,1245.2758471679688
2025-05-06,1408.7342529296875,1419.7391903256466,1398.5223933042987,1418.7477523435757,14084117.0,-0.7266177649733696,47.84798998507664,1283.59990234375,1249.313974609375
2025-05-07,1393.9617919921875,1412.20427492599,1390.6899982666434,1408.7342420156256,13440169.0,-1.04863361608325,46.29760626138973,1291.39755859375,1252.9049633789064
2025-05-08,1394.9532470703125,1408.635139694706,1386.030305191398,1392.0780527042998,16106175.0,0.0711249823216464,46.40166040798015,1301.425958251953,1256.5058642578124
2025-05-09,1365.4083251953125,1382.8577303043132,1362.731491083779,1373.637308764333,13668904.0,-2.11798653016152,43.30089296060631,1311.910418701172,1259.4752197265625
2025-05-12,1424.2005615234375,1426.6791563050656,1388.013077711669,1388.013077711669,10674081.0,4.305835495745569,49.47119367542447,1324.5165466308595,1263.51037109375
2025-05-13,1403.57861328125,1435.304626683893,1400.3069407641844,1421.226256646525,11407896.0,-1.4479665855579138,47.30690073596977,1335.9354248046875,1267.2292529296874
2025-05-14,1412.204345703125,1417.6572548355591,1403.3805230837922,1407.8419941921477,5570160.0,0.6145528537022882,48.21217949814309,1346.1199768066406,1271.3903198242188
2025-05-15,1441.7491455078125,1448.8875719918406,1400.6044669576877,1412.7992032271827,20177211.0,2.092105147146905,51.312934134122365,1356.7333190917968,1276.3514770507813
2025-05-16,1443.9302978515625,1448.4908883531898,1434.9082364412498,1440.757623701411,9036695.0,0.151285149052871,51.54184813206344,1367.4953735351562,1281.2947875976563
2025-05-19,1428.4638671875,1442.1456384779733,1425.886031660542,1439.667043567546,6195791.0,-1.0711341598050206,49.918631630321066,1375.7391784667968,1286.0675708007811
2025-05-20,1412.4024658203125,1432.6278240113834,1409.6265122020177,1425.88599760598,11270560.0,-1.1243827538186757,48.23297239150879,1382.1389099121093,1291.0911865234375
2025-05-21,1416.9630126953125,1423.9030780659657,1405.9580760983038,1411.708464386899,6136364.0,0.3228928712150969,48.711606092151214,1388.9798217773437,1296.3914111328124
2025-05-22,1397.332763671875,1411.6094953044076,1384.9397884743898,1409.031659643212,12134466.0,-1.3853748367148475,46.65139292207603,1394.4029907226563,1301.0273754882812
2025-05-23,1414.5838623046875,1421.5239286750705,1394.5567410207764,1394.5567410207764,6474883.0,1.2345734016484755,48.46191201223897,1400.6093994140624,1305.3341845703126
2025-05-26,1422.5152587890625,1428.6621258406371,1412.898237790455,1419.7391840414937,4842944.0,0.5606876125006099,49.29431956217316,1407.2718627929687,1309.0025048828124
2025-05-27,1409.9239501953125,1424.696400543767,1401.794207036506,1413.8897021801247,12640414.0,-0.8851440092437768,47.97284983642732,1409.9140380859376,1312.645048828125
2025-05-28,1400.8028564453125,1410.4197571984832,1398.621620102477,1407.9411620533203,5944611.0,-0.6469209739104365,47.01558243514248,1410.5683959960938,1315.9286938476562
2025-05-29,1405.660888671875,1407.842003929875,1396.5395861721686,1400.0096192804465,13771917.0,0.3468034209246351,47.52543750431983,1411.2029235839843,1319.1161694335938
2025-05-30,1408.7342529296875,1418.3511529457182,1397.630074915406,1405.8590585766528,13788484.0,0.2186419414939022,47.84798998507664,1411.2574523925782,1322.54654296875
2025-06-02,1401.5958251953125,1405.3633379328091,1383.650821945961,1400.0095486308933,8098668.0,-0.5067263552035794,47.0988052541835,1410.3849792480469,1326.013603515625
2025-06-03,1393.466064453125,1414.286261787537,1391.3840689247124,1410.1222707307113,11252626.0,-0.5800360272230853,46.24557918809453,1409.6215698242188,1329.3180688476561
2025-06-04,1411.3118896484375,1413.493004678654,1394.0608455067168,1402.5871874772963,8126827.0,1.2806788518611167,48.11851539253824,1410.4890747070312,1332.8148681640625
2025-06-05,1430.0501708984375,1442.244785474372,1411.4110884077943,1415.7734397380668,13716817.0,1.3277207814544667,50.085115702586805,1412.2439208984374,1336.2502001953126
2025-06-06,1431.140625,1439.0721282906131,1424.6962785763767,1428.6620302216834,8182161.0,0.0762528562810782,50.19955989016278,1415.530535888672,1339.5645776367187
2025-06-09,1436.3953857421875,1445.0208477095389,1432.9253528317358,1444.5251287223314,7885125.0,0.3671729144148594,50.7510519916498,1416.1402770996094,1342.4734594726563
2025-06-10,1426.1834716796875,1441.4516401070769,1423.704876838395,1437.5850079496329,7913181.0,-0.7109403277025583,49.67930196860528,1417.2705200195312,1345.5082495117188
2025-06-11,1436.4945068359375,1456.0257865422643,1430.7441181682643,1433.4210733170682,8195700.0,0.7229809741173154,50.76145484402992,1418.4850280761718,1348.99513671875
2025-06-12,1429.2569580078125,1444.5251270006308,1422.1186530105915,1441.055094094315,8828114.0,-0.5038340761961302,50.00186726075666,1417.860418701172,1352.23515625
2025-06-13,1415.67431640625,1423.2092208521976,1402.1907840779525,1411.8076840776937,9757276.0,-0.9503288772156672,48.576356199814974,1416.4476196289063,1355.2649926757813
2025-06-16,1425.489501953125,1430.050092219024,1412.204209506703,1414.6828043278583,8458093.0,0.6933222869926148,49.60646919054983,1416.2989013671875,1358.9372802734374
2025-06-17,1418.9459228515625,1435.602128554236,1413.5922548276174,1435.602128554236,10366599.0,-0.4590408482557651,48.91971438533203,1416.62607421875,1362.5074438476563
2025-06-18,1417.85546875,1430.4468040463896,1413.4931173168031,1417.7563491543892,6681735.0,-0.0768495884163833,48.805270197756045,1416.6706970214843,1366.1043798828125
2025-06-19,1421.028076171875,1427.5715425014369,1413.4930508573852,1417.8554020854735,10007230.0,0.223760989169941,49.13823834228754,1417.8554626464843,1370.637236328125
2025-06-20,1453.6463623046875,1458.4053131642288,1415.8725983169522,1418.7477927518771,29010635.0,2.29540053991637,52.561558270418175,1419.8085876464843,1376.59578125
2025-06-23,1444.326904296875,1451.266970188698,1429.6535737155343,1440.5593915455418,5989078.0,-0.6411090241396078,51.58347235297851,1420.899169921875,1382.0407592773438
2025-06-24,1438.378173828125,1462.3709229333156,1430.7440292763747,1452.4565437947847,16402744.0,-0.4118687016805178,50.95914747343606,1422.3218811035156,1387.3043017578125
2025-06-25,1454.737060546875,1459.7933702625824,1447.9952335758323,1451.4652666586912,7525851.0,1.1373147212886403,52.67602808078327,1425.0185913085938,1392.2287768554688
2025-06-26,1482.4971923828125,1485.9672251547677,1452.55569413543,1456.5214458748071,14657893.0,1.908257690602988,55.589480128342,1428.8604064941405,1397.2890747070312
2025-06-27,1502.425048828125,1508.9685148979506,1484.0834473001275,1486.562042101208,11117052.0,1.3442087140335568,57.68092747834665,1433.5449462890624,1402.7637915039063
2025-06-30,1487.7518310546875,1511.7447031481738,1483.191240482831,1500.838885203447,8409527.0,-0.9766355922302016,56.14095941843442,1437.8527465820312,1407.2470727539062
2025-07-01,1515.3138427734375,1518.2881567329412,1487.256099345396,1487.751818338647,10368523.0,1.8525947099128135,59.03361857262743,1443.945135498047,1411.8651928710938
2025-07-02,1505.796142578125,1516.9002002088089,1495.7825215605471,1515.3139235508756,6361002.0,-0.6281009205256427,58.034726950427526,1448.6693481445313,1416.3782202148439
2025-07-03,1504.8045654296875,1518.783816287235,1500.0456148706696,1507.7788792727886,11283291.0,-0.0658506899041344,57.93065999244256,1452.4070678710937,1420.696923828125
2025-07-04,1514.223388671875,1516.900223008299,1504.2097675037892,1510.9515946827762,6603501.0,0.6259167109516239,58.919174385051456,1456.5612060546875,1425.1722778320313
2025-07-07,1528.3016357421875,1531.5734294639212,1511.942909183805,1513.5291857359532,7251074.0,0.9297338276263556,60.39669970789381,1461.1565185546874,1429.9529907226563
2025-07-08,1524.43505859375,1531.6726044702705,1517.0983931213486,1522.8487819842126,7171261.0,-0.2529982994201152,59.99089878530683,1466.0690979003907,1433.3000830078124
2025-07-09,1505.9942626953125,1537.7202774459709,1497.170440637757,1523.5426661942138,8870660.0,-1.2096806482165712,58.05551984379322,1469.5440856933594,1435.665654296875
2025-07-10,1504.209716796875,1511.645501953118,1494.5928164048603,1506.688311848956,10047129.0,-0.118496195014961,57.868230066767225,1473.2917236328126,1437.8904418945312
2025-07-11,1482.3980712890625,1502.0285923917668,1477.540121836759,1499.0542783474266,7234991.0,-1.4500401948113415,55.57907727596185,1476.627911376953,1439.3855297851562
2025-07-14,1470.9964599609375,1487.156947197204,1466.4358695278945,1479.4236826617216,10311846.0,-0.7691329035668826,54.38246740156669,1478.9032592773438,1440.4245532226562
2025-07-15,1472.6820068359375,1483.6869442622558,1469.7076928815193,1473.4750846086956,8132454.0,0.1145853794267237,54.55936713760712,1481.5900634765626,1441.7035083007813
2025-07-16,1472.8802490234375,1478.234038357326,1458.9009976142222,1460.388154594461,10409983.0,0.0134613030226438,54.58017284236738,1484.3413024902343,1443.2818774414063
2025-07-17,1463.759033203125,1476.845965908467,1461.2804382949057,1474.664850799291,11854613.0,-0.6192774888766461,53.62289262968798,1486.477850341797,1444.6579931640624
2025-07-18,1463.3624267578125,1472.0871292027396,1456.521480639079,1472.0871292027396,10296318.0,-0.0270950638948108,53.58126840877291,1486.9636535644531,1446.6170751953125
2025-07-21,1416.3682861328125,1463.362470991638,1410.9153771961903,1452.456653118394,22442744.0,-3.211380842210021,48.64918897787043,1485.56572265625,1446.4604296875
2025-07-22,1400.70361328125,1419.640054314783,1398.6214967228643,1415.178583447059,20396320.0,-1.1059745551301958,47.00516677136779,1483.6819946289063,1446.4029296875
2025-07-23,1412.4024658203125,1413.7905031420296,1402.2898472373463,1413.7905031420296,8354596.0,0.8352125623248163,48.23297239150879,1481.5652648925782,1446.4068920898437
2025-07-24,1390.8883056640625,1410.8161839876018,1384.0473596954969,1407.0486714179167,14740507.0,-1.5232315630201554,45.97504096923837,1476.9848205566407,1445.3896752929688
2025-07-25,1379.7841796875,1389.0046012536309,1372.2492752918663,1386.9226057137396,11854722.0,-0.7983477847461673,44.80965246337816,1470.8527770996093,1444.1067529296874
2025-07-28,1375.7193603515625,1395.746480796028,1373.1416457270684,1380.379191620021,7748361.0,-0.2945981984557977,44.38304583603095,1465.251153564453,1443.0518627929687
2025-07-29,1404.966796875,1408.0402305383973,1371.1587845273314,1371.1587845273314,10750072.0,2.125974044296597,47.45259191486981,1459.7338012695313,1442.9031494140625
2025-07-30,1398.0267333984375,1411.1137879299629,1389.3021514025702,1405.9582375902166,7209849.0,-0.4939663693119933,46.72422570013151,1454.3453308105468,1442.524423828125
2025-07-31,1378.2969970703125,1390.5908519212596,1370.365493427784,1376.215001569177,17065827.0,-1.411256012262685,44.65357124349254,1448.019952392578,1442.1437084960937
2025-08-01,1381.76708984375,1393.8627060383,1372.4476694796913,1375.025384070285,10321171.0,0.2517666933043783,45.01776075655896,1441.3971374511718,1441.487373046875
2025-08-04,1399.4146728515625,1403.975263237478,1379.7841529413568,1383.155066191865,6312820.0,1.2771749405182442,46.86989125624243,1434.9527893066406,1441.025361328125
2025-08-05,1379.7841796875,1398.918980991344,1376.2150271869518,1398.918980991344,9315972.0,-1.4027645661354835,44.80965246337816,1427.7202453613281,1440.4225659179688
2025-08-06,1380.8748779296875,1383.9483114870873,1371.456217044825,1379.9825595355662,5834312.0,0.0790484670170954,44.92412227374325,1421.4642761230468,1440.0240063476563
2025-08-07,1377.50390625,1381.7670168023217,1354.3042341107182,1375.818389126872,9976705.0,-0.2441185464059914,44.57033561305694,1415.1289855957032,1439.4608666992187
2025-08-08,1356.0888671875,1385.2370458989403,1353.312792536344,1373.1415514013454,8793606.0,-1.5546263763997925,42.32280704316664,1408.813525390625,1438.407958984375
2025-08-11,1374.331298828125,1376.1159356273254,1349.5453489789295,1358.2700517359046,9997486.0,1.345223906930193,44.23736746852545,1403.9802673339843,1437.8626684570313
2025-08-12,1368.5810546875,1389.8969719255274,1363.4255044148415,1370.0682117041065,12244664.0,-0.4184030550368867,43.63387391653235,1398.7752197265625,1437.3649682617188
2025-08-13,1370.7620849609375,1379.8833867126675,1365.7057756228248,1376.115874093997,7457021.0,0.159364347911084,43.86277510307888,1393.6693115234375,1436.5539721679688
2025-08-14,1367.4774169921875,1374.3455639562076,1363.794372575189,1370.961308962897,7126128.0,-0.2396234915443829,43.51804609834424,1388.8552307128907,1435.3025170898438
2025-08-18,1375.3409423828125,1388.4802648218374,1370.662621833986,1383.602791829514,11785109.0,0.5750387752597064,44.34333051290482,1384.4541564941405,1434.1865234375
2025-08-19,1413.564208984375,1414.460091190419,1382.7068811681168,1383.6027633741608,14384719.0,2.77918481328272,48.35489843350595,1384.3139526367188,1433.7298999023437
2025-08-20,1406.4969482421875,1418.342205158243,1403.510755146132,1406.4969482421875,8725641.0,-0.4999603624136206,47.61318274563944,1384.6036193847656,1433.3361694335938
2025-08-21,1418.24267578125,1425.3099750709036,1413.7633861810953,1418.441706715632,11021323.0,0.8351050852788644,48.84590794129024,1384.8956298828125,1432.9711328125
2025-08-22,1402.71435546875,1416.84907536351,1401.4204113959267,1413.464698965694,5818868.0,-1.0948986783200665,47.21619606250756,1385.4869323730468,1432.4402807617187
2025-08-25,1406.0987548828125,1412.9670232567023,1399.230486508923,1408.189065733516,5979407.0,0.2412750251587381,47.57139197659512,1386.8026611328125,1432.24876953125
2025-08-26,1378.5262451171875,1403.5107021083377,1375.241384232256,1401.519906786198,12145259.0,-1.960922706877932,44.67763104247023,1386.9430053710937,1431.3095043945314
2025-08-28,1379.521728515625,1385.7926612650012,1360.2109883890075,1383.50331940736,13161813.0,0.0722135978160398,44.782107965081,1385.670751953125,1430.5210205078124
2025-08-29,1350.9537353515625,1397.0406983353937,1343.7869203796088,1374.7437651325777,18758842.0,-2.070862138199292,41.783870108345326,1383.3171020507812,1429.1829858398437
2025-09-01,1347.6689453125,1356.9260708455383,1334.430107544873,1349.759256141992,11232238.0,-0.2431460051596556,41.43912829221612,1381.7856994628905,1427.7158032226562
2025-09-02,1360.2109375,1378.128095842481,1348.2661652716797,1348.5648331807902,11517006.0,0.93064340698239,42.75542221456101,1380.7078918457032,1425.8470947265625
2025-09-03,1366.2828369140625,1370.1649121838109,1354.2385492379765,1363.396159328429,7847563.0,0.4463939560155561,43.3926737912113,1379.0513000488281,1424.2862133789063
2025-09-04,1353.0440673828125,1367.676364160165,1350.8541196588233,1365.4865379446771,13223177.0,-0.9689625876550978,42.003252428736126,1377.7142944335938,1422.57953125
2025-09-05,1368.671875,1374.6442613636364,1353.0441792852228,1356.7271022727273,5777575.0,1.1550109855192223,43.643405594082616,1377.1041442871094,1420.8582275390625
2025-09-08,1372.15576171875,1379.6212446443146,1366.08385990766,1373.6488583038629,6986720.0,0.2545450653576031,44.00904279473399,1376.836737060547,1418.6513989257812
2025-09-09,1369.8662109375,1374.843199236951,1362.4007284883237,1370.264394303157,9754452.0,-0.1668579358936717,43.76875227842645,1377.5256042480469,1416.0002221679688
2025-09-10,1370.66259765625,1382.1096709119122,1367.7759200987732,1377.5308659113482,7790815.0,0.0581360947800035,43.85233381651508,1377.3421691894532,1413.6584375
2025-09-11,1376.9337158203125,1379.1235422027223,1368.6718661340626,1369.667263854887,9766072.0,0.4575245705825681,44.51049358908208,1377.7598022460938,1410.8908349609376
2025-09-12,1388.579833984375,1389.873899637371,1374.146566892781,1376.9337291414593,7403368.0,0.8458009292861446,45.732764686774544,1378.6506896972655,1408.5465087890625
2025-09-15,1392.8599853515625,1394.3530818320328,1382.209157552439,1386.5889315301856,5396697.0,0.3082394877438332,46.18197061411997,1379.9198181152344,1406.3076171875
2025-09-16,1398.8323974609375,1401.5199225726965,1391.7649767809332,1398.2350616507645,8686961.0,0.4287876866437168,46.80878090420646,1381.0943908691406,1403.9997973632812
2025-09-17,1407.2933349609375,1409.6821922648512,1400.4250664409112,1400.5245819104894,7519417.0,0.6048571305152572,47.69676428372807,1380.7808471679687,1401.5796313476562
2025-09-18,1408.4876708984375,1415.4554544293835,1404.2074124117412,1413.8628424954393,9332642.0,0.0848675899920436,47.8221109680719,1380.8803833007812,1399.26068359375
2025-09-19,1400.9227294921875,1410.4785229891424,1397.1401696768169,1408.3882121473878,13461373.0,-0.5370967430211482,47.02816322459727,1380.014385986328,1397.1592529296875
2025-09-22,1384.199951171875,1404.2074196840813,1381.6119415772491,1397.438788552637,7757970.0,-1.193697408733907,45.2730918500762,1379.0886657714843,1394.7590576171874
2025-09-23,1383.40380859375,1388.5798281670254,1370.4636381520502,1384.5982372618869,14014702.0,-0.0575164431591668,45.18953593477668,1377.9539184570312,1392.7791723632813
2025-09-24,1376.635009765625,1389.5751797778832,1374.0470000648747,1378.9244730635044,5922759.0,-0.4892858315176718,44.47914410660157,1377.859356689453,1390.891943359375
2025-09-25,1366.0838623046875,1378.128150477363,1362.6994857374575,1374.942926360271,11411143.0,-0.7664448009885971,43.3717912180837,1377.1874633789062,1388.75998046875
2025-09-26,1371.2598876953125,1376.3363918134596,1359.7132983361803,1365.685684712474,9879109.0,0.3788951420517161,43.91501997008156,1378.2027709960937,1386.7275732421874
2025-09-29,1366.48193359375,1382.6073268149732,1361.703976301572,1375.2413599514075,14231999.0,-0.3484353436162157,43.41356917573344,1379.1434204101563,1384.78203125
2025-09-30,1357.722412109375,1370.762097190836,1356.5279835173724,1370.762097190836,14604684.0,-0.6410272444172027,42.49424912512587,1379.018994140625,1382.6692309570312
2025-10-01,1362.4007568359375,1372.255218175594,1356.4283707523282,1360.7086293823172,12045916.0,0.3445729911237372,42.98524582151562,1378.8248901367188,1381.5898803710938
2025-10-03,1357.125244140625,1365.287456651113,1350.6551591113212,1356.926091696157,12842347.0,-0.3872217971725433,42.43157578295396,1379.0289489746094,1380.7183129882812
2025-10-06,1368.671875,1371.0608538471567,1352.7455113636363,1353.740909090909,12396580.0,0.8508154209957652,43.643405594082616,1379.0289489746094,1379.843701171875
2025-10-07,1378.4267578125,1389.47564777439,1369.5676941462978,1369.667209612737,11244040.0,0.712726183001311,44.66718975590642,1379.3424987792969,1379.5944702148438
2025-10-08,1361.1068115234375,1382.6073771032557,1358.2201339506064,1378.426755451918,8525081.0,-1.2565010212474692,42.84944503921344,1378.9045288085938,1379.2209228515626
2025-10-09,1371.458984375,1373.6488106871857,1362.7989515764332,1367.676424553763,8826633.0,0.7605702038898432,43.93591535460371,1378.9443481445312,1379.1357153320312
2025-10-10,1375.3409423828125,1381.6119964455866,1368.7713419175536,1371.45898859096,6373084.0,0.2830531610525488,44.34333051290482,1378.8647094726562,1378.5431982421876
2025-10-13,1368.671875,1371.3594002602315,1361.505059967041,1370.5631549835205,7600682.0,-0.4849028467994398,43.643405594082616,1377.8693115234375,1377.9561010742189
2025-10-14,1369.5677490234375,1381.612037149334,1363.7943936365562,1373.6488553790207,9768174.0,0.0654557195045368,43.73742841873505,1376.7046997070313,1377.7815161132812
2025-10-15,1367.97509765625,1377.6304066718624,1366.382364141153,1376.6350089791804,10882743.0,-0.1162886150263942,43.57027815395236,1375.1618347167969,1377.5056762695312
2025-10-16,1391.8646240234375,1394.0544503152107,1368.671809484766,1368.7713249510273,12315932.0,1.7463421964418302,46.07750650290375,1374.390399169922,1377.3546752929688
2025-10-17,1410.279541015625,1416.7496262080865,1392.6609284325848,1394.5522084059296,19335561.0,1.3230393728203227,48.0101694287713,1374.4799926757812,1377.9645825195312
2025-10-20,1460.04931640625,1467.0170999313525,1426.7034952504036,1433.3726108781725,24721978.0,3.5290716445324666,53.23355434910653,1377.4363220214843,1379.5480712890626
2025-10-21,1458.4566650390625,1467.2162134241023,1453.2806455896807,1461.2438272093502,2066169.0,-0.1090820254693647,53.06640408432384,1381.1491577148438,1381.1671264648437
2025-10-23,1441.7340087890625,1476.0752283864208,1437.9514490416038,1468.2115624957596,18707090.0,-1.14659946029676,51.31134552119732,1384.0656677246093,1382.880029296875
2025-10-24,1444.9193115234375,1453.0816457634617,1434.3681199531734,1443.3266994671071,9700837.0,0.2209355342217556,51.64564605076272,1387.4798828125,1384.2917895507812
2025-10-27,1477.2696533203125,1478.16553552233,1451.289798512833,1456.266786847925,14113867.0,2.2389029988648,55.04084496784116,1393.0391723632813,1386.4655615234376
2025-10-28,1480.056884765625,1485.1333888036677,1470.79963742504,1477.26972256393,17631577.0,0.1886745212052565,55.33336753975679,1398.479022216797,1388.6514575195313
2025-10-29,1497.277099609375,1501.3583271895798,1481.2512217130793,1483.1425015536738,11884745.0,1.163483310742941,57.140645347096864,1405.018780517578,1391.247451171875
2025-10-30,1481.6494140625,1496.1821955688697,1477.1701246011085,1493.0964871305005,9318663.0,-1.0437403705000348,55.500504993144936,1411.2151306152343,1393.3736206054687
2025-10-31,1479.5592041015625,1490.6080945575152,1475.4780977270138,1483.540795005222,8758053.0,-0.1410731810844834,55.28113548414868,1417.0730529785155,1394.6935205078125
2025-11-03,1477.866943359375,1488.1195884585134,1472.4918928888085,1479.1610089962214,8452085.0,-0.114376007225414,55.10353112140762,1423.1101379394531,1396.1209204101563
2025-11-04,1466.3203125,1485.9297198935935,1463.334119430687,1477.07065615293,10007806.0,-0.7813038184024901,53.89170131027898,1427.9925598144532,1397.0824731445311
2025-11-06,1489.2144775390625,1494.689164899616,1469.406038969176,1477.1701896475463,16772678.0,1.561334508149126,56.29446554801414,1433.5319458007812,1398.8124755859376
2025-11-07,1471.19775390625,1491.5038906434634,1469.1074431042953,1487.7213309001131,7821765.0,-1.209813892125544,54.40359339119088,1439.0364929199218,1400.1144555664061
2025-11-10,1482.44580078125,1494.0919049344996,1468.7092643110286,1471.0982430243505,7068438.0,0.7645503023053557,55.58408653123357,1444.5858337402344,1402.1928466796876
2025-11-11,1486.5269775390625,1491.9021495222175,1473.3876547459602,1490.1103850249956,7127506.0,0.2753002339553889,56.0124098854514,1450.1451354980468,1404.3329516601561
2025-11-12,1504.5435791015625,1517.6827797499902,1493.0965058897411,1498.0734942427068,12384459.0,1.211992909292925,57.90326923088009,1456.938720703125,1407.4047485351562
2025-11-13,1503.9464111328125,1515.0948167835015,1499.865304859355,1508.0275174062697,7196443.0,-0.039690971869799,57.84059588870818,1463.6576538085938,1410.5302978515624
2025-11-14,1511.9095458984375,1513.900341239272,1498.5711928131457,1498.5711928131457,7682823.0,0.5294826136542197,58.67633440122712,1470.8543762207032,1413.5642700195312
2025-11-17,1511.3123779296875,1516.6874283079178,1504.5436249599409,1513.900387650411,5871416.0,-0.0394975989383761,58.61366105905521,1476.8267639160156,1416.4648608398438
2025-11-18,1512.4072265625,1520.7685911952462,1503.5481631005248,1514.696568271851,11045042.0,0.072443569496361,58.72856645683524,1481.9331481933593,1419.6521240234374
2025-11-19,1511.9095458984375,1515.2939222795571,1505.0412776708577,1510.4164493928115,5692366.0,-0.0329065251290616,58.67633440122712,1484.5261596679688,1422.5168774414062
2025-11-20,1541.9705810546875,1543.7623455509597,1519.673647863964,1522.9585089376258,18171724.0,1.988282648112172,61.83126842478715,1488.70185546875,1425.913173828125
2025-11-21,1539.4820556640625,1550.6305827884978,1533.0119706260582,1533.9078528560988,9615271.0,-0.1613860485537244,61.57009533535203,1493.5892578125,1429.3054907226563
2025-11-24,1528.831298828125,1542.8663816107544,1524.7501927010492,1542.8663816107544,18433951.0,-0.6918402716518335,60.4522883488758,1497.7848571777345,1432.4688647460937
2025-11-25,1532.61376953125,1552.4222077972818,1518.0809876078647,1528.8313312270848,15033482.0,0.2474092927077231,60.84926222061311,1500.5520629882812,1435.5824658203126
2025-11-26,1562.6748046875,1564.366932099549,1533.4100892950655,1535.2018536795324,14054299.0,1.9614227507197768,64.00419624417313,1504.682958984375,1439.064365234375
2025-11-27,1556.2047119140625,1568.2489991897637,1548.8387449947777,1567.7513003642512,9794643.0,-0.4140396168178739,63.32515389847855,1507.6293395996095,1442.331259765625
2025-11-28,1560.285888671875,1574.0224254817672,1555.806599039324,1560.7835875199362,8959508.0,0.2622519213936192,63.75347725269636,1511.5611633300782,1445.5603295898438
2025-12-01,1558.892333984375,1570.2398922139623,1556.403839701944,1567.7513979315313,8920233.0,-0.0893140608152376,63.60722237243584,1515.5278198242188,1448.5923095703124
2025-12-02,1539.1834716796875,1560.2858537619331,1534.9032130787248,1553.9152843475838,11389150.0,-1.2642863060538412,61.538758664266055,1518.5936462402344,1451.2062255859375
2025-12-03,1531.718017578125,1545.255401892265,1525.9446623591427,1538.0884656023031,6090883.0,-0.4850269145247221,60.75525220735525,1521.8635314941407,1453.8221313476563
2025-12-04,1528.53271484375,1553.3181423785347,1510.6155558800758,1528.9308982335338,11867930.0,-0.2079562098127874,60.42095167778984,1523.829443359375,1456.7087866210939
2025-12-05,1533.5096435546875,1538.685784402705,1513.6016899280953,1523.356635808528,10183266.0,0.3256017134998901,60.94328504526554,1526.9450378417969,1459.7109033203126
2025-12-08,1535.898681640625,1543.861863398969,1527.9354998822807,1532.1161217020071,11301491.0,0.1557889183141814,61.19401684813688,1529.6176818847657,1462.8961767578126
2025-12-09,1522.3612060546875,1535.4008911036892,1513.1039592099478,1533.211064854301,11503971.0,-0.8814042063944538,59.77324600318119,1531.4093933105469,1466.0217236328126
2025-12-10,1529.8267822265625,1540.3779737710463,1524.3520947592017,1526.9401045329791,7991629.0,0.4903945359473916,60.55676527148659,1532.6735534667969,1469.1930615234376
2025-12-11,1537.889404296875,1542.866392660295,1516.98605317051,1529.826707449835,4706197.0,0.5270284298839245,61.40294507056932,1534.370703125,1472.6212109375
2025-12-12,1549.3365478515625,1552.62140892391,1538.9843872841,1543.6628294631555,5106655.0,0.7443411420030577,62.60433359513418,1536.2420532226563,1476.4534936523437
2025-12-15,1549.037841796875,1551.4268205626304,1539.3825327747268,1544.060853330096,5774543.0,-0.0192796106889603,62.572984112653664,1538.1283264160156,1480.1862353515626
2025-12-16,1535.201904296875,1544.5585453663573,1531.7180123854912,1537.8894294536826,11731856.0,-0.8931955777110256,61.1208894080066,1539.2680603027343,1483.7477685546876
2025-12-17,1537.292236328125,1542.8664391614582,1532.2157323461342,1542.8664391614582,7116649.0,0.136160072847713,61.3402717283974,1540.5371948242187,1487.12017578125
2025-12-18,1537.292236328125,1544.3595357154854,1528.1345045583196,1528.1345045583196,6580829.0,0.0,61.3402717283974,1540.3032775878905,1490.2974853515625
2025-12-19,1557.8968505859375,1566.9549449740823,1543.8617679066683,1547.2461442463334,13937275.0,1.3403186310904314,63.50274544982504,1541.2240173339844,1494.2332861328125
2025-12-22,1568.1495361328125,1570.2398469681211,1558.0960438231807,1566.2582562309594,10184852.0,0.658110679344337,64.5787744786515,1543.1899291992188,1498.1670971679687
2025-12-23,1563.4710693359375,1573.6241984599117,1560.8830596994949,1573.6241984599117,7506564.0,-0.2983431547231463,64.08776497086721,1544.7327941894532,1501.9296997070312
2025-12-24,1551.0286865234375,1568.448146711295,1546.4498812900458,1565.4619535362338,8815745.0,-0.7958179116025921,62.78192514648069,1544.15048828125,1505.5768359375
2025-12-26,1552.0240478515625,1553.8158123179846,1547.1466963201517,1547.5447581940157,2311495.0,0.0641742694234892,62.88638925769692,1543.941455078125,1509.2259619140625
2025-12-29,1538.4866943359375,1550.9291658570105,1536.495898892566,1547.7439417510202,5972105.0,-0.8722386443924313,61.4656312241358,1542.851495361328,1512.6361938476562
2025-12-30,1532.71337890625,1546.449793829553,1530.7225835687998,1539.8801935176689,8815884.0,-0.3752593669443138,60.85971631857148,1541.542547607422,1515.4531689453124
2025-12-31,1563.172607421875,1569.7422080874378,1533.9078900841737,1533.9078900841737,5771830.0,1.987274916159532,64.05644111117581,1542.7420043945312,1518.5110302734374
2026-01-01,1568.3485107421875,1585.1707553042595,1563.8692213237453,1566.457230908256,6408128.0,0.3311152777202952,64.5996570517791,1544.5735290527343,1520.6770141601562
2026-01-02,1584.9718017578125,1587.2611435561273,1570.9365970213464,1572.7283614795997,6602230.0,1.0599232824698213,66.34428713973637,1547.3954833984376,1523.2073168945312
2026-01-05,1570.8370361328125,1604.3820104615531,1568.049995566515,1585.6684856930358,8704973.0,-0.8917991859113128,64.86083014121424,1549.2618530273437,1525.7893774414063
2026-01-06,1500.6614990234375,1561.77894010158,1489.4135782872731,1561.77894010158,27417125.0,-4.467397667305939,57.49584126118443,1547.4999938964843,1526.9042211914064
2026-01-07,1497.277099609375,1513.004431115157,1491.1056827700695,1503.0504545946628,11199340.0,-0.2255271702689021,57.140645347096864,1546.2457885742188,1527.3043701171875
2026-01-08,1463.831787109375,1496.9785780764305,1462.040144211037,1493.0965028672745,16518684.0,-2.233742338590872,53.63052822084384,1542.9460388183593,1526.9798681640625
2026-01-09,1468.51025390625,1473.0890589574892,1458.2576091430024,1458.2576091430024,8335311.0,0.3196041265173921,54.12153772862813,1539.4770812988281,1526.40453125
2026-01-12,1476.373779296875,1478.464211615997,1444.322022844729,1468.510234890672,8883745.0,0.5354763693142806,54.94682214318873,1535.8289428710937,1526.2990185546876
2026-01-13,1446.11376953125,1478.9618923221497,1438.050951275772,1478.165525590484,13499760.0,-2.049617122029645,51.77100554650109,1530.6827392578125,1525.6301098632812
2026-01-14,1452.086181640625,1460.2483939989072,1433.5716876182923,1437.3542473990606,8321764.0,0.4129973889475558,52.39781583658758,1526.526953125,1525.1144946289062
2026-01-15,1452.086181640625,1452.086181640625,1452.086181640625,1452.086181640625,0.0,0.0,52.39781583658758,1522.266650390625,1524.8298120117188
2026-01-16,1451.1903076171875,1473.1885721290346,1448.4031454989463,1452.0861898343726,17167161.0,-0.0616956510408606,52.30379301193515,1517.9615539550782,1524.0693286132812
2026-01-19,1407.0941162109375,1443.9238298491432,1396.8415931572963,1443.9238298491432,20392765.0,-3.038622238226951,47.67585608781136,1510.4214172363281,1522.787255859375
2026-01-20,1387.5843505859375,1409.4830993039366,1383.6027599099375,1404.207443054835,13189498.0,-1.3865288327362555,45.628287764163744,1501.3931579589844,1520.8900268554687
2026-01-21,1398.1356201171875,1406.397469837406,1366.681076311502,1383.105138772638,17352720.0,0.7604056306050433,46.73565346407618,1493.1263854980468,1519.1221997070313
2026-01-22,1396.0452880859375,1412.9670491536458,1388.5798052619484,1403.610286379211,15721693.0,-0.1495085313021893,46.51627114368537,1485.377215576172,1516.9522338867187
2026-01-23,1379.720703125,1400.5245389866304,1374.6441992470054,1395.348519642108,9837802.0,-1.169344941761841,44.8029905382086,1476.7620483398437,1514.4677197265626
2026-01-27,1374.146484375,1385.195374217857,1361.7040134914885,1373.6487855396597,26302396.0,-0.404010662257559,44.21797101716645,1468.5450378417968,1511.7124584960939
2026-01-28,1390.2718505859375,1403.4111724845943,1378.526231208921,1378.6257466723232,11121657.0,1.173482332072617,45.91034342672648,1461.4229614257813,1509.2916479492187
2026-01-29,1384.59814453125,1396.4434009824272,1377.6303609139109,1396.4434009824272,20846683.0,-0.4081004770611129,45.31488261912051,1452.49423828125,1506.7354663085937
2026-01-30,1388.9779052734375,1391.5659148620384,1372.1556606847782,1376.236766748553,11239835.0,0.3163199921570214,45.77454264442429,1443.5257080078125,1504.2768334960938
2026-02-02,1384.0009765625,1386.4894707948447,1329.35361891851,1333.8329085367304,15711165.0,-0.3583159020774884,45.2522092769486,1433.4771667480468,1501.11744140625
2026-02-03,1430.4859619140625,1482.6448239290096,1423.617693715007,1467.1166446366906,25456171.0,3.3587393461975035,50.13085238115463,1426.4596130371094,1498.93751953125
2026-02-04,1450.095458984375,1457.2622740237098,1433.6713964697635,1437.3543194605445,8333387.0,1.370827648254158,52.18888761415512,1423.9313110351563,1497.362802734375
2026-02-05,1436.757080078125,1454.7737543419996,1432.8750047042822,1450.2944646433757,11763658.0,-0.9198276446980902,50.78901215372162,1420.9053100585938,1495.4456689453125
2026-02-06,1444.123046875,1446.113842295832,1426.9026178813986,1434.865799564727,8277304.0,0.5126800416723531,51.56207732406865,1419.919873046875,1493.0746337890625
2026-02-09,1454.873291015625,1459.153549837875,1446.3128948796364,1451.2898835062008,5775864.0,0.7444133077086468,52.69032559710867,1419.2380249023438,1491.0480053710937
2026-02-10,1451.7874755859375,1464.2299462371711,1445.5164217743147,1464.2299462371711,10259630.0,-0.2121020056346845,52.36646635410707,1418.0087097167968,1488.878037109375
2026-02-11,1461.9405517578125,1463.234617369774,1446.91007080626,1452.882456999606,7106877.0,0.699350031779078,53.43204128497519,1418.800048828125,1486.9390014648438
2026-02-12,1442.231689453125,1466.2207486838624,1438.8473131178023,1463.2345557130195,11135399.0,-1.348130215075427,51.36357757680543,1418.30732421875,1484.9999658203126
2026-02-13,1413.0665283203125,1444.0233720001163,1409.7817888672505,1438.8473526451965,10755693.0,-2.022224400288386,48.30266637789784,1416.3563415527344,1482.6269360351562
2026-02-16,1430.4859619140625,1432.9744560797708,1402.8139796964888,1413.564201587246,5896514.0,1.2327398069824858,50.13085238115463,1415.3211242675782,1480.6660009765626
2026-02-17,1416.450927734375,1425.2104761017015,1412.071153550712,1424.5136248062845,10731630.0,-0.9811374982602316,48.65786229198539,1415.78896484375,1478.3248266601563
2026-02-18,1434.666748046875,1435.4629932986809,1412.6683617554224,1420.4325123887006,5521096.0,1.2860184532927257,50.5696298333308,1418.143084716797,1476.3001879882813
2026-02-19,1403.0130615234375,1436.3588845536149,1393.5567833507007,1436.3588845536149,11884664.0,-2.2063441957186347,47.24754554498807,1418.3869567871093,1473.9132250976563
2026-02-20,1412.8675537109375,1420.8307355027323,1399.628715378674,1403.013091941889,8177670.0,0.7023806447532088,48.28178380477024,1419.2280700683593,1471.5740405273436
2026-02-23,1421.4278564453125,1428.2961245911818,1411.772547760535,1418.4416634695872,7758856.0,0.6058814721798367,49.18019565946108,1421.313427734375,1469.2448095703126
2026-02-24,1422.2242431640625,1426.7035326906043,1408.4877066792656,1418.7403513100855,12529409.0,0.0560272345261125,49.26377719754971,1423.7173156738281,1466.7025634765625
2026-02-25,1392.063720703125,1433.8704252219177,1387.0867320699354,1428.395737725409,10728792.0,-2.120658722132207,46.09840188742589,1423.8069091796874,1463.5630810546875
2026-02-26,1400.3255615234375,1406.397463315574,1385.4941111892442,1392.0637118415314,16683858.0,0.593495879350936,46.96548988242535,1424.593280029297,1460.8655541992186
2026-02-27,1387.48486328125,1403.9089251530934,1381.711508080472,1391.5659695052796,12031440.0,-0.916979493555614,45.61784647759994,1424.5186279296875,1457.8694067382812
2026-03-02,1351.75,1372.2551671563265,1335.3259388807069,1369.1694587628867,23728722.0,-2.5755137390645837,41.86743883503941,1422.9060791015625,1454.1585620117187
2026-03-04,1338.8099365234375,1346.5740873609554,1300.9848230751916,1323.8789706886037,32495007.0,-0.9572822989874274,40.50936695504475,1418.3222778320312,1449.7768237304688
2026-03-05,1383.005615234375,1392.5614090361375,1346.872629427245,1346.872629427245,25957532.0,3.301116723536035,45.14774516573237,1414.9677856445312,1446.0739453125
2026-03-06,1398.334716796875,1417.7449716586152,1383.9014503612218,1390.0728674061677,19311971.0,1.1083904066363504,46.75654884859834,1413.0466674804688,1442.7712182617188
2026-03-09,1417.4462890625,1422.8214608086796,1363.6948146177142,1368.6718029922313,24870822.0,1.3667380231682458,48.76232640320162,1411.7128295898438,1440.0995703125
2026-03-10,1402.3162841796875,1424.9117626543534,1394.1539503917586,1424.015880450879,18071259.0,-1.067412924183497,47.17441810485781,1409.084979248047,1437.1054150390626
2026-03-11,1383.8017578125,1427.4002232775151,1377.2321576556008,1418.34212900751,21848087.0,-1.320281777802923,45.23130108103188,1405.685693359375,1434.0117163085938
2026-03-12,1385.7926025390625,1404.4066120742225,1374.7437125844203,1383.6027762448114,20939959.0,0.1438677697381818,45.44024211485889,1401.8782958984375,1431.07330078125
2026-03-13,1374.3455810546875,1394.3531723993444,1372.0562392077015,1378.8248707870416,17265090.0,-0.8260270305528894,44.23886640168859,1398.4839904785156,1427.2967602539063
2026-03-16,1388.6793212890625,1390.8692691567512,1357.224777946389,1373.6488401657623,22837802.0,1.0429502180503425,45.74320597333834,1397.264630126953,1423.7033764648438
2026-03-17,1391.167724609375,1399.429573667814,1381.810962442932,1392.5613056143347,19007744.0,0.1791920771170296,46.00436625137891,1395.2987182617187,1419.827294921875
2026-03-18,1401.6195068359375,1406.3974645008152,1390.7696473738065,1390.7696473738065,9559327.0,0.7512956232144763,47.10129066472752,1394.557147216797,1416.4429443359375
2026-03-19,1378.4267578125,1409.1844489610974,1369.7667250791762,1381.6119817895922,16498373.0,-1.6547107763784985,44.66718975590642,1391.7451477050781,1413.9982495117188
2026-03-20,1407.8905029296875,1423.4186824363833,1389.6746767818197,1391.5659566755692,22994918.0,2.13749079885428,47.75943762589998,1391.9890197753907,1412.210517578125
2026-03-23,1401.3209228515625,1409.084951963176,1384.598192981382,1393.5567722314413,18979554.0,-0.4666257826481779,47.069953993641576,1391.411688232422,1410.9603002929687
2026-03-24,1405.302490234375,1415.8536813182018,1400.1263494042955,1413.4647025895886,18620893.0,0.2841295892956674,47.48782324990104,1390.605419921875,1409.6961450195313
2026-03-25,1406.596435546875,1423.9163794589117,1401.9181150601291,1413.464703831985,19041331.0,0.0920759282426297,47.62362403220324,1389.8240295410155,1408.3005981445312
2026-03-27,1341.8956298828125,1398.235116023098,1338.809921280448,1394.552193095842,23266517.0,-4.599812997457741,40.8332133866518,1387.315625,1406.2162353515625
2026-03-30,1337.7149658203125,1358.7178325566667,1327.960019957529,1328.855902170806,24393861.0,-0.3115491227037581,40.39444874587017,1384.1850952148438,1403.9288110351563
2026-04-01,1362.8984375,1378.028554948465,1356.627505100946,1377.8294025098971,14404619.0,1.882573816032962,43.037477877123735,1382.9557739257812,1402.1450561523438
2026-04-02,1344.2845458984375,1351.9490593116357,1321.8880984473344,1350.7546307176451,21280051.0,-1.3657577915861752,41.08393237812857,1382.582501220703,1400.0069409179687
2026-04-06,1298.6953125,1352.7454554606609,1284.0630151171836,1352.7454554606609,29274881.0,-3.3913380569266627,36.29929928718041,1380.5767700195313,1397.83896484375
2026-04-07,1298.5958251953125,1302.2788696189978,1285.058440671965,1289.040031502862,28388922.0,-0.0076605577713162,36.28885800061661,1376.3562805175782,1396.0591943359375
2026-04-08,1341.5970458984375,1344.3840865060406,1320.0963587364663,1342.7914745147666,21817543.0,3.3113629251547483,40.80187671556583,1373.5193969726563,1394.9284228515626
2026-04-09,1323.87890625,1343.7868597274437,1320.195983460075,1339.8052690319548,20725390.0,-1.3206752133664734,38.942341229828536,1368.8410278320312,1393.4850952148438
2026-04-10,1343.9859619140625,1346.0763943468285,1325.3720730291864,1330.8467605257397,19364461.0,1.518798703502089,41.052595707042606,1365.92451171875,1392.770400390625
2026-04-13,1309.0474853515625,1321.4899565481755,1303.970981405046,1315.119386993808,28753269.0,-2.599616182950437,37.38576960257068,1362.1867980957031,1391.4684204101563
2026-04-15,1337.9140625,1340.8007402141902,1328.059600686701,1330.8467629297493,15313779.0,2.205158901526394,40.41534413039231,1359.79287109375,1390.4212646484375
2026-04-16,1337.1177978515625,1347.5694738488123,1323.8789596516422,1345.7777093601655,30211012.0,-0.0595153807524506,40.33177540369826,1357.9314819335937,1389.4716577148438
2026-04-17,1358.7178955078125,1362.1022720767137,1333.832952366644,1333.832952366644,13869105.0,1.6154221932395352,42.59872604773667,1356.4334106445312,1388.8664575195312
2026-04-20,1357.0257568359375,1366.6810660920328,1346.5740808024586,1356.9261198573818,13614733.0,-0.1245393674043415,42.42113449639015,1354.7263122558593,1388.326953125
2026-04-21,1347.07177734375,1363.4958396538184,1343.8864317482064,1352.7454957201878,27293629.0,-0.733514411354752,41.376454950044206,1351.99892578125,1386.6586694335938
2026-04-22,1355.8311767578125,1359.7132520720183,1342.8910067161314,1344.085556855853,9525953.0,0.6502548387833373,42.29576218925721,1350.8691467285157,1384.7733837890626
2026-04-23,1337.21728515625,1349.261572940554,1334.529638479888,1339.8052948565,16385079.0,-1.3728767947403075,40.342216690262056,1347.3354858398438,1382.782587890625
2026-04-24,1321.6890869140625,1339.7057606040942,1318.9019248091768,1333.8328899956955,11744802.0,-1.1612322406057696,38.71251762287393,1343.3538940429687,1380.3339086914064
2026-04-27,1359.51416015625,1365.2873936261717,1304.9663202853897,1306.9571155871215,24673098.0,2.861873765675349,42.68229477443073,1341.0644775390624,1378.4267260742188
2026-04-28,1382.5078125,1388.7787447541257,1350.75460334444,1351.7500009887617,41027699.0,1.6913139279922884,45.09550029872968,1339.8600463867188,1377.0411328125
2026-04-29,1418.83984375,1427.2012083655534,1384.896807968084,1385.5935377241706,30542143.0,2.6279801764230504,48.90858128346216,1343.707257080078,1376.1791186523437
2026-04-30,1424.215087890625,1430.386505071105,1386.6885214286783,1402.515369272921,30957881.0,0.3788478427852793,49.47271823137673,1348.0322631835938,1375.8187866210938
2026-05-01,1424.215087890625,1424.215087890625,1424.215087890625,1424.215087890625,0.0,0.0,49.47271823137673,1351.098095703125,1376.0417578125
2026-05-04,1456.3663330078125,1460.6465916696056,1426.803070277682,1426.803070277682,24035700.0,2.257471177672054,52.84702176393301,1356.7021850585938,1376.559365234375
2026-05-05,1456.864013671875,1466.6189594959255,1443.3266295857377,1453.280606341501,23543341.0,0.034172766342011,52.89925381954112,1364.6106201171874,1377.367626953125
2026-05-06,1431.2823486328125,1466.519450812893,1420.9301884572374,1456.2668061036345,14221786.0,-1.7559404857963812,50.21443391924325,1371.2449462890625,1377.2999389648437
2026-05-07,1429.590087890625,1442.828925531327,1423.717338832762,1432.1782190445704,19816903.0,-0.1182338861234422,50.03682955650219,1375.644598388672,1377.8314794921876
2026-05-08,1428.5947265625,1436.1598462687914,1410.9762359236815,1419.4371163507371,8663105.0,-0.0696256455998245,49.93236544528597,1380.880389404297,1378.1460229492188
2026-05-11,1381.81103515625,1421.427912122738,1375.6396180347506,1413.4647305422184,15261787.0,-3.27480499097329,45.02237285859943,1382.7716430664063,1377.3536865234375
2026-05-12,1357.722412109375,1387.0866431630602,1354.0394893602804,1385.593546668805,24357500.0,-1.7432646312707356,42.49424912512587,1385.205389404297,1376.0636499023437
2026-05-13,1352.54638671875,1366.0837705701026,1346.1758174038478,1355.1343963286624,13797989.0,-0.381228544543466,41.95102037312803,1385.9370056152343,1375.2733032226563
2026-05-14,1355.5325927734375,1371.6579863902991,1352.148216400817,1358.9168476375537,17303059.0,0.2207840029747165,42.26442551817127,1386.8577453613282,1374.3774438476562
2026-05-15,1330.24951171875,1358.518830724615,1323.082575367519,1350.5556491178086,19976192.0,-1.865176919350786,39.610942288959336,1385.434326171875,1373.2327368164063
2026-05-18,1329.7518310546875,1335.8237328112184,1312.630917460794,1327.860551095503,13022473.0,-0.0374125800970626,39.55871023335122,1384.0706298828125,1372.7927734375
2026-05-19,1316.6124267578125,1337.8144453658963,1312.3322897558653,1332.5387892026445,21665501.0,-0.9881095096107906,38.17971734604531,1382.5476623535155,1372.3488232421876
2026-05-20,1353.442138671875,1356.6274840630256,1306.558933569541,1312.6308349443716,13248515.0,2.797308544683608,42.045030386385896,1382.4282104492188,1371.7575537109376
2026-05-21,1343.388671875,1364.590690861155,1339.0088978228712,1360.9076465750106,17150630.0,-0.7428072844503308,40.98990955347615,1382.7367797851562,1370.6586328125
2026-05-22,1348.26611328125,1361.106767233248,1342.8909416840763,1343.7868238683554,7105813.0,0.3630700115583307,41.50180163438804,1384.0656311035157,1369.275029296875
2026-05-25,1360.7086181640625,1364.7897243191817,1350.7546414401118,1360.5095872329855,6750071.0,0.9228523034322532,42.80765427016912,1384.1253540039063,1368.4428759765624
2026-05-26,1350.0579833984375,1362.2017870434288,1346.1759079681497,1353.8404218493883,13769747.0,-0.782727074955647,41.68986009508746,1382.502862548828,1367.7680004882814
2026-05-27,1344.2845458984375,1354.736221375619,1342.393266034199,1346.7730400596713,13215138.0,-0.4276436694568342,41.08393237812857,1378.77509765625,1366.9378393554687
2026-05-28,1344.2845458984375,1344.2845458984375,1344.2845458984375,1344.2845458984375,0.0,0.0,41.08393237812857,1374.7785705566407,1366.3366186523438
2026-05-29,1315.119384765625,1362.6994431442622,1310.938763054049,1357.7224546740497,42634247.0,-2.169567538494632,38.02302117922096,1369.3237854003905,1364.865419921875
2026-06-01,1313.9249267578125,1329.353590670499,1312.431830250133,1326.3673976551404,10700603.0,-0.0908250628535389,37.89766168348259,1362.2017150878905,1363.3205639648438
2026-06-02,1308.5498046875,1321.689127358814,1294.3156903458798,1301.6815361898257,23302785.0,-0.4090889791988239,37.33353754696256,1354.7860046386718,1361.459169921875
2026-06-03,1307.15625,1317.906594083847,1295.0124463014238,1308.9480145168118,20012293.0,-0.1064961136754583,37.18728266670202,1348.5796997070313,1360.033759765625
2026-06-04,1297.699951171875,1305.1654340270677,1287.1487597049047,1295.0124259474096,23474327.0,-0.7234252850892964,36.19483517596418,1341.9851928710937,1357.8299487304687
2026-06-05,1291.0,1306.0,1288.0,1304.5,17785223.0,-0.5162943225685335,35.491668974319104,1335.1054565429688,1355.6235302734376
2026-06-08,1263.300048828125,1282.5999755859375,1259.199951171875,1277.0,16494759.0,-2.145619765443452,32.5845329442769,1329.1799072265626,1352.7834814453124
2026-06-09,1269.199951171875,1274.199951171875,1257.5,1269.0,23620214.0,0.4670230440680267,33.20373326599664,1324.7537841796875,1350.0355517578125
2026-06-10,1258.800048828125,1300.5,1254.4000244140625,1275.0,21012796.0,-0.819406141179535,32.11225369533466,1320.0664672851562,1348.3736401367187
2026-06-11,1263.0,1276.0,1253.199951171875,1258.0,13117486.0,0.3336472043979466,32.55304253645625,1315.4398376464844,1346.8793408203126
2026-06-12,1293.0,1297.0,1262.5,1277.0,11988785.0,2.375296912114022,35.70157086273789,1313.5773620605469,1345.4813720703125
2026-06-15,1307.0,1325.0,1303.300048828125,1315.300048828125,18633321.0,1.0827532869296164,37.17088408166931,1312.4397705078125,1344.7356811523437
2026-06-16,1328.800048828125,1333.4000244140625,1306.4000244140625,1313.4000244140625,18513223.0,1.66794558746175,39.45881978999177,1313.0491516113282,1345.3377758789063
2026-06-17,1332.699951171875,1334.0,1317.0,1333.0,10029170.0,0.2934905328449755,39.86811822329275,1312.0120422363282,1346.0198583984375
2026-06-18,1328.0999755859375,1333.9000244140625,1322.0,1330.0,15494549.0,-0.3451621335989863,39.38534644220848,1311.247607421875,1345.7499169921875
2026-06-19,1309.5,1338.199951171875,1305.300048828125,1328.0,24887034.0,-1.4004951380058197,37.433261442192766,1309.3093017578126,1345.4623388671876
2026-06-22,1326.5,1344.9000244140625,1314.0999755859375,1316.699951171875,12931213.0,1.298205421916765,39.21742749375237,1307.5988708496093,1345.1126196289063
2026-06-23,1309.5,1333.0,1304.0,1328.9000244140625,15400184.0,-1.2815680361854542,37.433261442192766,1305.5709716796875,1345.121669921875
2026-06-24,1313.5999755859375,1322.0,1297.5,1305.699951171875,11030917.0,0.3130947373759074,37.86355775117236,1304.0367431640625,1344.6353881835937
2026-06-25,1318.0999755859375,1328.0,1314.5999755859375,1318.0,12694362.0,0.342570042907675,38.3358370001146,1302.7275146484376,1344.2550317382813
2026-06-26,1318.0999755859375,1318.0999755859375,1318.0999755859375,1318.0999755859375,0.0,0.0,38.3358370001146,1302.8765441894532,1343.4426733398439
2026-06-29,1301.0,1313.699951171875,1292.5999755859375,1308.0,13757656.0,-1.297320074551711,36.541178416412976,1302.2302978515625,1342.322158203125
2026-06-30,1293.9000244140625,1306.9000244140625,1290.0,1306.9000244140625,15695263.0,-0.5457321741689114,35.79602927480525,1301.4978088378907,1341.2587231445314
2026-07-01,1308.0,1312.199951171875,1296.5,1298.9000244140625,7001401.0,1.0897268196839782,37.2758350258787,1301.5399963378907,1340.302099609375
2026-07-02,1303.5,1313.199951171875,1299.0,1310.0,17795024.0,-0.3440366972477071,36.803555776936456,1301.8299987792968,1339.62775390625
2026-07-03,1304.0,1312.0,1302.0,1312.0,7839550.0,0.038358266206373,36.85603124904115,1302.479998779297,1339.2739721679689
2026-07-06,1321.300048828125,1325.5999755859375,1299.4000244140625,1304.0,7610709.0,1.3266908610525263,38.67168770842137,1305.3799987792968,1338.5096899414064
2026-07-07,1308.4000244140625,1328.0,1304.0999755859375,1323.5,14335554.0,-0.9763130203093272,37.31781796584137,1307.3400024414063,1337.0275341796876
2026-07-08,1275.9000244140625,1302.300048828125,1271.5999755859375,1297.0,19960868.0,-2.483949816078179,33.906912279036284,1308.195001220703,1334.1687377929688
2026-07-09,1279.800048828125,1296.5,1274.199951171875,1277.0999755859375,14651963.0,0.3056684959194644,34.31622352373181,1309.0350036621094,1331.2804370117187
2026-07-10,1307.800048828125,1311.0999755859375,1287.800048828125,1291.9000244140625,8412537.0,2.187841766816523,37.25484996159465,1309.7750061035156,1328.9521362304688
2026-07-13,1296.9000244140625,1306.4000244140625,1295.0,1300.0,9488352.0,-0.8334626095043873,36.110882107433405,1309.2700073242188,1325.7628100585937
2026-07-14,1293.0,1308.0,1286.9000244140625,1290.0,13511284.0,-0.3007189714430369,35.70157086273789,1307.4800048828124,1322.4855297851564
2026-07-15,1295.5,1310.9000244140625,1294.0999755859375,1294.0999755859375,9577965.0,0.1933488012374251,35.96394822326134,1305.6200073242187,1319.7698828125
2026-07-16,1296.5999755859375,1309.4000244140625,1291.800048828125,1295.5,15631046.0,0.0849074168998376,36.07939169961276,1304.0450073242187,1317.1100805664062
2026-07-17,1327.199951171875,1330.300048828125,1296.0999755859375,1300.0,18302218.0,2.3600166714571547,39.29088803014111,1304.9300048828125,1315.0821850585937
2026-07-20,1323.0999755859375,1345.9000244140625,1314.9000244140625,1317.199951171875,14305844.0,-0.3089192086179193,38.86059172116154,1304.7600036621093,1313.9079638671874
2026-07-21,1303.699951171875,1326.9000244140625,1302.699951171875,1321.0,12753410.0,-1.4662553678508772,36.82454084122051,1304.4700012207031,1312.8275146484375
2026-07-22,1288.5999755859375,1304.5999755859375,1280.699951171875,1302.0,10840383.0,-1.1582400975289064,35.23978414593767,1303.2200012207031,1311.5485864257812
2026-07-23,1272.199951171875,1287.300048828125,1268.0,1283.0,12580741.0,-1.272700971968066,33.518586098624816,1300.925,1309.88193359375
2026-07-24,1278.0,1283.4000244140625,1249.800048828125,1265.0,9817000.0,0.4559070154642297,34.12730669959707,1298.9200012207032,1308.836943359375
2026-07-27,1280.0,1288.699951171875,1278.0,1288.199951171875,7163132.0,0.156494522691708,34.337208588015855,1297.8700012207032,1307.8419067382813
2026-07-28,1267.699951171875,1279.199951171875,1265.9000244140625,1275.0,9312184.0,-0.9609413146972612,33.04630684968257,1296.5599975585938,1306.8636572265625
2026-07-29,1275.9000244140625,1282.4000244140625,1268.699951171875,1275.0,9448307.0,0.6468465376690435,33.906912279036284,1294.9549987792968,1305.3128149414063
2026-07-30,1292.9000244140625,1297.0,1275.300048828125,1279.800048828125,12158451.0,1.332392795258941,35.69107833059586,1294.425,1304.3030419921874
2026-07-31,1307.800048828125,1309.699951171875,1293.5999755859375,1295.0,8624996.0,1.1524498517056836,37.25484996159465,1294.6150024414062,1303.493720703125
2026-08-03,1319.0,1319.0,1306.0,1315.199951171875,7508023.0,0.8563962955889792,38.43029541218195,1294.5,1302.6595483398437
2026-08-04,1290.9000244140625,1315.0,1286.4000244140625,1315.0,10590603.0,-2.1303999686078434,35.48117644217707,1293.625,1301.4763891601563
