Price,Close,High,Low,Open,Volume
Ticker,0P0000XVUQ.BO,0P0000XVUQ.BO,0P0000XVUQ.BO,0P0000XVUQ.BO,0P0000XVUQ.BO
Date,,,,,
2021-08-04,45.67259979248047,45.67259979248047,45.67259979248047,45.67259979248047,0
2021-08-05,45.702999114990234,45.702999114990234,45.702999114990234,45.702999114990234,0
2021-08-06,45.57400131225586,45.57400131225586,45.57400131225586,45.57400131225586,0
2021-08-09,45.434200286865234,45.434200286865234,45.434200286865234,45.434200286865234,0
2021-08-10,45.450401306152344,45.450401306152344,45.450401306152344,45.450401306152344,0
2021-08-11,45.36309814453125,45.36309814453125,45.36309814453125,45.36309814453125,0
2021-08-12,45.58869934082031,45.58869934082031,45.58869934082031,45.58869934082031,0
2021-08-13,45.743499755859375,45.743499755859375,45.743499755859375,45.743499755859375,0
2021-08-16,45.73059844970703,45.73059844970703,45.73059844970703,45.73059844970703,0
2021-08-17,45.9364013671875,45.9364013671875,45.9364013671875,45.9364013671875,0
2021-08-18,45.87820053100586,45.87820053100586,45.87820053100586,45.87820053100586,0
2021-08-20,45.59769821166992,45.59769821166992,45.59769821166992,45.59769821166992,0
2021-08-23,45.64509963989258,45.64509963989258,45.64509963989258,45.64509963989258,0
2021-08-24,45.840999603271484,45.840999603271484,45.840999603271484,45.840999603271484,0
2021-08-25,45.833900451660156,45.833900451660156,45.833900451660156,45.833900451660156,0
2021-08-26,45.80070114135742,45.80070114135742,45.80070114135742,45.80070114135742,0
2021-08-27,45.972801208496094,45.972801208496094,45.972801208496094,45.972801208496094,0
2021-08-30,46.30160140991211,46.30160140991211,46.30160140991211,46.30160140991211,0
2021-08-31,46.5880012512207,46.5880012512207,46.5880012512207,46.5880012512207,0
2021-09-01,46.580501556396484,46.580501556396484,46.580501556396484,46.580501556396484,0
2021-09-02,46.8036003112793,46.8036003112793,46.8036003112793,46.8036003112793,0
2021-09-03,46.908599853515625,46.908599853515625,46.908599853515625,46.908599853515625,0
2021-09-06,47.16699981689453,47.16699981689453,47.16699981689453,47.16699981689453,0
2021-09-07,47.05939865112305,47.05939865112305,47.05939865112305,47.05939865112305,0
2021-09-08,47.04719924926758,47.04719924926758,47.04719924926758,47.04719924926758,0
2021-09-09,47.04650115966797,47.04650115966797,47.04650115966797,47.04650115966797,0
2021-09-13,47.028499603271484,47.028499603271484,47.028499603271484,47.028499603271484,0
2021-09-14,47.04949951171875,47.04949951171875,47.04949951171875,47.04949951171875,0
2021-09-15,47.243900299072266,47.243900299072266,47.243900299072266,47.243900299072266,0
2021-09-16,47.39039993286133,47.39039993286133,47.39039993286133,47.39039993286133,0
2021-09-17,47.25640106201172,47.25640106201172,47.25640106201172,47.25640106201172,0
2021-09-20,47.03950119018555,47.03950119018555,47.03950119018555,47.03950119018555,0
2021-09-21,47.13740158081055,47.13740158081055,47.13740158081055,47.13740158081055,0
2021-09-22,47.182498931884766,47.182498931884766,47.182498931884766,47.182498931884766,0
2021-09-23,47.416099548339844,47.416099548339844,47.416099548339844,47.416099548339844,0
2021-09-24,47.366798400878906,47.366798400878906,47.366798400878906,47.366798400878906,0
2021-09-27,47.28929901123047,47.28929901123047,47.28929901123047,47.28929901123047,0
2021-09-28,47.0994987487793,47.0994987487793,47.0994987487793,47.0994987487793,0
2021-09-29,47.11249923706055,47.11249923706055,47.11249923706055,47.11249923706055,0
2021-09-30,47.003501892089844,47.003501892089844,47.003501892089844,47.003501892089844,0
2021-10-01,46.94269943237305,46.94269943237305,46.94269943237305,46.94269943237305,0
2021-10-04,47.09379959106445,47.09379959106445,47.09379959106445,47.09379959106445,0
2021-10-05,47.24720001220703,47.24720001220703,47.24720001220703,47.24720001220703,0
2021-10-06,47.02069854736328,47.02069854736328,47.02069854736328,47.02069854736328,0
2021-10-07,47.30609893798828,47.30609893798828,47.30609893798828,47.30609893798828,0
2021-10-08,47.391998291015625,47.391998291015625,47.391998291015625,47.391998291015625,0
2021-10-11,47.38140106201172,47.38140106201172,47.38140106201172,47.38140106201172,0
2021-10-12,47.4541015625,47.4541015625,47.4541015625,47.4541015625,0
2021-10-13,47.62480163574219,47.62480163574219,47.62480163574219,47.62480163574219,0
2021-10-14,47.79209899902344,47.79209899902344,47.79209899902344,47.79209899902344,0
2021-10-18,47.88719940185547,47.88719940185547,47.88719940185547,47.88719940185547,0
2021-10-19,47.82640075683594,47.82640075683594,47.82640075683594,47.82640075683594,0
2021-10-20,47.599998474121094,47.599998474121094,47.599998474121094,47.599998474121094,0
2021-10-21,47.45800018310547,47.45800018310547,47.45800018310547,47.45800018310547,0
2021-10-22,47.364898681640625,47.364898681640625,47.364898681640625,47.364898681640625,0
2021-10-25,47.44110107421875,47.44110107421875,47.44110107421875,47.44110107421875,0
2021-10-26,47.66270065307617,47.66270065307617,47.66270065307617,47.66270065307617,0
2021-10-27,47.59469985961914,47.59469985961914,47.59469985961914,47.59469985961914,0
2021-10-28,47.25809860229492,47.25809860229492,47.25809860229492,47.25809860229492,0
2021-10-29,47.18119812011719,47.18119812011719,47.18119812011719,47.18119812011719,0
2021-11-01,47.4546012878418,47.4546012878418,47.4546012878418,47.4546012878418,0
2021-11-02,47.53620147705078,47.53620147705078,47.53620147705078,47.53620147705078,0
2021-11-03,47.38650131225586,47.38650131225586,47.38650131225586,47.38650131225586,0
2021-11-08,47.605098724365234,47.605098724365234,47.605098724365234,47.605098724365234,0
2021-11-09,47.69879913330078,47.69879913330078,47.69879913330078,47.69879913330078,0
2021-11-10,47.71200180053711,47.71200180053711,47.71200180053711,47.71200180053711,0
2021-11-11,47.604801177978516,47.604801177978516,47.604801177978516,47.604801177978516,0
2021-11-12,47.80289840698242,47.80289840698242,47.80289840698242,47.80289840698242,0
2021-11-15,47.8306999206543,47.8306999206543,47.8306999206543,47.8306999206543,0
2021-11-16,47.76060104370117,47.76060104370117,47.76060104370117,47.76060104370117,0
2021-11-17,47.64120101928711,47.64120101928711,47.64120101928711,47.64120101928711,0
2021-11-18,47.484798431396484,47.484798431396484,47.484798431396484,47.484798431396484,0
2021-11-22,47.117401123046875,47.117401123046875,47.117401123046875,47.117401123046875,0
2021-11-23,47.17689895629883,47.17689895629883,47.17689895629883,47.17689895629883,0
2021-11-24,47.053001403808594,47.053001403808594,47.053001403808594,47.053001403808594,0
2021-11-25,47.10409927368164,47.10409927368164,47.10409927368164,47.10409927368164,0
2021-11-26,46.683998107910156,46.683998107910156,46.683998107910156,46.683998107910156,0
2021-11-29,46.60559844970703,46.60559844970703,46.60559844970703,46.60559844970703,0
2021-11-30,46.56679916381836,46.56679916381836,46.56679916381836,46.56679916381836,0
2021-12-01,46.66450119018555,46.66450119018555,46.66450119018555,46.66450119018555,0
2021-12-02,46.82389831542969,46.82389831542969,46.82389831542969,46.82389831542969,0
2021-12-03,46.6349983215332,46.6349983215332,46.6349983215332,46.6349983215332,0
2021-12-06,46.220001220703125,46.220001220703125,46.220001220703125,46.220001220703125,0
2021-12-07,46.51179885864258,46.51179885864258,46.51179885864258,46.51179885864258,0
2021-12-08,46.963401794433594,46.963401794433594,46.963401794433594,46.963401794433594,0
2021-12-09,46.9827995300293,46.9827995300293,46.9827995300293,46.9827995300293,0
2021-12-10,47.00680160522461,47.00680160522461,47.00680160522461,47.00680160522461,0
2021-12-13,46.909400939941406,46.909400939941406,46.909400939941406,46.909400939941406,0
2021-12-14,46.972999572753906,46.972999572753906,46.972999572753906,46.972999572753906,0
2021-12-15,46.8380012512207,46.8380012512207,46.8380012512207,46.8380012512207,0
2021-12-16,46.79990005493164,46.79990005493164,46.79990005493164,46.79990005493164,0
2021-12-17,46.48569869995117,46.48569869995117,46.48569869995117,46.48569869995117,0
2021-12-20,46.023799896240234,46.023799896240234,46.023799896240234,46.023799896240234,0
2021-12-21,46.2223014831543,46.2223014831543,46.2223014831543,46.2223014831543,0
2021-12-22,46.53889846801758,46.53889846801758,46.53889846801758,46.53889846801758,0
2021-12-23,46.70859909057617,46.70859909057617,46.70859909057617,46.70859909057617,0
2021-12-24,46.57720184326172,46.57720184326172,46.57720184326172,46.57720184326172,0
2021-12-27,46.72439956665039,46.72439956665039,46.72439956665039,46.72439956665039,0
2021-12-28,46.94060134887695,46.94060134887695,46.94060134887695,46.94060134887695,0
2021-12-29,46.910301208496094,46.910301208496094,46.910301208496094,46.910301208496094,0
2021-12-30,46.885101318359375,46.885101318359375,46.885101318359375,46.885101318359375,0
2021-12-31,47.162200927734375,47.162200927734375,47.162200927734375,47.162200927734375,0
2022-01-03,47.45069885253906,47.45069885253906,47.45069885253906,47.45069885253906,0
2022-01-04,47.55929946899414,47.55929946899414,47.55929946899414,47.55929946899414,0
2022-01-05,47.629398345947266,47.629398345947266,47.629398345947266,47.629398345947266,0
2022-01-06,47.52069854736328,47.52069854736328,47.52069854736328,47.52069854736328,0
2022-01-07,47.49319839477539,47.49319839477539,47.49319839477539,47.49319839477539,0
2022-01-10,47.69430160522461,47.69430160522461,47.69430160522461,47.69430160522461,0
2022-01-11,47.739601135253906,47.739601135253906,47.739601135253906,47.739601135253906,0
2022-01-12,47.96879959106445,47.96879959106445,47.96879959106445,47.96879959106445,0
2022-01-13,48.07929992675781,48.07929992675781,48.07929992675781,48.07929992675781,0
2022-01-14,48.072898864746094,48.072898864746094,48.072898864746094,48.072898864746094,0
2022-01-17,48.102901458740234,48.102901458740234,48.102901458740234,48.102901458740234,0
2022-01-18,47.81930160522461,47.81930160522461,47.81930160522461,47.81930160522461,0
2022-01-19,47.73270034790039,47.73270034790039,47.73270034790039,47.73270034790039,0
2022-01-20,47.58470153808594,47.58470153808594,47.58470153808594,47.58470153808594,0
2022-01-21,47.184600830078125,47.184600830078125,47.184600830078125,47.184600830078125,0
2022-01-24,46.62289810180664,46.62289810180664,46.62289810180664,46.62289810180664,0
2022-01-25,46.90610122680664,46.90610122680664,46.90610122680664,46.90610122680664,0
2022-01-27,46.64099884033203,46.64099884033203,46.64099884033203,46.64099884033203,0
2022-01-28,46.59769821166992,46.59769821166992,46.59769821166992,46.59769821166992,0
2022-01-31,47.02149963378906,47.02149963378906,47.02149963378906,47.02149963378906,0
2022-02-01,47.40639877319336,47.40639877319336,47.40639877319336,47.40639877319336,0
2022-02-02,47.625099182128906,47.625099182128906,47.625099182128906,47.625099182128906,0
2022-02-03,47.400001525878906,47.400001525878906,47.400001525878906,47.400001525878906,0
2022-02-04,47.300498962402344,47.300498962402344,47.300498962402344,47.300498962402344,0
2022-02-07,46.90999984741211,46.90999984741211,46.90999984741211,46.90999984741211,0
2022-02-08,46.902198791503906,46.902198791503906,46.902198791503906,46.902198791503906,0
2022-02-09,47.237701416015625,47.237701416015625,47.237701416015625,47.237701416015625,0
2022-02-10,47.38840103149414,47.38840103149414,47.38840103149414,47.38840103149414,0
2022-02-11,46.95389938354492,46.95389938354492,46.95389938354492,46.95389938354492,0
2022-02-14,46.19369888305664,46.19369888305664,46.19369888305664,46.19369888305664,0
2022-02-15,46.859798431396484,46.859798431396484,46.859798431396484,46.859798431396484,0
2022-02-16,46.79899978637695,46.79899978637695,46.79899978637695,46.79899978637695,0
2022-02-17,46.815799713134766,46.815799713134766,46.815799713134766,46.815799713134766,0
2022-02-18,46.63710021972656,46.63710021972656,46.63710021972656,46.63710021972656,0
2022-02-21,46.55609893798828,46.55609893798828,46.55609893798828,46.55609893798828,0
2022-02-22,46.38359832763672,46.38359832763672,46.38359832763672,46.38359832763672,0
2022-02-23,46.45140075683594,46.45140075683594,46.45140075683594,46.45140075683594,0
2022-02-24,45.519500732421875,45.519500732421875,45.519500732421875,45.519500732421875,0
2022-02-25,46.1796989440918,46.1796989440918,46.1796989440918,46.1796989440918,0
2022-02-28,46.30950164794922,46.30950164794922,46.30950164794922,46.30950164794922,0
2022-03-02,46.03839874267578,46.03839874267578,46.03839874267578,46.03839874267578,0
2022-03-03,45.7218017578125,45.7218017578125,45.7218017578125,45.7218017578125,0
2022-03-04,45.32529830932617,45.32529830932617,45.32529830932617,45.32529830932617,0
2022-03-07,44.87459945678711,44.87459945678711,44.87459945678711,44.87459945678711,0
2022-03-08,45.31829833984375,45.31829833984375,45.31829833984375,45.31829833984375,0
2022-03-09,45.70050048828125,45.70050048828125,45.70050048828125,45.70050048828125,0
2022-03-10,46.05550003051758,46.05550003051758,46.05550003051758,46.05550003051758,0
2022-03-11,46.317501068115234,46.317501068115234,46.317501068115234,46.317501068115234,0
2022-03-14,46.51900100708008,46.51900100708008,46.51900100708008,46.51900100708008,0
2022-03-15,46.315101623535156,46.315101623535156,46.315101623535156,46.315101623535156,0
2022-03-16,46.761600494384766,46.761600494384766,46.761600494384766,46.761600494384766,0
2022-03-17,47.21730041503906,47.21730041503906,47.21730041503906,47.21730041503906,0
2022-03-21,46.941898345947266,46.941898345947266,46.941898345947266,46.941898345947266,0
2022-03-22,47.1068000793457,47.1068000793457,47.1068000793457,47.1068000793457,0
2022-03-23,47.04439926147461,47.04439926147461,47.04439926147461,47.04439926147461,0
2022-03-24,47.15290069580078,47.15290069580078,47.15290069580078,47.15290069580078,0
2022-03-25,46.997798919677734,46.997798919677734,46.997798919677734,46.997798919677734,0
2022-03-28,47.02830123901367,47.02830123901367,47.02830123901367,47.02830123901367,0
2022-03-29,47.22999954223633,47.22999954223633,47.22999954223633,47.22999954223633,0
2022-03-30,47.32640075683594,47.32640075683594,47.32640075683594,47.32640075683594,0
2022-03-31,47.27519989013672,47.27519989013672,47.27519989013672,47.27519989013672,0
2022-04-01,47.536399841308594,47.536399841308594,47.536399841308594,47.536399841308594,0
2022-04-04,47.80500030517578,47.80500030517578,47.80500030517578,47.80500030517578,0
2022-04-05,47.81370162963867,47.81370162963867,47.81370162963867,47.81370162963867,0
2022-04-06,47.76499938964844,47.76499938964844,47.76499938964844,47.76499938964844,0
2022-04-07,47.58340072631836,47.58340072631836,47.58340072631836,47.58340072631836,0
2022-04-08,47.60150146484375,47.60150146484375,47.60150146484375,47.60150146484375,0
2022-04-11,47.627601623535156,47.627601623535156,47.627601623535156,47.627601623535156,0
2022-04-12,47.1953010559082,47.1953010559082,47.1953010559082,47.1953010559082,0
2022-04-13,47.27320098876953,47.27320098876953,47.27320098876953,47.27320098876953,0
2022-04-18,47.03499984741211,47.03499984741211,47.03499984741211,47.03499984741211,0
2022-04-19,46.681800842285156,46.681800842285156,46.681800842285156,46.681800842285156,0
2022-04-20,46.6781005859375,46.6781005859375,46.6781005859375,46.6781005859375,0
2022-04-21,46.84260177612305,46.84260177612305,46.84260177612305,46.84260177612305,0
2022-04-22,46.7943000793457,46.7943000793457,46.7943000793457,46.7943000793457,0
2022-04-25,46.24250030517578,46.24250030517578,46.24250030517578,46.24250030517578,0
2022-04-26,46.514400482177734,46.514400482177734,46.514400482177734,46.514400482177734,0
2022-04-27,46.44029998779297,46.44029998779297,46.44029998779297,46.44029998779297,0
2022-04-28,46.548500061035156,46.548500061035156,46.548500061035156,46.548500061035156,0
2022-04-29,46.45439910888672,46.45439910888672,46.45439910888672,46.45439910888672,0
2022-05-02,46.2588005065918,46.2588005065918,46.2588005065918,46.2588005065918,0
2022-05-04,45.87329864501953,45.87329864501953,45.87329864501953,45.87329864501953,0
2022-05-05,45.9546012878418,45.9546012878418,45.9546012878418,45.9546012878418,0
2022-05-06,45.527198791503906,45.527198791503906,45.527198791503906,45.527198791503906,0
2022-05-09,45.140201568603516,45.140201568603516,45.140201568603516,45.140201568603516,0
2022-05-10,44.67179870605469,44.67179870605469,44.67179870605469,44.67179870605469,0
2022-05-11,44.5359992980957,44.5359992980957,44.5359992980957,44.5359992980957,0
2022-05-12,44.135101318359375,44.135101318359375,44.135101318359375,44.135101318359375,0
2022-05-13,44.2577018737793,44.2577018737793,44.2577018737793,44.2577018737793,0
2022-05-16,44.395999908447266,44.395999908447266,44.395999908447266,44.395999908447266,0
2022-05-17,45.049598693847656,45.049598693847656,45.049598693847656,45.049598693847656,0
2022-05-18,45.140201568603516,45.140201568603516,45.140201568603516,45.140201568603516,0
2022-05-19,44.4630012512207,44.4630012512207,44.4630012512207,44.4630012512207,0
2022-05-20,44.93000030517578,44.93000030517578,44.93000030517578,44.93000030517578,0
2022-05-23,44.81290054321289,44.81290054321289,44.81290054321289,44.81290054321289,0
2022-05-24,44.61520004272461,44.61520004272461,44.61520004272461,44.61520004272461,0
2022-05-25,44.03139877319336,44.03139877319336,44.03139877319336,44.03139877319336,0
2022-05-26,44.15869903564453,44.15869903564453,44.15869903564453,44.15869903564453,0
2022-05-27,44.47090148925781,44.47090148925781,44.47090148925781,44.47090148925781,0
2022-05-30,45.16080093383789,45.16080093383789,45.16080093383789,45.16080093383789,0
2022-05-31,45.237300872802734,45.237300872802734,45.237300872802734,45.237300872802734,0
2022-06-01,45.14099884033203,45.14099884033203,45.14099884033203,45.14099884033203,0
2022-06-02,45.31209945678711,45.31209945678711,45.31209945678711,45.31209945678711,0
2022-06-03,45.180301666259766,45.180301666259766,45.180301666259766,45.180301666259766,0
2022-06-06,45.1068000793457,45.1068000793457,45.1068000793457,45.1068000793457,0
2022-06-07,44.86840057373047,44.86840057373047,44.86840057373047,44.86840057373047,0
2022-06-08,44.779998779296875,44.779998779296875,44.779998779296875,44.779998779296875,0
2022-06-09,44.8494987487793,44.8494987487793,44.8494987487793,44.8494987487793,0
2022-06-10,44.61589813232422,44.61589813232422,44.61589813232422,44.61589813232422,0
2022-06-13,44.04159927368164,44.04159927368164,44.04159927368164,44.04159927368164,0
2022-06-14,43.867000579833984,43.867000579833984,43.867000579833984,43.867000579833984,0
2022-06-15,43.918399810791016,43.918399810791016,43.918399810791016,43.918399810791016,0
2022-06-16,43.31629943847656,43.31629943847656,43.31629943847656,43.31629943847656,0
2022-06-17,43.01850128173828,43.01850128173828,43.01850128173828,43.01850128173828,0
2022-06-20,42.5994987487793,42.5994987487793,42.5994987487793,42.5994987487793,0
2022-06-21,43.30339813232422,43.30339813232422,43.30339813232422,43.30339813232422,0
2022-06-22,42.89440155029297,42.89440155029297,42.89440155029297,42.89440155029297,0
2022-06-23,43.321800231933594,43.321800231933594,43.321800231933594,43.321800231933594,0
2022-06-24,43.58359909057617,43.58359909057617,43.58359909057617,43.58359909057617,0
2022-06-27,44.03900146484375,44.03900146484375,44.03900146484375,44.03900146484375,0
2022-06-28,44.1890983581543,44.1890983581543,44.1890983581543,44.1890983581543,0
2022-06-29,44.16510009765625,44.16510009765625,44.16510009765625,44.16510009765625,0
2022-06-30,43.9015007019043,43.9015007019043,43.9015007019043,43.9015007019043,0
2022-07-01,43.85960006713867,43.85960006713867,43.85960006713867,43.85960006713867,0
2022-07-04,44.044498443603516,44.044498443603516,44.044498443603516,44.044498443603516,0
2022-07-05,44.109500885009766,44.109500885009766,44.109500885009766,44.109500885009766,0
2022-07-06,44.265899658203125,44.265899658203125,44.265899658203125,44.265899658203125,0
2022-07-07,44.597599029541016,44.597599029541016,44.597599029541016,44.597599029541016,0
2022-07-08,44.864898681640625,44.864898681640625,44.864898681640625,44.864898681640625,0
2022-07-11,44.83440017700195,44.83440017700195,44.83440017700195,44.83440017700195,0
2022-07-12,44.523399353027344,44.523399353027344,44.523399353027344,44.523399353027344,0
2022-07-13,44.44649887084961,44.44649887084961,44.44649887084961,44.44649887084961,0
2022-07-14,44.37630081176758,44.37630081176758,44.37630081176758,44.37630081176758,0
2022-07-15,44.65629959106445,44.65629959106445,44.65629959106445,44.65629959106445,0
2022-07-18,45.22480010986328,45.22480010986328,45.22480010986328,45.22480010986328,0
2022-07-19,45.28670120239258,45.28670120239258,45.28670120239258,45.28670120239258,0
2022-07-20,45.57979965209961,45.57979965209961,45.57979965209961,45.57979965209961,0
2022-07-21,45.98970031738281,45.98970031738281,45.98970031738281,45.98970031738281,0
2022-07-22,46.214298248291016,46.214298248291016,46.214298248291016,46.214298248291016,0
2022-07-25,46.1880989074707,46.1880989074707,46.1880989074707,46.1880989074707,0
2022-07-26,45.72359848022461,45.72359848022461,45.72359848022461,45.72359848022461,0
2022-07-27,45.879398345947266,45.879398345947266,45.879398345947266,45.879398345947266,0
2022-07-28,46.26649856567383,46.26649856567383,46.26649856567383,46.26649856567383,0
2022-07-29,46.768798828125,46.768798828125,46.768798828125,46.768798828125,0
2022-08-01,47.20370101928711,47.20370101928711,47.20370101928711,47.20370101928711,0
2022-08-02,47.19309997558594,47.19309997558594,47.19309997558594,47.19309997558594,0
2022-08-03,47.21179962158203,47.21179962158203,47.21179962158203,47.21179962158203,0
2022-08-04,47.378501892089844,47.378501892089844,47.378501892089844,47.378501892089844,0
2022-08-05,47.51679992675781,47.51679992675781,47.51679992675781,47.51679992675781,0
2022-08-08,47.569000244140625,47.569000244140625,47.569000244140625,47.569000244140625,0
2022-08-10,47.60559844970703,47.60559844970703,47.60559844970703,47.60559844970703,0
2022-08-11,47.87160110473633,47.87160110473633,47.87160110473633,47.87160110473633,0
2022-08-12,48.06100082397461,48.06100082397461,48.06100082397461,48.06100082397461,0
2022-08-16,48.22700119018555,48.22700119018555,48.22700119018555,48.22700119018555,0
2022-08-17,48.444400787353516,48.444400787353516,48.444400787353516,48.444400787353516,0
2022-08-18,48.52519989013672,48.52519989013672,48.52519989013672,48.52519989013672,0
2022-08-19,48.132999420166016,48.132999420166016,48.132999420166016,48.132999420166016,0
2022-08-22,47.55649948120117,47.55649948120117,47.55649948120117,47.55649948120117,0
2022-08-23,47.7765998840332,47.7765998840332,47.7765998840332,47.7765998840332,0
2022-08-24,47.89350128173828,47.89350128173828,47.89350128173828,47.89350128173828,0
2022-08-25,47.94779968261719,47.94779968261719,47.94779968261719,47.94779968261719,0
2022-08-26,48.01639938354492,48.01639938354492,48.01639938354492,48.01639938354492,0
2022-08-29,47.441001892089844,47.441001892089844,47.441001892089844,47.441001892089844,0
2022-08-30,48.000701904296875,48.000701904296875,48.000701904296875,48.000701904296875,0
2022-09-01,47.95069885253906,47.95069885253906,47.95069885253906,47.95069885253906,0
2022-09-02,47.76179885864258,47.76179885864258,47.76179885864258,47.76179885864258,0
2022-09-05,48.04990005493164,48.04990005493164,48.04990005493164,48.04990005493164,0
2022-09-06,48.11240005493164,48.11240005493164,48.11240005493164,48.11240005493164,0
2022-09-07,48.15829849243164,48.15829849243164,48.15829849243164,48.15829849243164,0
2022-09-08,48.39400100708008,48.39400100708008,48.39400100708008,48.39400100708008,0
2022-09-09,48.542301177978516,48.542301177978516,48.542301177978516,48.542301177978516,0
2022-09-12,48.78229904174805,48.78229904174805,48.78229904174805,48.78229904174805,0
2022-09-13,49.20970153808594,49.20970153808594,49.20970153808594,49.20970153808594,0
2022-09-14,49.040000915527344,49.040000915527344,49.040000915527344,49.040000915527344,0
2022-09-15,48.950401306152344,48.950401306152344,48.950401306152344,48.950401306152344,0
2022-09-16,48.135101318359375,48.135101318359375,48.135101318359375,48.135101318359375,0
2022-09-19,48.05860137939453,48.05860137939453,48.05860137939453,48.05860137939453,0
2022-09-20,48.56800079345703,48.56800079345703,48.56800079345703,48.56800079345703,0
2022-09-21,48.51110076904297,48.51110076904297,48.51110076904297,48.51110076904297,0
2022-09-22,48.730499267578125,48.730499267578125,48.730499267578125,48.730499267578125,0
2022-09-23,48.034000396728516,48.034000396728516,48.034000396728516,48.034000396728516,0
2022-09-26,47.235599517822266,47.235599517822266,47.235599517822266,47.235599517822266,0
2022-09-27,47.228599548339844,47.228599548339844,47.228599548339844,47.228599548339844,0
2022-09-28,47.09159851074219,47.09159851074219,47.09159851074219,47.09159851074219,0
2022-09-29,47.36040115356445,47.36040115356445,47.36040115356445,47.36040115356445,0
2022-09-30,47.87540054321289,47.87540054321289,47.87540054321289,47.87540054321289,0
2022-10-03,47.596500396728516,47.596500396728516,47.596500396728516,47.596500396728516,0
2022-10-04,48.213199615478516,48.213199615478516,48.213199615478516,48.213199615478516,0
2022-10-06,48.505401611328125,48.505401611328125,48.505401611328125,48.505401611328125,0
2022-10-07,48.63970184326172,48.63970184326172,48.63970184326172,48.63970184326172,0
2022-10-10,48.136199951171875,48.136199951171875,48.136199951171875,48.136199951171875,0
2022-10-11,47.66210174560547,47.66210174560547,47.66210174560547,47.66210174560547,0
2022-10-12,47.89120101928711,47.89120101928711,47.89120101928711,47.89120101928711,0
2022-10-13,47.82440185546875,47.82440185546875,47.82440185546875,47.82440185546875,0
2022-10-14,47.638999938964844,47.638999938964844,47.638999938964844,47.638999938964844,0
2022-10-17,47.72999954223633,47.72999954223633,47.72999954223633,47.72999954223633,0
2022-10-18,48.11119842529297,48.11119842529297,48.11119842529297,48.11119842529297,0
2022-10-19,48.07889938354492,48.07889938354492,48.07889938354492,48.07889938354492,0
2022-10-20,48.12990188598633,48.12990188598633,48.12990188598633,48.12990188598633,0
2022-10-21,47.96580123901367,47.96580123901367,47.96580123901367,47.96580123901367,0
2022-10-25,48.35499954223633,48.35499954223633,48.35499954223633,48.35499954223633,0
2022-10-27,48.59489822387695,48.59489822387695,48.59489822387695,48.59489822387695,0
2022-10-28,48.39910125732422,48.39910125732422,48.39910125732422,48.39910125732422,0
2022-10-31,48.72079849243164,48.72079849243164,48.72079849243164,48.72079849243164,0
2022-11-01,48.992801666259766,48.992801666259766,48.992801666259766,48.992801666259766,0
2022-11-02,49.046600341796875,49.046600341796875,49.046600341796875,49.046600341796875,0
2022-11-03,49.087501525878906,49.087501525878906,49.087501525878906,49.087501525878906,0
2022-11-04,49.00090026855469,49.00090026855469,49.00090026855469,49.00090026855469,0
2022-11-07,49.375099182128906,49.375099182128906,49.375099182128906,49.375099182128906,0
2022-11-09,49.30820083618164,49.30820083618164,49.30820083618164,49.30820083618164,0
2022-11-10,49.135101318359375,49.135101318359375,49.135101318359375,49.135101318359375,0
2022-11-11,49.15810012817383,49.15810012817383,49.15810012817383,49.15810012817383,0
2022-11-14,49.119998931884766,49.119998931884766,49.119998931884766,49.119998931884766,0
2022-11-15,49.29140090942383,49.29140090942383,49.29140090942383,49.29140090942383,0
2022-11-16,49.33720016479492,49.33720016479492,49.33720016479492,49.33720016479492,0
2022-11-17,49.26559829711914,49.26559829711914,49.26559829711914,49.26559829711914,0
2022-11-18,49.11479949951172,49.11479949951172,49.11479949951172,49.11479949951172,0
2022-11-21,48.88140106201172,48.88140106201172,48.88140106201172,48.88140106201172,0
2022-11-22,49.067100524902344,49.067100524902344,49.067100524902344,49.067100524902344,0
2022-11-23,49.22269821166992,49.22269821166992,49.22269821166992,49.22269821166992,0
2022-11-24,49.259700775146484,49.259700775146484,49.259700775146484,49.259700775146484,0
2022-11-25,49.28160095214844,49.28160095214844,49.28160095214844,49.28160095214844,0
2022-11-28,49.527099609375,49.527099609375,49.527099609375,49.527099609375,0
2022-11-29,49.31740188598633,49.31740188598633,49.31740188598633,49.31740188598633,0
2022-11-30,49.59000015258789,49.59000015258789,49.59000015258789,49.59000015258789,0
2022-12-01,49.852298736572266,49.852298736572266,49.852298736572266,49.852298736572266,0
2022-12-02,50.0807991027832,50.0807991027832,50.0807991027832,50.0807991027832,0
2022-12-05,50.174400329589844,50.174400329589844,50.174400329589844,50.174400329589844,0
2022-12-06,50.11439895629883,50.11439895629883,50.11439895629883,50.11439895629883,0
2022-12-07,49.96900177001953,49.96900177001953,49.96900177001953,49.96900177001953,0
2022-12-08,50.29990005493164,50.29990005493164,50.29990005493164,50.29990005493164,0
2022-12-09,50.24509811401367,50.24509811401367,50.24509811401367,50.24509811401367,0
2022-12-12,50.22959899902344,50.22959899902344,50.22959899902344,50.22959899902344,0
2022-12-13,50.319801330566406,50.319801330566406,50.319801330566406,50.319801330566406,0
2022-12-14,50.55070114135742,50.55070114135742,50.55070114135742,50.55070114135742,0
2022-12-15,50.150699615478516,50.150699615478516,50.150699615478516,50.150699615478516,0
2022-12-16,49.91210174560547,49.91210174560547,49.91210174560547,49.91210174560547,0
2022-12-19,50.233299255371094,50.233299255371094,50.233299255371094,50.233299255371094,0
2022-12-20,50.231300354003906,50.231300354003906,50.231300354003906,50.231300354003906,0
2022-12-21,49.62369918823242,49.62369918823242,49.62369918823242,49.62369918823242,0
2022-12-22,49.37779998779297,49.37779998779297,49.37779998779297,49.37779998779297,0
2022-12-23,48.31480026245117,48.31480026245117,48.31480026245117,48.31480026245117,0
2022-12-26,49.137298583984375,49.137298583984375,49.137298583984375,49.137298583984375,0
2022-12-27,49.34510040283203,49.34510040283203,49.34510040283203,49.34510040283203,0
2022-12-28,49.40489959716797,49.40489959716797,49.40489959716797,49.40489959716797,0
2022-12-29,49.574798583984375,49.574798583984375,49.574798583984375,49.574798583984375,0
2022-12-30,49.68159866333008,49.68159866333008,49.68159866333008,49.68159866333008,0
2023-01-02,49.78030014038086,49.78030014038086,49.78030014038086,49.78030014038086,0
2023-01-03,49.84320068359375,49.84320068359375,49.84320068359375,49.84320068359375,0
2023-01-04,49.637298583984375,49.637298583984375,49.637298583984375,49.637298583984375,0
2023-01-05,49.72439956665039,49.72439956665039,49.72439956665039,49.72439956665039,0
2023-01-06,49.50189971923828,49.50189971923828,49.50189971923828,49.50189971923828,0
2023-01-09,49.78950119018555,49.78950119018555,49.78950119018555,49.78950119018555,0
2023-01-10,49.55110168457031,49.55110168457031,49.55110168457031,49.55110168457031,0
2023-01-11,49.38610076904297,49.38610076904297,49.38610076904297,49.38610076904297,0
2023-01-12,49.29999923706055,49.29999923706055,49.29999923706055,49.29999923706055,0
2023-01-13,49.332000732421875,49.332000732421875,49.332000732421875,49.332000732421875,0
2023-01-16,49.4630012512207,49.4630012512207,49.4630012512207,49.4630012512207,0
2023-01-17,49.490501403808594,49.490501403808594,49.490501403808594,49.490501403808594,0
2023-01-18,49.48699951171875,49.48699951171875,49.48699951171875,49.48699951171875,0
2023-01-19,49.50640106201172,49.50640106201172,49.50640106201172,49.50640106201172,0
2023-01-20,49.449501037597656,49.449501037597656,49.449501037597656,49.449501037597656,0
2023-01-23,49.465599060058594,49.465599060058594,49.465599060058594,49.465599060058594,0
2023-01-24,49.505699157714844,49.505699157714844,49.505699157714844,49.505699157714844,0
2023-01-25,49.2041015625,49.2041015625,49.2041015625,49.2041015625,0
2023-01-27,48.64659881591797,48.64659881591797,48.64659881591797,48.64659881591797,0
2023-01-30,48.638099670410156,48.638099670410156,48.638099670410156,48.638099670410156,0
2023-01-31,49.117698669433594,49.117698669433594,49.117698669433594,49.117698669433594,0
2023-02-01,48.917301177978516,48.917301177978516,48.917301177978516,48.917301177978516,0
2023-02-02,49.179100036621094,49.179100036621094,49.179100036621094,49.179100036621094,0
2023-02-03,49.27009963989258,49.27009963989258,49.27009963989258,49.27009963989258,0
2023-02-06,49.41749954223633,49.41749954223633,49.41749954223633,49.41749954223633,0
2023-02-07,49.54290008544922,49.54290008544922,49.54290008544922,49.54290008544922,0
2023-02-08,49.66790008544922,49.66790008544922,49.66790008544922,49.66790008544922,0
2023-02-09,49.48509979248047,49.48509979248047,49.48509979248047,49.48509979248047,0
2023-02-10,49.522098541259766,49.522098541259766,49.522098541259766,49.522098541259766,0
2023-02-13,49.20650100708008,49.20650100708008,49.20650100708008,49.20650100708008,0
2023-02-14,49.195899963378906,49.195899963378906,49.195899963378906,49.195899963378906,0
2023-02-15,49.31949996948242,49.31949996948242,49.31949996948242,49.31949996948242,0
2023-02-16,49.65829849243164,49.65829849243164,49.65829849243164,49.65829849243164,0
2023-02-17,49.474700927734375,49.474700927734375,49.474700927734375,49.474700927734375,0
2023-02-20,49.542301177978516,49.542301177978516,49.542301177978516,49.542301177978516,0
2023-02-21,49.496299743652344,49.496299743652344,49.496299743652344,49.496299743652344,0
2023-02-22,49.03150177001953,49.03150177001953,49.03150177001953,49.03150177001953,0
2023-02-23,49.06930160522461,49.06930160522461,49.06930160522461,49.06930160522461,0
2023-02-24,48.985599517822266,48.985599517822266,48.985599517822266,48.985599517822266,0
2023-02-27,48.734100341796875,48.734100341796875,48.734100341796875,48.734100341796875,0
2023-02-28,48.851600646972656,48.851600646972656,48.851600646972656,48.851600646972656,0
2023-03-01,49.4281005859375,49.4281005859375,49.4281005859375,49.4281005859375,0
2023-03-02,49.41299819946289,49.41299819946289,49.41299819946289,49.41299819946289,0
2023-03-03,49.65409851074219,49.65409851074219,49.65409851074219,49.65409851074219,0
2023-03-06,49.837398529052734,49.837398529052734,49.837398529052734,49.837398529052734,0
2023-03-08,49.956199645996094,49.956199645996094,49.956199645996094,49.956199645996094,0
2023-03-09,49.68960189819336,49.68960189819336,49.68960189819336,49.68960189819336,0
2023-03-10,49.558799743652344,49.558799743652344,49.558799743652344,49.558799743652344,0
2023-03-13,49.11759948730469,49.11759948730469,49.11759948730469,49.11759948730469,0
2023-03-14,48.93450164794922,48.93450164794922,48.93450164794922,48.93450164794922,0
2023-03-15,48.976200103759766,48.976200103759766,48.976200103759766,48.976200103759766,0
2023-03-16,49.025001525878906,49.025001525878906,49.025001525878906,49.025001525878906,0
2023-03-17,49.20199966430664,49.20199966430664,49.20199966430664,49.20199966430664,0
2023-03-20,49.143798828125,49.143798828125,49.143798828125,49.143798828125,0
2023-03-21,49.355098724365234,49.355098724365234,49.355098724365234,49.355098724365234,0
2023-03-22,49.39229965209961,49.39229965209961,49.39229965209961,49.39229965209961,0
2023-03-23,49.285301208496094,49.285301208496094,49.285301208496094,49.285301208496094,0
2023-03-24,49.13859939575195,49.13859939575195,49.13859939575195,49.13859939575195,0
2023-03-27,49.01350021362305,49.01350021362305,49.01350021362305,49.01350021362305,0
2023-03-28,48.9541015625,48.9541015625,48.9541015625,48.9541015625,0
2023-03-29,49.611000061035156,49.611000061035156,49.611000061035156,49.611000061035156,0
2023-03-31,49.97639846801758,49.97639846801758,49.97639846801758,49.97639846801758,0
2023-04-03,49.95800018310547,49.95800018310547,49.95800018310547,49.95800018310547,0
2023-04-05,50.12630081176758,50.12630081176758,50.12630081176758,50.12630081176758,0
2023-04-06,50.11650085449219,50.11650085449219,50.11650085449219,50.11650085449219,0
2023-04-10,50.126399993896484,50.126399993896484,50.126399993896484,50.126399993896484,0
2023-04-11,50.350399017333984,50.350399017333984,50.350399017333984,50.350399017333984,0
2023-04-12,50.4369010925293,50.4369010925293,50.4369010925293,50.4369010925293,0
2023-04-13,50.48540115356445,50.48540115356445,50.48540115356445,50.48540115356445,0
2023-04-17,50.67430114746094,50.67430114746094,50.67430114746094,50.67430114746094,0
2023-04-18,50.56990051269531,50.56990051269531,50.56990051269531,50.56990051269531,0
2023-04-19,50.47949981689453,50.47949981689453,50.47949981689453,50.47949981689453,0
2023-04-20,50.46760177612305,50.46760177612305,50.46760177612305,50.46760177612305,0
2023-04-21,50.378299713134766,50.378299713134766,50.378299713134766,50.378299713134766,0
2023-04-24,50.63010025024414,50.63010025024414,50.63010025024414,50.63010025024414,0
2023-04-25,50.71910095214844,50.71910095214844,50.71910095214844,50.71910095214844,0
2023-04-26,51.00419998168945,51.00419998168945,51.00419998168945,51.00419998168945,0
2023-04-27,51.172401428222656,51.172401428222656,51.172401428222656,51.172401428222656,0
2023-04-28,51.436500549316406,51.436500549316406,51.436500549316406,51.436500549316406,0
2023-05-02,51.627498626708984,51.627498626708984,51.627498626708984,51.627498626708984,0
2023-05-03,51.807899475097656,51.807899475097656,51.807899475097656,51.807899475097656,0
2023-05-04,51.99409866333008,51.99409866333008,51.99409866333008,51.99409866333008,0
2023-05-05,51.95759963989258,51.95759963989258,51.95759963989258,51.95759963989258,0
2023-05-08,52.054901123046875,52.054901123046875,52.054901123046875,52.054901123046875,0
2023-05-09,52.02410125732422,52.02410125732422,52.02410125732422,52.02410125732422,0
2023-05-10,52.230899810791016,52.230899810791016,52.230899810791016,52.230899810791016,0
2023-05-11,52.230098724365234,52.230098724365234,52.230098724365234,52.230098724365234,0
2023-05-12,52.16080093383789,52.16080093383789,52.16080093383789,52.16080093383789,0
2023-05-15,52.40230178833008,52.40230178833008,52.40230178833008,52.40230178833008,0
2023-05-16,52.42070007324219,52.42070007324219,52.42070007324219,52.42070007324219,0
2023-05-17,52.51060104370117,52.51060104370117,52.51060104370117,52.51060104370117,0
2023-05-18,52.25680160522461,52.25680160522461,52.25680160522461,52.25680160522461,0
2023-05-19,52.191200256347656,52.191200256347656,52.191200256347656,52.191200256347656,0
2023-05-22,52.32720184326172,52.32720184326172,52.32720184326172,52.32720184326172,0
2023-05-23,52.23659896850586,52.23659896850586,52.23659896850586,52.23659896850586,0
2023-05-24,52.399600982666016,52.399600982666016,52.399600982666016,52.399600982666016,0
2023-05-25,52.49660110473633,52.49660110473633,52.49660110473633,52.49660110473633,0
2023-05-26,52.72650146484375,52.72650146484375,52.72650146484375,52.72650146484375,0
2023-05-29,52.8223991394043,52.8223991394043,52.8223991394043,52.8223991394043,0
2023-05-30,52.945899963378906,52.945899963378906,52.945899963378906,52.945899963378906,0
2023-05-31,53.04010009765625,53.04010009765625,53.04010009765625,53.04010009765625,0
2023-06-01,52.959800720214844,52.959800720214844,52.959800720214844,52.959800720214844,0
2023-06-02,53.220401763916016,53.220401763916016,53.220401763916016,53.220401763916016,0
2023-06-05,53.294898986816406,53.294898986816406,53.294898986816406,53.294898986816406,0
2023-06-06,53.602699279785156,53.602699279785156,53.602699279785156,53.602699279785156,0
2023-06-07,53.859500885009766,53.859500885009766,53.859500885009766,53.859500885009766,0
2023-06-08,53.67190170288086,53.67190170288086,53.67190170288086,53.67190170288086,0
2023-06-09,53.81449890136719,53.81449890136719,53.81449890136719,53.81449890136719,0
2023-06-12,53.94160079956055,53.94160079956055,53.94160079956055,53.94160079956055,0
2023-06-13,54.20199966430664,54.20199966430664,54.20199966430664,54.20199966430664,0
2023-06-14,54.2411003112793,54.2411003112793,54.2411003112793,54.2411003112793,0
2023-06-15,54.28450012207031,54.28450012207031,54.28450012207031,54.28450012207031,0
2023-06-16,54.644901275634766,54.644901275634766,54.644901275634766,54.644901275634766,0
2023-06-19,54.54119873046875,54.54119873046875,54.54119873046875,54.54119873046875,0
2023-06-20,54.597999572753906,54.597999572753906,54.597999572753906,54.597999572753906,0
2023-06-21,54.57500076293945,54.57500076293945,54.57500076293945,54.57500076293945,0
2023-06-22,54.188499450683594,54.188499450683594,54.188499450683594,54.188499450683594,0
2023-06-23,53.86320114135742,53.86320114135742,53.86320114135742,53.86320114135742,0
2023-06-26,54.14569854736328,54.14569854736328,54.14569854736328,54.14569854736328,0
2023-06-27,54.2593994140625,54.2593994140625,54.2593994140625,54.2593994140625,0
2023-06-28,54.47740173339844,54.47740173339844,54.47740173339844,54.47740173339844,0
2023-06-30,54.720401763916016,54.720401763916016,54.720401763916016,54.720401763916016,0
2023-07-03,54.928199768066406,54.928199768066406,54.928199768066406,54.928199768066406,0
2023-07-04,54.90230178833008,54.90230178833008,54.90230178833008,54.90230178833008,0
2023-07-05,55.221099853515625,55.221099853515625,55.221099853515625,55.221099853515625,0
2023-07-06,55.55820083618164,55.55820083618164,55.55820083618164,55.55820083618164,0
2023-07-07,55.414398193359375,55.414398193359375,55.414398193359375,55.414398193359375,0
2023-07-10,55.194698333740234,55.194698333740234,55.194698333740234,55.194698333740234,0
2023-07-11,55.597900390625,55.597900390625,55.597900390625,55.597900390625,0
2023-07-12,55.66849899291992,55.66849899291992,55.66849899291992,55.66849899291992,0
2023-07-13,55.459598541259766,55.459598541259766,55.459598541259766,55.459598541259766,0
2023-07-14,55.554100036621094,55.554100036621094,55.554100036621094,55.554100036621094,0
2023-07-17,55.621498107910156,55.621498107910156,55.621498107910156,55.621498107910156,0
2023-07-18,55.633201599121094,55.633201599121094,55.633201599121094,55.633201599121094,0
2023-07-19,55.87879943847656,55.87879943847656,55.87879943847656,55.87879943847656,0
2023-07-20,55.87620162963867,55.87620162963867,55.87620162963867,55.87620162963867,0
2023-07-21,55.700199127197266,55.700199127197266,55.700199127197266,55.700199127197266,0
2023-07-24,55.79949951171875,55.79949951171875,55.79949951171875,55.79949951171875,0
2023-07-25,55.76839828491211,55.76839828491211,55.76839828491211,55.76839828491211,0
2023-07-26,55.97890090942383,55.97890090942383,55.97890090942383,55.97890090942383,0
2023-07-27,55.808101654052734,55.808101654052734,55.808101654052734,55.808101654052734,0
2023-07-28,55.92649841308594,55.92649841308594,55.92649841308594,55.92649841308594,0
2023-07-31,56.170799255371094,56.170799255371094,56.170799255371094,56.170799255371094,0
2023-08-01,56.09360122680664,56.09360122680664,56.09360122680664,56.09360122680664,0
2023-08-02,55.73749923706055,55.73749923706055,55.73749923706055,55.73749923706055,0
2023-08-03,55.506500244140625,55.506500244140625,55.506500244140625,55.506500244140625,0
2023-08-04,55.52939987182617,55.52939987182617,55.52939987182617,55.52939987182617,0
2023-08-07,55.62779998779297,55.62779998779297,55.62779998779297,55.62779998779297,0
2023-08-08,55.606998443603516,55.606998443603516,55.606998443603516,55.606998443603516,0
2023-08-09,55.68519973754883,55.68519973754883,55.68519973754883,55.68519973754883,0
2023-08-10,55.513999938964844,55.513999938964844,55.513999938964844,55.513999938964844,0
2023-08-11,55.40060043334961,55.40060043334961,55.40060043334961,55.40060043334961,0
2023-08-14,55.35169982910156,55.35169982910156,55.35169982910156,55.35169982910156,0
2023-08-16,55.50419998168945,55.50419998168945,55.50419998168945,55.50419998168945,0
2023-08-17,55.362998962402344,55.362998962402344,55.362998962402344,55.362998962402344,0
2023-08-18,55.34080123901367,55.34080123901367,55.34080123901367,55.34080123901367,0
2023-08-21,55.51639938354492,55.51639938354492,55.51639938354492,55.51639938354492,0
2023-08-22,55.743900299072266,55.743900299072266,55.743900299072266,55.743900299072266,0
2023-08-23,55.9203987121582,55.9203987121582,55.9203987121582,55.9203987121582,0
2023-08-24,55.912601470947266,55.912601470947266,55.912601470947266,55.912601470947266,0
2023-08-25,55.57870101928711,55.57870101928711,55.57870101928711,55.57870101928711,0
2023-08-28,55.749698638916016,55.749698638916016,55.749698638916016,55.749698638916016,0
2023-08-29,55.9193000793457,55.9193000793457,55.9193000793457,55.9193000793457,0
2023-08-30,56.10049819946289,56.10049819946289,56.10049819946289,56.10049819946289,0
2023-08-31,56.132999420166016,56.132999420166016,56.132999420166016,56.132999420166016,0
2023-09-01,56.41189956665039,56.41189956665039,56.41189956665039,56.41189956665039,0
2023-09-04,56.61840057373047,56.61840057373047,56.61840057373047,56.61840057373047,0
2023-09-05,56.83340072631836,56.83340072631836,56.83340072631836,56.83340072631836,0
2023-09-06,56.806400299072266,56.806400299072266,56.806400299072266,56.806400299072266,0
2023-09-07,57.1068000793457,57.1068000793457,57.1068000793457,57.1068000793457,0
2023-09-08,57.40010070800781,57.40010070800781,57.40010070800781,57.40010070800781,0
2023-09-11,57.75339889526367,57.75339889526367,57.75339889526367,57.75339889526367,0
2023-09-12,57.14670181274414,57.14670181274414,57.14670181274414,57.14670181274414,0
2023-09-13,57.20669937133789,57.20669937133789,57.20669937133789,57.20669937133789,0
2023-09-14,57.356998443603516,57.356998443603516,57.356998443603516,57.356998443603516,0
2023-09-15,57.47200012207031,57.47200012207031,57.47200012207031,57.47200012207031,0
2023-09-18,57.6515007019043,57.6515007019043,57.6515007019043,57.6515007019043,0
2023-09-20,57.541099548339844,57.541099548339844,57.541099548339844,57.541099548339844,0
2023-09-21,57.06489944458008,57.06489944458008,57.06489944458008,57.06489944458008,0
2023-09-22,57.035400390625,57.035400390625,57.035400390625,57.035400390625,0
2023-09-25,57.08039855957031,57.08039855957031,57.08039855957031,57.08039855957031,0
2023-09-26,57.146400451660156,57.146400451660156,57.146400451660156,57.146400451660156,0
2023-09-27,57.302799224853516,57.302799224853516,57.302799224853516,57.302799224853516,0
2023-09-29,57.201698303222656,57.201698303222656,57.201698303222656,57.201698303222656,0
2023-10-03,57.04010009765625,57.04010009765625,57.04010009765625,57.04010009765625,0
2023-10-04,56.3557014465332,56.3557014465332,56.3557014465332,56.3557014465332,0
2023-10-05,56.51839828491211,56.51839828491211,56.51839828491211,56.51839828491211,0
2023-10-06,56.699501037597656,56.699501037597656,56.699501037597656,56.699501037597656,0
2023-10-09,56.50559997558594,56.50559997558594,56.50559997558594,56.50559997558594,0
2023-10-10,56.915000915527344,56.915000915527344,56.915000915527344,56.915000915527344,0
2023-10-11,57.16350173950195,57.16350173950195,57.16350173950195,57.16350173950195,0
2023-10-12,57.414398193359375,57.414398193359375,57.414398193359375,57.414398193359375,0
2023-10-13,57.50389862060547,57.50389862060547,57.50389862060547,57.50389862060547,0
2023-10-16,57.822898864746094,57.822898864746094,57.822898864746094,57.822898864746094,0
2023-10-17,58.14509963989258,58.14509963989258,58.14509963989258,58.14509963989258,0
2023-10-18,58.05379867553711,58.05379867553711,58.05379867553711,58.05379867553711,0
2023-10-19,58.129398345947266,58.129398345947266,58.129398345947266,58.129398345947266,0
2023-10-20,57.929500579833984,57.929500579833984,57.929500579833984,57.929500579833984,0
2023-10-23,57.25559997558594,57.25559997558594,57.25559997558594,57.25559997558594,0
2023-10-25,56.96780014038086,56.96780014038086,56.96780014038086,56.96780014038086,0
2023-10-26,56.63710021972656,56.63710021972656,56.63710021972656,56.63710021972656,0
2023-10-27,57.23210144042969,57.23210144042969,57.23210144042969,57.23210144042969,0
2023-10-30,57.3130989074707,57.3130989074707,57.3130989074707,57.3130989074707,0
2023-10-31,57.18439865112305,57.18439865112305,57.18439865112305,57.18439865112305,0
2023-11-01,57.0989990234375,57.0989990234375,57.0989990234375,57.0989990234375,0
2023-11-02,57.55189895629883,57.55189895629883,57.55189895629883,57.55189895629883,0
2023-11-03,57.930301666259766,57.930301666259766,57.930301666259766,57.930301666259766,0
2023-11-06,58.395198822021484,58.395198822021484,58.395198822021484,58.395198822021484,0
2023-11-07,58.57210159301758,58.57210159301758,58.57210159301758,58.57210159301758,0
2023-11-08,58.792598724365234,58.792598724365234,58.792598724365234,58.792598724365234,0
2023-11-09,58.73609924316406,58.73609924316406,58.73609924316406,58.73609924316406,0
2023-11-10,58.88740158081055,58.88740158081055,58.88740158081055,58.88740158081055,0
2023-11-13,59.145198822021484,59.145198822021484,59.145198822021484,59.145198822021484,0
2023-11-15,59.6875,59.6875,59.6875,59.6875,0
2023-11-16,59.83869934082031,59.83869934082031,59.83869934082031,59.83869934082031,0
2023-11-17,60.02920150756836,60.02920150756836,60.02920150756836,60.02920150756836,0
2023-11-20,59.93190002441406,59.93190002441406,59.93190002441406,59.93190002441406,0
2023-11-21,59.9385986328125,59.9385986328125,59.9385986328125,59.9385986328125,0
2023-11-22,60.1161003112793,60.1161003112793,60.1161003112793,60.1161003112793,0
2023-11-23,60.09749984741211,60.09749984741211,60.09749984741211,60.09749984741211,0
2023-11-24,60.12839889526367,60.12839889526367,60.12839889526367,60.12839889526367,0
2023-11-28,60.4213981628418,60.4213981628418,60.4213981628418,60.4213981628418,0
2023-11-29,60.97679901123047,60.97679901123047,60.97679901123047,60.97679901123047,0
2023-11-30,61.44810104370117,61.44810104370117,61.44810104370117,61.44810104370117,0
2023-12-01,61.751399993896484,61.751399993896484,61.751399993896484,61.751399993896484,0
2023-12-04,62.512001037597656,62.512001037597656,62.512001037597656,62.512001037597656,0
2023-12-05,62.521400451660156,62.521400451660156,62.521400451660156,62.521400451660156,0
2023-12-06,62.584999084472656,62.584999084472656,62.584999084472656,62.584999084472656,0
2023-12-07,62.63690185546875,62.63690185546875,62.63690185546875,62.63690185546875,0
2023-12-08,62.54460144042969,62.54460144042969,62.54460144042969,62.54460144042969,0
2023-12-11,62.58660125732422,62.58660125732422,62.58660125732422,62.58660125732422,0
2023-12-12,62.34489822387695,62.34489822387695,62.34489822387695,62.34489822387695,0
2023-12-13,62.718299865722656,62.718299865722656,62.718299865722656,62.718299865722656,0
2023-12-14,63.33319854736328,63.33319854736328,63.33319854736328,63.33319854736328,0
2023-12-15,63.5630989074707,63.5630989074707,63.5630989074707,63.5630989074707,0
2023-12-18,63.58409881591797,63.58409881591797,63.58409881591797,63.58409881591797,0
2023-12-19,63.74330139160156,63.74330139160156,63.74330139160156,63.74330139160156,0
2023-12-20,63.060001373291016,63.060001373291016,63.060001373291016,63.060001373291016,0
2023-12-21,63.32709884643555,63.32709884643555,63.32709884643555,63.32709884643555,0
2023-12-22,63.700599670410156,63.700599670410156,63.700599670410156,63.700599670410156,0
2023-12-26,64.02179718017578,64.02179718017578,64.02179718017578,64.02179718017578,0
2023-12-27,64.277099609375,64.277099609375,64.277099609375,64.277099609375,0
2023-12-28,64.64089965820312,64.64089965820312,64.64089965820312,64.64089965820312,0
2023-12-29,64.689697265625,64.689697265625,64.689697265625,64.689697265625,0
2024-01-01,64.71209716796875,64.71209716796875,64.71209716796875,64.71209716796875,0
2024-01-02,64.6260986328125,64.6260986328125,64.6260986328125,64.6260986328125,0
2024-01-03,64.71269989013672,64.71269989013672,64.71269989013672,64.71269989013672,0
2024-01-04,65.13719940185547,65.13719940185547,65.13719940185547,65.13719940185547,0
2024-01-05,65.23570251464844,65.23570251464844,65.23570251464844,65.23570251464844,0
2024-01-08,65.0615005493164,65.0615005493164,65.0615005493164,65.0615005493164,0
2024-01-09,65.27940368652344,65.27940368652344,65.27940368652344,65.27940368652344,0
2024-01-10,65.24400329589844,65.24400329589844,65.24400329589844,65.24400329589844,0
2024-01-11,65.2677001953125,65.2677001953125,65.2677001953125,65.2677001953125,0
2024-01-12,65.58170318603516,65.58170318603516,65.58170318603516,65.58170318603516,0
2024-01-15,65.82230377197266,65.82230377197266,65.82230377197266,65.82230377197266,0
2024-01-16,65.71769714355469,65.71769714355469,65.71769714355469,65.71769714355469,0
2024-01-17,65.2780990600586,65.2780990600586,65.2780990600586,65.2780990600586,0
2024-01-18,65.26239776611328,65.26239776611328,65.26239776611328,65.26239776611328,0
2024-01-19,65.90190124511719,65.90190124511719,65.90190124511719,65.90190124511719,0
2024-01-23,65.09120178222656,65.09120178222656,65.09120178222656,65.09120178222656,0
2024-01-24,65.51170349121094,65.51170349121094,65.51170349121094,65.51170349121094,0
2024-01-25,65.55130004882812,65.55130004882812,65.55130004882812,65.55130004882812,0
2024-01-29,66.37370300292969,66.37370300292969,66.37370300292969,66.37370300292969,0
2024-01-30,66.14769744873047,66.14769744873047,66.14769744873047,66.14769744873047,0
2024-01-31,66.44349670410156,66.44349670410156,66.44349670410156,66.44349670410156,0
2024-02-01,66.510498046875,66.510498046875,66.510498046875,66.510498046875,0
2024-02-02,66.89420318603516,66.89420318603516,66.89420318603516,66.89420318603516,0
2024-02-05,66.9583969116211,66.9583969116211,66.9583969116211,66.9583969116211,0
2024-02-06,67.38520050048828,67.38520050048828,67.38520050048828,67.38520050048828,0
2024-02-07,67.69049835205078,67.69049835205078,67.69049835205078,67.69049835205078,0
2024-02-08,67.72049713134766,67.72049713134766,67.72049713134766,67.72049713134766,0
2024-02-09,67.45379638671875,67.45379638671875,67.45379638671875,67.45379638671875,0
2024-02-12,66.84600067138672,66.84600067138672,66.84600067138672,66.84600067138672,0
2024-02-13,67.15239715576172,67.15239715576172,67.15239715576172,67.15239715576172,0
2024-02-14,67.53140258789062,67.53140258789062,67.53140258789062,67.53140258789062,0
2024-02-15,67.89540100097656,67.89540100097656,67.89540100097656,67.89540100097656,0
2024-02-16,68.39070129394531,68.39070129394531,68.39070129394531,68.39070129394531,0
2024-02-19,68.46040344238281,68.46040344238281,68.46040344238281,68.46040344238281,0
2024-02-20,68.42839813232422,68.42839813232422,68.42839813232422,68.42839813232422,0
2024-02-21,68.12840270996094,68.12840270996094,68.12840270996094,68.12840270996094,0
2024-02-22,68.59429931640625,68.59429931640625,68.59429931640625,68.59429931640625,0
2024-02-23,68.64620208740234,68.64620208740234,68.64620208740234,68.64620208740234,0
2024-02-26,68.67109680175781,68.67109680175781,68.67109680175781,68.67109680175781,0
2024-02-27,68.84420013427734,68.84420013427734,68.84420013427734,68.84420013427734,0
2024-02-28,68.26789855957031,68.26789855957031,68.26789855957031,68.26789855957031,0
2024-02-29,68.50679779052734,68.50679779052734,68.50679779052734,68.50679779052734,0
2024-03-01,69.08059692382812,69.08059692382812,69.08059692382812,69.08059692382812,0
2024-03-04,69.64869689941406,69.64869689941406,69.64869689941406,69.64869689941406,0
2024-03-05,69.71859741210938,69.71859741210938,69.71859741210938,69.71859741210938,0
2024-03-06,69.79759979248047,69.79759979248047,69.79759979248047,69.79759979248047,0
2024-03-07,70.13960266113281,70.13960266113281,70.13960266113281,70.13960266113281,0
2024-03-11,70.17720031738281,70.17720031738281,70.17720031738281,70.17720031738281,0
2024-03-12,69.71720123291016,69.71720123291016,69.71720123291016,69.71720123291016,0
2024-03-13,68.5552978515625,68.5552978515625,68.5552978515625,68.5552978515625,0
2024-03-14,69.17960357666016,69.17960357666016,69.17960357666016,69.17960357666016,0
2024-03-15,68.82859802246094,68.82859802246094,68.82859802246094,68.82859802246094,0
2024-03-18,68.9103012084961,68.9103012084961,68.9103012084961,68.9103012084961,0
2024-03-19,68.43160247802734,68.43160247802734,68.43160247802734,68.43160247802734,0
2024-03-20,68.5530014038086,68.5530014038086,68.5530014038086,68.5530014038086,0
2024-03-21,69.34390258789062,69.34390258789062,69.34390258789062,69.34390258789062,0
2024-03-22,69.4281997680664,69.4281997680664,69.4281997680664,69.4281997680664,0
2024-03-26,69.78359985351562,69.78359985351562,69.78359985351562,69.78359985351562,0
2024-03-27,69.92469787597656,69.92469787597656,69.92469787597656,69.92469787597656,0
2024-03-28,70.39199829101562,70.39199829101562,70.39199829101562,70.39199829101562,0
2024-04-01,71.16809844970703,71.16809844970703,71.16809844970703,71.16809844970703,0
2024-04-02,71.30130004882812,71.30130004882812,71.30130004882812,71.30130004882812,0
2024-04-03,71.44049835205078,71.44049835205078,71.44049835205078,71.44049835205078,0
2024-04-04,71.55729675292969,71.55729675292969,71.55729675292969,71.55729675292969,0
2024-04-05,71.59929656982422,71.59929656982422,71.59929656982422,71.59929656982422,0
2024-04-08,71.99659729003906,71.99659729003906,71.99659729003906,71.99659729003906,0
2024-04-09,71.94120025634766,71.94120025634766,71.94120025634766,71.94120025634766,0
2024-04-10,72.19049835205078,72.19049835205078,72.19049835205078,72.19049835205078,0
2024-04-12,72.05079650878906,72.05079650878906,72.05079650878906,72.05079650878906,0
2024-04-15,71.62680053710938,71.62680053710938,71.62680053710938,71.62680053710938,0
2024-04-16,71.60870361328125,71.60870361328125,71.60870361328125,71.60870361328125,0
2024-04-18,71.50779724121094,71.50779724121094,71.50779724121094,71.50779724121094,0
2024-04-19,71.4791030883789,71.4791030883789,71.4791030883789,71.4791030883789,0
2024-04-22,71.79450225830078,71.79450225830078,71.79450225830078,71.79450225830078,0
2024-04-23,71.70709991455078,71.70709991455078,71.70709991455078,71.70709991455078,0
2024-04-24,71.82749938964844,71.82749938964844,71.82749938964844,71.82749938964844,0
2024-04-25,72.1321029663086,72.1321029663086,72.1321029663086,72.1321029663086,0
2024-04-26,72.30159759521484,72.30159759521484,72.30159759521484,72.30159759521484,0
2024-04-29,72.53970336914062,72.53970336914062,72.53970336914062,72.53970336914062,0
2024-04-30,72.552001953125,72.552001953125,72.552001953125,72.552001953125,0
2024-05-02,72.78970336914062,72.78970336914062,72.78970336914062,72.78970336914062,0
2024-05-03,72.58499908447266,72.58499908447266,72.58499908447266,72.58499908447266,0
2024-05-06,72.443603515625,72.443603515625,72.443603515625,72.443603515625,0
2024-05-07,71.94000244140625,71.94000244140625,71.94000244140625,71.94000244140625,0
2024-05-08,72.22339630126953,72.22339630126953,72.22339630126953,72.22339630126953,0
2024-05-09,71.63909912109375,71.63909912109375,71.63909912109375,71.63909912109375,0
2024-05-10,72.14800262451172,72.14800262451172,72.14800262451172,72.14800262451172,0
2024-05-13,72.03919982910156,72.03919982910156,72.03919982910156,72.03919982910156,0
2024-05-14,72.32369995117188,72.32369995117188,72.32369995117188,72.32369995117188,0
2024-05-15,72.62550354003906,72.62550354003906,72.62550354003906,72.62550354003906,0
2024-05-16,73.0553970336914,73.0553970336914,73.0553970336914,73.0553970336914,0
2024-05-17,73.2123031616211,73.2123031616211,73.2123031616211,73.2123031616211,0
2024-05-21,73.53410339355469,73.53410339355469,73.53410339355469,73.53410339355469,0
2024-05-22,73.63330078125,73.63330078125,73.63330078125,73.63330078125,0
2024-05-23,73.97879791259766,73.97879791259766,73.97879791259766,73.97879791259766,0
2024-05-24,73.7748031616211,73.7748031616211,73.7748031616211,73.7748031616211,0
2024-05-27,73.69779968261719,73.69779968261719,73.69779968261719,73.69779968261719,0
2024-05-28,73.47789764404297,73.47789764404297,73.47789764404297,73.47789764404297,0
2024-05-29,73.35350036621094,73.35350036621094,73.35350036621094,73.35350036621094,0
2024-05-30,72.94660186767578,72.94660186767578,72.94660186767578,72.94660186767578,0
2024-05-31,73.07039642333984,73.07039642333984,73.07039642333984,73.07039642333984,0
2024-06-03,74.25160217285156,74.25160217285156,74.25160217285156,74.25160217285156,0
2024-06-04,71.80390167236328,71.80390167236328,71.80390167236328,71.80390167236328,0
2024-06-05,73.0385971069336,73.0385971069336,73.0385971069336,73.0385971069336,0
2024-06-06,73.63899993896484,73.63899993896484,73.63899993896484,73.63899993896484,0
2024-06-07,74.26480102539062,74.26480102539062,74.26480102539062,74.26480102539062,0
2024-06-10,74.24459838867188,74.24459838867188,74.24459838867188,74.24459838867188,0
2024-06-11,74.44080352783203,74.44080352783203,74.44080352783203,74.44080352783203,0
2024-06-12,74.70580291748047,74.70580291748047,74.70580291748047,74.70580291748047,0
2024-06-13,74.98159790039062,74.98159790039062,74.98159790039062,74.98159790039062,0
2024-06-14,75.22850036621094,75.22850036621094,75.22850036621094,75.22850036621094,0
2024-06-18,75.35030364990234,75.35030364990234,75.35030364990234,75.35030364990234,0
2024-06-19,75.02529907226562,75.02529907226562,75.02529907226562,75.02529907226562,0
2024-06-20,75.10150146484375,75.10150146484375,75.10150146484375,75.10150146484375,0
2024-06-21,75.06430053710938,75.06430053710938,75.06430053710938,75.06430053710938,0
2024-06-24,75.16999816894531,75.16999816894531,75.16999816894531,75.16999816894531,0
2024-06-25,75.18250274658203,75.18250274658203,75.18250274658203,75.18250274658203,0
2024-06-26,75.25180053710938,75.25180053710938,75.25180053710938,75.25180053710938,0
2024-06-27,75.39099884033203,75.39099884033203,75.39099884033203,75.39099884033203,0
2024-06-28,75.57430267333984,75.57430267333984,75.57430267333984,75.57430267333984,0
2024-07-01,75.81790161132812,75.81790161132812,75.81790161132812,75.81790161132812,0
2024-07-02,75.77570343017578,75.77570343017578,75.77570343017578,75.77570343017578,0
2024-07-03,76.04969787597656,76.04969787597656,76.04969787597656,76.04969787597656,0
2024-07-04,76.36370086669922,76.36370086669922,76.36370086669922,76.36370086669922,0
2024-07-05,76.67569732666016,76.67569732666016,76.67569732666016,76.67569732666016,0
2024-07-08,76.71029663085938,76.71029663085938,76.71029663085938,76.71029663085938,0
2024-07-09,76.98600006103516,76.98600006103516,76.98600006103516,76.98600006103516,0
2024-07-10,76.98789978027344,76.98789978027344,76.98789978027344,76.98789978027344,0
2024-07-11,77.072998046875,77.072998046875,77.072998046875,77.072998046875,0
2024-07-12,77.22769927978516,77.22769927978516,77.22769927978516,77.22769927978516,0
2024-07-15,77.54090118408203,77.54090118408203,77.54090118408203,77.54090118408203,0
2024-07-16,77.55860137939453,77.55860137939453,77.55860137939453,77.55860137939453,0
2024-07-18,77.54550170898438,77.54550170898438,77.54550170898438,77.54550170898438,0
2024-07-19,76.74839782714844,76.74839782714844,76.74839782714844,76.74839782714844,0
2024-07-22,76.95480346679688,76.95480346679688,76.95480346679688,76.95480346679688,0
2024-07-23,76.57550048828125,76.57550048828125,76.57550048828125,76.57550048828125,0
2024-07-24,76.73930358886719,76.73930358886719,76.73930358886719,76.73930358886719,0
2024-07-25,77.1511001586914,77.1511001586914,77.1511001586914,77.1511001586914,0
2024-07-26,77.70500183105469,77.70500183105469,77.70500183105469,77.70500183105469,0
2024-07-29,77.90370178222656,77.90370178222656,77.90370178222656,77.90370178222656,0
2024-07-30,77.90599822998047,77.90599822998047,77.90599822998047,77.90599822998047,0
2024-07-31,78.22720336914062,78.22720336914062,78.22720336914062,78.22720336914062,0
2024-08-01,78.23680114746094,78.23680114746094,78.23680114746094,78.23680114746094,0
2024-08-02,78.00779724121094,78.00779724121094,78.00779724121094,78.00779724121094,0
2024-08-05,76.79640197753906,76.79640197753906,76.79640197753906,76.79640197753906,0
2024-08-06,76.59429931640625,76.59429931640625,76.59429931640625,76.59429931640625,0
2024-08-07,77.46869659423828,77.46869659423828,77.46869659423828,77.46869659423828,0
2024-08-08,77.24220275878906,77.24220275878906,77.24220275878906,77.24220275878906,0
2024-08-09,77.86990356445312,77.86990356445312,77.86990356445312,77.86990356445312,0
2024-08-12,77.95500183105469,77.95500183105469,77.95500183105469,77.95500183105469,0
2024-08-13,77.8053970336914,77.8053970336914,77.8053970336914,77.8053970336914,0
2024-08-14,77.76619720458984,77.76619720458984,77.76619720458984,77.76619720458984,0
2024-08-16,78.40540313720703,78.40540313720703,78.40540313720703,78.40540313720703,0
2024-08-19,78.74500274658203,78.74500274658203,78.74500274658203,78.74500274658203,0
2024-08-20,78.99620056152344,78.99620056152344,78.99620056152344,78.99620056152344,0
2024-08-21,79.09020233154297,79.09020233154297,79.09020233154297,79.09020233154297,0
2024-08-22,79.24490356445312,79.24490356445312,79.24490356445312,79.24490356445312,0
2024-08-23,79.3052978515625,79.3052978515625,79.3052978515625,79.3052978515625,0
2024-08-26,79.60359954833984,79.60359954833984,79.60359954833984,79.60359954833984,0
2024-08-27,79.64510345458984,79.64510345458984,79.64510345458984,79.64510345458984,0
2024-08-28,79.76899719238281,79.76899719238281,79.76899719238281,79.76899719238281,0
2024-08-29,79.80079650878906,79.80079650878906,79.80079650878906,79.80079650878906,0
2024-08-30,80.07499694824219,80.07499694824219,80.07499694824219,80.07499694824219,0
2024-09-02,79.91739654541016,79.91739654541016,79.91739654541016,79.91739654541016,0
2024-09-03,79.97760009765625,79.97760009765625,79.97760009765625,79.97760009765625,0
2024-09-04,79.85340118408203,79.85340118408203,79.85340118408203,79.85340118408203,0
2024-09-05,79.86299896240234,79.86299896240234,79.86299896240234,79.86299896240234,0
2024-09-06,79.45130157470703,79.45130157470703,79.45130157470703,79.45130157470703,0
2024-09-09,79.44879913330078,79.44879913330078,79.44879913330078,79.44879913330078,0
2024-09-10,79.69120025634766,79.69120025634766,79.69120025634766,79.69120025634766,0
2024-09-11,79.67649841308594,79.67649841308594,79.67649841308594,79.67649841308594,0
2024-09-12,80.38089752197266,80.38089752197266,80.38089752197266,80.38089752197266,0
2024-09-13,80.57569885253906,80.57569885253906,80.57569885253906,80.57569885253906,0
2024-09-16,80.74210357666016,80.74210357666016,80.74210357666016,80.74210357666016,0
2024-09-17,80.7573013305664,80.7573013305664,80.7573013305664,80.7573013305664,0
2024-09-18,80.52899932861328,80.52899932861328,80.52899932861328,80.52899932861328,0
2024-09-19,80.46759796142578,80.46759796142578,80.46759796142578,80.46759796142578,0
2024-09-20,81.14469909667969,81.14469909667969,81.14469909667969,81.14469909667969,0
2024-09-23,81.60890197753906,81.60890197753906,81.60890197753906,81.60890197753906,0
2024-09-24,81.6937026977539,81.6937026977539,81.6937026977539,81.6937026977539,0
2024-09-25,81.74130249023438,81.74130249023438,81.74130249023438,81.74130249023438,0
2024-09-26,82.05580139160156,82.05580139160156,82.05580139160156,82.05580139160156,0
2024-09-27,82.04570007324219,82.04570007324219,82.04570007324219,82.04570007324219,0
2024-09-30,81.51309967041016,81.51309967041016,81.51309967041016,81.51309967041016,0
2024-10-01,81.54129791259766,81.54129791259766,81.54129791259766,81.54129791259766,0
2024-10-03,80.67359924316406,80.67359924316406,80.67359924316406,80.67359924316406,0
2024-10-04,80.39089965820312,80.39089965820312,80.39089965820312,80.39089965820312,0
2024-10-07,79.79979705810547,79.79979705810547,79.79979705810547,79.79979705810547,0
2024-10-08,80.43090057373047,80.43090057373047,80.43090057373047,80.43090057373047,0
2024-10-09,80.67870330810547,80.67870330810547,80.67870330810547,80.67870330810547,0
2024-10-10,80.44830322265625,80.44830322265625,80.44830322265625,80.44830322265625,0
2024-10-11,80.63749694824219,80.63749694824219,80.63749694824219,80.63749694824219,0
2024-10-14,80.85289764404297,80.85289764404297,80.85289764404297,80.85289764404297,0
2024-10-15,80.85269927978516,80.85269927978516,80.85269927978516,80.85269927978516,0
2024-10-16,80.65480041503906,80.65480041503906,80.65480041503906,80.65480041503906,0
2024-10-17,80.07849884033203,80.07849884033203,80.07849884033203,80.07849884033203,0
2024-10-18,80.08470153808594,80.08470153808594,80.08470153808594,80.08470153808594,0
2024-10-21,79.97480010986328,79.97480010986328,79.97480010986328,79.97480010986328,0
2024-10-22,79.37770080566406,79.37770080566406,79.37770080566406,79.37770080566406,0
2024-10-23,79.4708023071289,79.4708023071289,79.4708023071289,79.4708023071289,0
2024-10-24,79.11579895019531,79.11579895019531,79.11579895019531,79.11579895019531,0
2024-10-25,78.76490020751953,78.76490020751953,78.76490020751953,78.76490020751953,0
2024-10-28,79.0073013305664,79.0073013305664,79.0073013305664,79.0073013305664,0
2024-10-29,79.10970306396484,79.10970306396484,79.10970306396484,79.10970306396484,0
2024-10-30,79.01460266113281,79.01460266113281,79.01460266113281,79.01460266113281,0
2024-10-31,78.54109954833984,78.54109954833984,78.54109954833984,78.54109954833984,0
2024-11-04,78.34359741210938,78.34359741210938,78.34359741210938,78.34359741210938,0
2024-11-05,78.45210266113281,78.45210266113281,78.45210266113281,78.45210266113281,0
2024-11-06,79.1906967163086,79.1906967163086,79.1906967163086,79.1906967163086,0
2024-11-07,78.39430236816406,78.39430236816406,78.39430236816406,78.39430236816406,0
2024-11-08,78.32730102539062,78.32730102539062,78.32730102539062,78.32730102539062,0
2024-11-11,78.24469757080078,78.24469757080078,78.24469757080078,78.24469757080078,0
2024-11-12,77.6061019897461,77.6061019897461,77.6061019897461,77.6061019897461,0
2024-11-13,77.02239990234375,77.02239990234375,77.02239990234375,77.02239990234375,0
2024-11-14,76.91649627685547,76.91649627685547,76.91649627685547,76.91649627685547,0
2024-11-18,76.88289642333984,76.88289642333984,76.88289642333984,76.88289642333984,0
2024-11-19,77.19560241699219,77.19560241699219,77.19560241699219,77.19560241699219,0
2024-11-21,77.21880340576172,77.21880340576172,77.21880340576172,77.21880340576172,0
2024-11-22,78.18419647216797,78.18419647216797,78.18419647216797,78.18419647216797,0
2024-11-25,78.56120300292969,78.56120300292969,78.56120300292969,78.56120300292969,0
2024-11-26,78.4281005859375,78.4281005859375,78.4281005859375,78.4281005859375,0
2024-11-27,78.58439636230469,78.58439636230469,78.58439636230469,78.58439636230469,0
2024-11-28,78.05780029296875,78.05780029296875,78.05780029296875,78.05780029296875,0
2024-11-29,78.52140045166016,78.52140045166016,78.52140045166016,78.52140045166016,0
2024-12-02,78.95379638671875,78.95379638671875,78.95379638671875,78.95379638671875,0
2024-12-03,79.20670318603516,79.20670318603516,79.20670318603516,79.20670318603516,0
2024-12-04,79.20829772949219,79.20829772949219,79.20829772949219,79.20829772949219,0
2024-12-05,79.67140197753906,79.67140197753906,79.67140197753906,79.67140197753906,0
2024-12-06,79.74800109863281,79.74800109863281,79.74800109863281,79.74800109863281,0
2024-12-09,79.54080200195312,79.54080200195312,79.54080200195312,79.54080200195312,0
2024-12-10,79.69529724121094,79.69529724121094,79.69529724121094,79.69529724121094,0
2024-12-11,79.94609832763672,79.94609832763672,79.94609832763672,79.94609832763672,0
2024-12-12,79.9020004272461,79.9020004272461,79.9020004272461,79.9020004272461,0
2024-12-13,80.1072006225586,80.1072006225586,80.1072006225586,80.1072006225586,0
2024-12-16,80.11360168457031,80.11360168457031,80.11360168457031,80.11360168457031,0
2024-12-17,79.66100311279297,79.66100311279297,79.66100311279297,79.66100311279297,0
2024-12-18,79.66510009765625,79.66510009765625,79.66510009765625,79.66510009765625,0
2024-12-19,79.20210266113281,79.20210266113281,79.20210266113281,79.20210266113281,0
2024-12-20,78.35459899902344,78.35459899902344,78.35459899902344,78.35459899902344,0
2024-12-23,78.58190155029297,78.58190155029297,78.58190155029297,78.58190155029297,0
2024-12-24,78.55069732666016,78.55069732666016,78.55069732666016,78.55069732666016,0
2024-12-26,78.6521987915039,78.6521987915039,78.6521987915039,78.6521987915039,0
2024-12-27,78.76570129394531,78.76570129394531,78.76570129394531,78.76570129394531,0
2024-12-30,78.80729675292969,78.80729675292969,78.80729675292969,78.80729675292969,0
2024-12-31,78.85369873046875,78.85369873046875,78.85369873046875,78.85369873046875,0
2025-01-01,79.10130310058594,79.10130310058594,79.10130310058594,79.10130310058594,0
2025-01-02,79.94110107421875,79.94110107421875,79.94110107421875,79.94110107421875,0
2025-01-03,79.82559967041016,79.82559967041016,79.82559967041016,79.82559967041016,0
2025-01-06,78.95120239257812,78.95120239257812,78.95120239257812,78.95120239257812,0
2025-01-07,78.989501953125,78.989501953125,78.989501953125,78.989501953125,0
2025-01-08,78.75749969482422,78.75749969482422,78.75749969482422,78.75749969482422,0
2025-01-09,78.50289916992188,78.50289916992188,78.50289916992188,78.50289916992188,0
2025-01-10,78.32469940185547,78.32469940185547,78.32469940185547,78.32469940185547,0
2025-01-13,77.19750213623047,77.19750213623047,77.19750213623047,77.19750213623047,0
2025-01-14,77.30729675292969,77.30729675292969,77.30729675292969,77.30729675292969,0
2025-01-15,77.55840301513672,77.55840301513672,77.55840301513672,77.55840301513672,0
2025-01-16,77.70929718017578,77.70929718017578,77.70929718017578,77.70929718017578,0
2025-01-17,77.68049621582031,77.68049621582031,77.68049621582031,77.68049621582031,0
2025-01-20,77.69190216064453,77.69190216064453,77.69190216064453,77.69190216064453,0
2025-01-21,76.77770233154297,76.77770233154297,76.77770233154297,76.77770233154297,0
2025-01-22,76.8853988647461,76.8853988647461,76.8853988647461,76.8853988647461,0
2025-01-23,77.38390350341797,77.38390350341797,77.38390350341797,77.38390350341797,0
2025-01-24,77.0822982788086,77.0822982788086,77.0822982788086,77.0822982788086,0
2025-01-27,76.3030014038086,76.3030014038086,76.3030014038086,76.3030014038086,0
2025-01-28,76.23529815673828,76.23529815673828,76.23529815673828,76.23529815673828,0
2025-01-29,77.0282974243164,77.0282974243164,77.0282974243164,77.0282974243164,0
2025-01-30,77.07669830322266,77.07669830322266,77.07669830322266,77.07669830322266,0
2025-01-31,77.71019744873047,77.71019744873047,77.71019744873047,77.71019744873047,0
2025-02-03,78.14550018310547,78.14550018310547,78.14550018310547,78.14550018310547,0
2025-02-04,78.61109924316406,78.61109924316406,78.61109924316406,78.61109924316406,0
2025-02-05,78.69920349121094,78.69920349121094,78.69920349121094,78.69920349121094,0
2025-02-06,78.30970001220703,78.30970001220703,78.30970001220703,78.30970001220703,0
2025-02-07,78.42720031738281,78.42720031738281,78.42720031738281,78.42720031738281,0
2025-02-10,77.93550109863281,77.93550109863281,77.93550109863281,77.93550109863281,0
2025-02-11,77.06900024414062,77.06900024414062,77.06900024414062,77.06900024414062,0
2025-02-12,76.90679931640625,76.90679931640625,76.90679931640625,76.90679931640625,0
2025-02-13,76.95159912109375,76.95159912109375,76.95159912109375,76.95159912109375,0
2025-02-14,76.4988021850586,76.4988021850586,76.4988021850586,76.4988021850586,0
2025-02-17,76.35870361328125,76.35870361328125,76.35870361328125,76.35870361328125,0
2025-02-18,76.30919647216797,76.30919647216797,76.30919647216797,76.30919647216797,0
2025-02-19,76.41840362548828,76.41840362548828,76.41840362548828,76.41840362548828,0
2025-02-20,76.5863037109375,76.5863037109375,76.5863037109375,76.5863037109375,0
2025-02-21,76.08209991455078,76.08209991455078,76.08209991455078,76.08209991455078,0
2025-02-24,75.59529876708984,75.59529876708984,75.59529876708984,75.59529876708984,0
2025-02-25,75.62139892578125,75.62139892578125,75.62139892578125,75.62139892578125,0
2025-02-27,75.26640319824219,75.26640319824219,75.26640319824219,75.26640319824219,0
2025-02-28,73.94730377197266,73.94730377197266,73.94730377197266,73.94730377197266,0
2025-03-03,74.21720123291016,74.21720123291016,74.21720123291016,74.21720123291016,0
2025-03-04,74.17120361328125,74.17120361328125,74.17120361328125,74.17120361328125,0
2025-03-05,74.95089721679688,74.95089721679688,74.95089721679688,74.95089721679688,0
2025-03-06,75.31900024414062,75.31900024414062,75.31900024414062,75.31900024414062,0
2025-03-07,75.2029037475586,75.2029037475586,75.2029037475586,75.2029037475586,0
2025-03-10,74.84200286865234,74.84200286865234,74.84200286865234,74.84200286865234,0
2025-03-11,75.02799987792969,75.02799987792969,75.02799987792969,75.02799987792969,0
2025-03-12,74.85189819335938,74.85189819335938,74.85189819335938,74.85189819335938,0
2025-03-13,74.71849822998047,74.71849822998047,74.71849822998047,74.71849822998047,0
2025-03-17,75.1260986328125,75.1260986328125,75.1260986328125,75.1260986328125,0
2025-03-18,76.07499694824219,76.07499694824219,76.07499694824219,76.07499694824219,0
2025-03-19,76.34359741210938,76.34359741210938,76.34359741210938,76.34359741210938,0
2025-03-20,76.90010070800781,76.90010070800781,76.90010070800781,76.90010070800781,0
2025-03-21,77.06089782714844,77.06089782714844,77.06089782714844,77.06089782714844,0
2025-03-24,77.41470336914062,77.41470336914062,77.41470336914062,77.41470336914062,0
2025-03-25,77.19560241699219,77.19560241699219,77.19560241699219,77.19560241699219,0
2025-03-26,77.0343017578125,77.0343017578125,77.0343017578125,77.0343017578125,0
2025-03-27,77.37100219726562,77.37100219726562,77.37100219726562,77.37100219726562,0
2025-03-28,77.28980255126953,77.28980255126953,77.28980255126953,77.28980255126953,0
2025-04-01,76.8196029663086,76.8196029663086,76.8196029663086,76.8196029663086,0
2025-04-02,77.45500183105469,77.45500183105469,77.45500183105469,77.45500183105469,0
2025-04-03,77.15689849853516,77.15689849853516,77.15689849853516,77.15689849853516,0
2025-04-04,76.09369659423828,76.09369659423828,76.09369659423828,76.09369659423828,0
2025-04-07,74.50559997558594,74.50559997558594,74.50559997558594,74.50559997558594,0
2025-04-08,75.29959869384766,75.29959869384766,75.29959869384766,75.29959869384766,0
2025-04-09,75.2677993774414,75.2677993774414,75.2677993774414,75.2677993774414,0
2025-04-11,76.37779998779297,76.37779998779297,76.37779998779297,76.37779998779297,0
2025-04-15,77.46640014648438,77.46640014648438,77.46640014648438,77.46640014648438,0
2025-04-16,77.81819915771484,77.81819915771484,77.81819915771484,77.81819915771484,0
2025-04-17,78.44629669189453,78.44629669189453,78.44629669189453,78.44629669189453,0
2025-04-21,79.27459716796875,79.27459716796875,79.27459716796875,79.27459716796875,0
2025-04-22,79.6583023071289,79.6583023071289,79.6583023071289,79.6583023071289,0
2025-04-23,80.0448989868164,80.0448989868164,80.0448989868164,80.0448989868164,0
2025-04-24,79.9364013671875,79.9364013671875,79.9364013671875,79.9364013671875,0
2025-04-25,79.31410217285156,79.31410217285156,79.31410217285156,79.31410217285156,0
2025-04-28,79.60569763183594,79.60569763183594,79.60569763183594,79.60569763183594,0
2025-04-29,79.77020263671875,79.77020263671875,79.77020263671875,79.77020263671875,0
2025-04-30,79.46910095214844,79.46910095214844,79.46910095214844,79.46910095214844,0
2025-05-02,79.37059783935547,79.37059783935547,79.37059783935547,79.37059783935547,0
2025-05-05,79.88960266113281,79.88960266113281,79.88960266113281,79.88960266113281,0
2025-05-06,79.81340026855469,79.81340026855469,79.81340026855469,79.81340026855469,0
2025-05-07,79.89739990234375,79.89739990234375,79.89739990234375,79.89739990234375,0
2025-05-08,79.34950256347656,79.34950256347656,79.34950256347656,79.34950256347656,0
2025-05-09,78.91790008544922,78.91790008544922,78.91790008544922,78.91790008544922,0
2025-05-12,80.47720336914062,80.47720336914062,80.47720336914062,80.47720336914062,0
2025-05-13,80.1405029296875,80.1405029296875,80.1405029296875,80.1405029296875,0
2025-05-14,80.3279037475586,80.3279037475586,80.3279037475586,80.3279037475586,0
2025-05-15,80.75679779052734,80.75679779052734,80.75679779052734,80.75679779052734,0
2025-05-16,80.89669799804688,80.89669799804688,80.89669799804688,80.89669799804688,0
2025-05-19,80.99199676513672,80.99199676513672,80.99199676513672,80.99199676513672,0
2025-05-20,80.40239715576172,80.40239715576172,80.40239715576172,80.40239715576172,0
2025-05-21,80.76380157470703,80.76380157470703,80.76380157470703,80.76380157470703,0
2025-05-22,80.37090301513672,80.37090301513672,80.37090301513672,80.37090301513672,0
2025-05-23,80.76909637451172,80.76909637451172,80.76909637451172,80.76909637451172,0
2025-05-26,81.1052017211914,81.1052017211914,81.1052017211914,81.1052017211914,0
2025-05-27,80.8010025024414,80.8010025024414,80.8010025024414,80.8010025024414,0
2025-05-28,80.70690155029297,80.70690155029297,80.70690155029297,80.70690155029297,0
2025-05-29,80.81300354003906,80.81300354003906,80.81300354003906,80.81300354003906,0
2025-05-30,80.76280212402344,80.76280212402344,80.76280212402344,80.76280212402344,0
2025-06-02,80.89219665527344,80.89219665527344,80.89219665527344,80.89219665527344,0
2025-06-03,80.74089813232422,80.74089813232422,80.74089813232422,80.74089813232422,0
2025-06-04,81.01190185546875,81.01190185546875,81.01190185546875,81.01190185546875,0
2025-06-05,81.35369873046875,81.35369873046875,81.35369873046875,81.35369873046875,0
2025-06-06,81.73390197753906,81.73390197753906,81.73390197753906,81.73390197753906,0
2025-06-09,82.08760070800781,82.08760070800781,82.08760070800781,82.08760070800781,0
2025-06-10,82.10150146484375,82.10150146484375,82.10150146484375,82.10150146484375,0
2025-06-11,82.07230377197266,82.07230377197266,82.07230377197266,82.07230377197266,0
2025-06-12,81.59020233154297,81.59020233154297,81.59020233154297,81.59020233154297,0
2025-06-13,81.48699951171875,81.48699951171875,81.48699951171875,81.48699951171875,0
2025-06-16,81.95960235595703,81.95960235595703,81.95960235595703,81.95960235595703,0
2025-06-17,81.76119995117188,81.76119995117188,81.76119995117188,81.76119995117188,0
2025-06-18,81.57340240478516,81.57340240478516,81.57340240478516,81.57340240478516,0
2025-06-19,81.20570373535156,81.20570373535156,81.20570373535156,81.20570373535156,0
2025-06-20,81.72200012207031,81.72200012207031,81.72200012207031,81.72200012207031,0
2025-06-23,81.76349639892578,81.76349639892578,81.76349639892578,81.76349639892578,0
2025-06-24,81.9292984008789,81.9292984008789,81.9292984008789,81.9292984008789,0
2025-06-25,82.2291030883789,82.2291030883789,82.2291030883789,82.2291030883789,0
2025-06-26,82.77839660644531,82.77839660644531,82.77839660644531,82.77839660644531,0
2025-06-27,82.86039733886719,82.86039733886719,82.86039733886719,82.86039733886719,0
2025-06-30,82.98650360107422,82.98650360107422,82.98650360107422,82.98650360107422,0
2025-07-01,83.00039672851562,83.00039672851562,83.00039672851562,83.00039672851562,0
2025-07-02,82.99130249023438,82.99130249023438,82.99130249023438,82.99130249023438,0
2025-07-03,82.91329956054688,82.91329956054688,82.91329956054688,82.91329956054688,0
2025-07-04,82.97160339355469,82.97160339355469,82.97160339355469,82.97160339355469,0
2025-07-07,83.01860046386719,83.01860046386719,83.01860046386719,83.01860046386719,0
2025-07-08,82.97920227050781,82.97920227050781,82.97920227050781,82.97920227050781,0
2025-07-09,82.95120239257812,82.95120239257812,82.95120239257812,82.95120239257812,0
2025-07-10,82.7520980834961,82.7520980834961,82.7520980834961,82.7520980834961,0
2025-07-11,82.39820098876953,82.39820098876953,82.39820098876953,82.39820098876953,0
2025-07-14,82.52649688720703,82.52649688720703,82.52649688720703,82.52649688720703,0
2025-07-15,82.79290008544922,82.79290008544922,82.79290008544922,82.79290008544922,0
2025-07-16,82.8218994140625,82.8218994140625,82.8218994140625,82.8218994140625,0
2025-07-17,82.58619689941406,82.58619689941406,82.58619689941406,82.58619689941406,0
2025-07-18,82.5115966796875,82.5115966796875,82.5115966796875,82.5115966796875,0
2025-07-21,82.81490325927734,82.81490325927734,82.81490325927734,82.81490325927734,0
2025-07-22,82.79959869384766,82.79959869384766,82.79959869384766,82.79959869384766,0
2025-07-23,83.09490203857422,83.09490203857422,83.09490203857422,83.09490203857422,0
2025-07-24,82.41929626464844,82.41929626464844,82.41929626464844,82.41929626464844,0
2025-07-25,81.9259033203125,81.9259033203125,81.9259033203125,81.9259033203125,0
2025-07-28,81.62539672851562,81.62539672851562,81.62539672851562,81.62539672851562,0
2025-07-29,81.85030364990234,81.85030364990234,81.85030364990234,81.85030364990234,0
2025-07-30,82.0093002319336,82.0093002319336,82.0093002319336,82.0093002319336,0
2025-07-31,81.86299896240234,81.86299896240234,81.86299896240234,81.86299896240234,0
2025-08-01,81.33170318603516,81.33170318603516,81.33170318603516,81.33170318603516,0
2025-08-04,82.01920318603516,82.01920318603516,82.01920318603516,82.01920318603516,0
2025-08-05,81.8843994140625,81.8843994140625,81.8843994140625,81.8843994140625,0
2025-08-06,81.5022964477539,81.5022964477539,81.5022964477539,81.5022964477539,0
2025-08-07,81.71089935302734,81.71089935302734,81.71089935302734,81.71089935302734,0
2025-08-08,81.20269775390625,81.20269775390625,81.20269775390625,81.20269775390625,0
2025-08-11,81.44290161132812,81.44290161132812,81.44290161132812,81.44290161132812,0
2025-08-12,81.23780059814453,81.23780059814453,81.23780059814453,81.23780059814453,0
2025-08-13,81.54109954833984,81.54109954833984,81.54109954833984,81.54109954833984,0
2025-08-14,81.6792984008789,81.6792984008789,81.6792984008789,81.6792984008789,0
2025-08-18,82.3489990234375,82.3489990234375,82.3489990234375,82.3489990234375,0
2025-08-19,82.44280242919922,82.44280242919922,82.44280242919922,82.44280242919922,0
2025-08-20,82.77369689941406,82.77369689941406,82.77369689941406,82.77369689941406,0
2025-08-21,82.7427978515625,82.7427978515625,82.7427978515625,82.7427978515625,0
2025-08-22,82.41419982910156,82.41419982910156,82.41419982910156,82.41419982910156,0
2025-08-25,82.68669891357422,82.68669891357422,82.68669891357422,82.68669891357422,0
2025-08-26,82.26029968261719,82.26029968261719,82.26029968261719,82.26029968261719,0
2025-08-28,81.78810119628906,81.78810119628906,81.78810119628906,81.78810119628906,0
2025-08-29,81.78720092773438,81.78720092773438,81.78720092773438,81.78720092773438,0
2025-09-01,82.54570007324219,82.54570007324219,82.54570007324219,82.54570007324219,0
2025-09-02,82.5719985961914,82.5719985961914,82.5719985961914,82.5719985961914,0
2025-09-03,82.96980285644531,82.96980285644531,82.96980285644531,82.96980285644531,0
2025-09-04,82.95590209960938,82.95590209960938,82.95590209960938,82.95590209960938,0
2025-09-05,82.93550109863281,82.93550109863281,82.93550109863281,82.93550109863281,0
2025-09-08,83.04859924316406,83.04859924316406,83.04859924316406,83.04859924316406,0
2025-09-09,83.6177978515625,83.6177978515625,83.6177978515625,83.6177978515625,0
2025-09-10,83.86250305175781,83.86250305175781,83.86250305175781,83.86250305175781,0
2025-09-11,83.82250213623047,83.82250213623047,83.82250213623047,83.82250213623047,0
2025-09-12,84.09200286865234,84.09200286865234,84.09200286865234,84.09200286865234,0
2025-09-15,84.02749633789062,84.02749633789062,84.02749633789062,84.02749633789062,0
2025-09-16,84.51380157470703,84.51380157470703,84.51380157470703,84.51380157470703,0
2025-09-17,84.5177993774414,84.5177993774414,84.5177993774414,84.5177993774414,0
2025-09-18,84.73789978027344,84.73789978027344,84.73789978027344,84.73789978027344,0
2025-09-19,84.42620086669922,84.42620086669922,84.42620086669922,84.42620086669922,0
2025-09-22,84.22820281982422,84.22820281982422,84.22820281982422,84.22820281982422,0
2025-09-23,84.15869903564453,84.15869903564453,84.15869903564453,84.15869903564453,0
2025-09-24,83.89540100097656,83.89540100097656,83.89540100097656,83.89540100097656,0
2025-09-25,83.48809814453125,83.48809814453125,83.48809814453125,83.48809814453125,0
2025-09-26,82.60220336914062,82.60220336914062,82.60220336914062,82.60220336914062,0
2025-09-29,82.8270034790039,82.8270034790039,82.8270034790039,82.8270034790039,0
2025-09-30,82.63760375976562,82.63760375976562,82.63760375976562,82.63760375976562,0
2025-10-01,83.2864990234375,83.2864990234375,83.2864990234375,83.2864990234375,0
2025-10-03,83.4375991821289,83.4375991821289,83.4375991821289,83.4375991821289,0
2025-10-06,84.19580078125,84.19580078125,84.19580078125,84.19580078125,0
2025-10-07,84.44129943847656,84.44129943847656,84.44129943847656,84.44129943847656,0
2025-10-08,84.58580017089844,84.58580017089844,84.58580017089844,84.58580017089844,0
2025-10-09,85.0363998413086,85.0363998413086,85.0363998413086,85.0363998413086,0
2025-10-10,85.16320037841797,85.16320037841797,85.16320037841797,85.16320037841797,0
2025-10-13,85.37439727783203,85.37439727783203,85.37439727783203,85.37439727783203,0
2025-10-14,85.43329620361328,85.43329620361328,85.43329620361328,85.43329620361328,0
2025-10-15,86.0947036743164,86.0947036743164,86.0947036743164,86.0947036743164,0
2025-10-16,86.568603515625,86.568603515625,86.568603515625,86.568603515625,0
2025-10-17,87.08719635009766,87.08719635009766,87.08719635009766,87.08719635009766,0
2025-10-20,87.05740356445312,87.05740356445312,87.05740356445312,87.05740356445312,0
2025-10-23,86.6072006225586,86.6072006225586,86.6072006225586,86.6072006225586,0
2025-10-27,86.5823974609375,86.5823974609375,86.5823974609375,86.5823974609375,0
2025-10-28,86.02300262451172,86.02300262451172,86.02300262451172,86.02300262451172,0
2025-10-29,86.4979019165039,86.4979019165039,86.4979019165039,86.4979019165039,0
2025-10-30,86.27110290527344,86.27110290527344,86.27110290527344,86.27110290527344,0
2025-10-31,86.06680297851562,86.06680297851562,86.06680297851562,86.06680297851562,0
2025-11-03,86.20449829101562,86.20449829101562,86.20449829101562,86.20449829101562,0
2025-11-04,85.87950134277344,85.87950134277344,85.87950134277344,85.87950134277344,0
2025-11-06,85.81819915771484,85.81819915771484,85.81819915771484,85.81819915771484,0
2025-11-07,85.89839935302734,85.89839935302734,85.89839935302734,85.89839935302734,0
2025-11-10,86.42990112304688,86.42990112304688,86.42990112304688,86.42990112304688,0
2025-11-11,86.77870178222656,86.77870178222656,86.77870178222656,86.77870178222656,0
2025-11-12,87.24720001220703,87.24720001220703,87.24720001220703,87.24720001220703,0
2025-11-13,87.47460174560547,87.47460174560547,87.47460174560547,87.47460174560547,0
2025-11-14,87.33039855957031,87.33039855957031,87.33039855957031,87.33039855957031,0
2025-11-17,87.49479675292969,87.49479675292969,87.49479675292969,87.49479675292969,0
2025-11-18,87.14669799804688,87.14669799804688,87.14669799804688,87.14669799804688,0
2025-11-19,87.5967025756836,87.5967025756836,87.5967025756836,87.5967025756836,0
2025-11-20,87.6436996459961,87.6436996459961,87.6436996459961,87.6436996459961,0
2025-11-21,87.35009765625,87.35009765625,87.35009765625,87.35009765625,0
2025-11-24,87.1187973022461,87.1187973022461,87.1187973022461,87.1187973022461,0
2025-11-25,87.18119812011719,87.18119812011719,87.18119812011719,87.18119812011719,0
2025-11-26,87.91480255126953,87.91480255126953,87.91480255126953,87.91480255126953,0
2025-11-27,87.8572006225586,87.8572006225586,87.8572006225586,87.8572006225586,0
2025-11-28,87.86000061035156,87.86000061035156,87.86000061035156,87.86000061035156,0
2025-12-01,88.15270233154297,88.15270233154297,88.15270233154297,88.15270233154297,0
2025-12-02,87.97589874267578,87.97589874267578,87.97589874267578,87.97589874267578,0
2025-12-03,87.6948013305664,87.6948013305664,87.6948013305664,87.6948013305664,0
2025-12-04,87.82440185546875,87.82440185546875,87.82440185546875,87.82440185546875,0
2025-12-05,88.32890319824219,88.32890319824219,88.32890319824219,88.32890319824219,0
2025-12-08,87.5259017944336,87.5259017944336,87.5259017944336,87.5259017944336,0
2025-12-09,87.28009796142578,87.28009796142578,87.28009796142578,87.28009796142578,0
2025-12-10,86.93679809570312,86.93679809570312,86.93679809570312,86.93679809570312,0
2025-12-11,87.41410064697266,87.41410064697266,87.41410064697266,87.41410064697266,0
2025-12-12,88.07219696044922,88.07219696044922,88.07219696044922,88.07219696044922,0
2025-12-15,88.17070007324219,88.17070007324219,88.17070007324219,88.17070007324219,0
2025-12-16,87.7135009765625,87.7135009765625,87.7135009765625,87.7135009765625,0
2025-12-17,87.60870361328125,87.60870361328125,87.60870361328125,87.60870361328125,0
2025-12-18,87.67019653320312,87.67019653320312,87.67019653320312,87.67019653320312,0
2025-12-19,88.02890014648438,88.02890014648438,88.02890014648438,88.02890014648438,0
2025-12-22,88.62629699707031,88.62629699707031,88.62629699707031,88.62629699707031,0
2025-12-23,88.84149932861328,88.84149932861328,88.84149932861328,88.84149932861328,0
2025-12-24,88.73100280761719,88.73100280761719,88.73100280761719,88.73100280761719,0
2025-12-26,88.59590148925781,88.59590148925781,88.59590148925781,88.59590148925781,0
2025-12-29,88.23799896240234,88.23799896240234,88.23799896240234,88.23799896240234,0
2025-12-30,87.87850189208984,87.87850189208984,87.87850189208984,87.87850189208984,0
2025-12-31,88.64800262451172,88.64800262451172,88.64800262451172,88.64800262451172,0
2026-01-01,88.23639678955078,88.23639678955078,88.23639678955078,88.23639678955078,0
2026-01-02,88.7761001586914,88.7761001586914,88.7761001586914,88.7761001586914,0
2026-01-05,88.95899963378906,88.95899963378906,88.95899963378906,88.95899963378906,0
2026-01-06,89.01699829101562,89.01699829101562,89.01699829101562,89.01699829101562,0
2026-01-07,89.1498031616211,89.1498031616211,89.1498031616211,89.1498031616211,0
2026-01-08,88.34880065917969,88.34880065917969,88.34880065917969,88.34880065917969,0
2026-01-09,88.05609893798828,88.05609893798828,88.05609893798828,88.05609893798828,0
2026-01-12,88.55239868164062,88.55239868164062,88.55239868164062,88.55239868164062,0
2026-01-13,88.44120025634766,88.44120025634766,88.44120025634766,88.44120025634766,0
2026-01-14,88.54679870605469,88.54679870605469,88.54679870605469,88.54679870605469,0
2026-01-16,88.6948013305664,88.6948013305664,88.6948013305664,88.6948013305664,0
2026-01-19,89.04309844970703,89.04309844970703,89.04309844970703,89.04309844970703,0
2026-01-20,88.4490966796875,88.4490966796875,88.4490966796875,88.4490966796875,0
2026-01-21,88.91899871826172,88.91899871826172,88.91899871826172,88.91899871826172,0
2026-01-22,88.5282974243164,88.5282974243164,88.5282974243164,88.5282974243164,0
2026-01-23,88.1270980834961,88.1270980834961,88.1270980834961,88.1270980834961,0
2026-01-27,88.59220123291016,88.59220123291016,88.59220123291016,88.59220123291016,0
2026-01-28,89.38890075683594,89.38890075683594,89.38890075683594,89.38890075683594,0
2026-01-29,90.30180358886719,90.30180358886719,90.30180358886719,90.30180358886719,0
2026-01-30,88.76020050048828,88.76020050048828,88.76020050048828,88.76020050048828,0
2026-02-02,86.86250305175781,86.86250305175781,86.86250305175781,86.86250305175781,0
2026-02-03,88.73609924316406,88.73609924316406,88.73609924316406,88.73609924316406,0
2026-02-04,89.28009796142578,89.28009796142578,89.28009796142578,89.28009796142578,0
2026-02-05,88.69139862060547,88.69139862060547,88.69139862060547,88.69139862060547,0
2026-02-06,88.61599731445312,88.61599731445312,88.61599731445312,88.61599731445312,0
2026-02-09,89.53040313720703,89.53040313720703,89.53040313720703,89.53040313720703,0
2026-02-10,89.74610137939453,89.74610137939453,89.74610137939453,89.74610137939453,0
2026-02-11,89.94159698486328,89.94159698486328,89.94159698486328,89.94159698486328,0
2026-02-12,89.61509704589844,89.61509704589844,89.61509704589844,89.61509704589844,0
2026-02-13,88.49210357666016,88.49210357666016,88.49210357666016,88.49210357666016,0
2026-02-16,88.91590118408203,88.91590118408203,88.91590118408203,88.91590118408203,0
2026-02-17,89.02780151367188,89.02780151367188,89.02780151367188,89.02780151367188,0
2026-02-18,89.24369812011719,89.24369812011719,89.24369812011719,89.24369812011719,0
2026-02-19,88.55169677734375,88.55169677734375,88.55169677734375,88.55169677734375,0
2026-02-20,88.91850280761719,88.91850280761719,88.91850280761719,88.91850280761719,0
2026-02-23,89.3458023071289,89.3458023071289,89.3458023071289,89.3458023071289,0
2026-02-24,88.91439819335938,88.91439819335938,88.91439819335938,88.91439819335938,0
2026-02-25,89.26419830322266,89.26419830322266,89.26419830322266,89.26419830322266,0
2026-02-26,89.2614974975586,89.2614974975586,89.2614974975586,89.2614974975586,0
2026-02-27,88.56050109863281,88.56050109863281,88.56050109863281,88.56050109863281,0
2026-03-02,88.44300079345703,88.44300079345703,88.44300079345703,88.44300079345703,0
2026-03-04,87.04570007324219,87.04570007324219,87.04570007324219,87.04570007324219,0
2026-03-05,87.54219818115234,87.54219818115234,87.54219818115234,87.54219818115234,0
2026-03-06,86.88500213623047,86.88500213623047,86.88500213623047,86.88500213623047,0
2026-03-09,85.88510131835938,85.88510131835938,85.88510131835938,85.88510131835938,0
2026-03-10,86.85559844970703,86.85559844970703,86.85559844970703,86.85559844970703,0
2026-03-11,85.89089965820312,85.89089965820312,85.89089965820312,85.89089965820312,0
2026-03-12,85.39099884033203,85.39099884033203,85.39099884033203,85.39099884033203,0
2026-03-13,84.10199737548828,84.10199737548828,84.10199737548828,84.10199737548828,0
2026-03-16,83.9990005493164,83.9990005493164,83.9990005493164,83.9990005493164,0
2026-03-17,84.4259033203125,84.4259033203125,84.4259033203125,84.4259033203125,0
2026-03-18,85.09490203857422,85.09490203857422,85.09490203857422,85.09490203857422,0
2026-03-19,82.65119934082031,82.65119934082031,82.65119934082031,82.65119934082031,0
2026-03-20,83.04219818115234,83.04219818115234,83.04219818115234,83.04219818115234,0
2026-03-23,80.33740234375,80.33740234375,80.33740234375,80.33740234375,0
2026-03-24,81.79180145263672,81.79180145263672,81.79180145263672,81.79180145263672,0
2026-03-25,83.25849914550781,83.25849914550781,83.25849914550781,83.25849914550781,0
2026-03-27,81.87580108642578,81.87580108642578,81.87580108642578,81.87580108642578,0
2026-03-30,80.76750183105469,80.76750183105469,80.76750183105469,80.76750183105469,0
2026-04-01,82.21070098876953,82.21070098876953,82.21070098876953,82.21070098876953,0
2026-04-02,82.00370025634766,82.00370025634766,82.00370025634766,82.00370025634766,0
2026-04-06,82.95659637451172,82.95659637451172,82.95659637451172,82.95659637451172,0
2026-04-07,83.21880340576172,83.21880340576172,83.21880340576172,83.21880340576172,0
2026-04-08,85.64739990234375,85.64739990234375,85.64739990234375,85.64739990234375,0
2026-04-09,85.4020004272461,85.4020004272461,85.4020004272461,85.4020004272461,0
2026-04-10,86.15540313720703,86.15540313720703,86.15540313720703,86.15540313720703,0
2026-04-13,85.41349792480469,85.41349792480469,85.41349792480469,85.41349792480469,0
2026-04-15,86.62560272216797,86.62560272216797,86.62560272216797,86.62560272216797,0
2026-04-16,86.68509674072266,86.68509674072266,86.68509674072266,86.68509674072266,0
2026-04-17,87.29769897460938,87.29769897460938,87.29769897460938,87.29769897460938,0
2026-04-20,87.31580352783203,87.31580352783203,87.31580352783203,87.31580352783203,0
2026-04-21,87.85810089111328,87.85810089111328,87.85810089111328,87.85810089111328,0
2026-04-22,87.3104019165039,87.3104019165039,87.3104019165039,87.3104019165039,0
2026-04-23,86.81759643554688,86.81759643554688,86.81759643554688,86.81759643554688,0
2026-04-24,86.21209716796875,86.21209716796875,86.21209716796875,86.21209716796875,0
2026-04-27,86.6875,86.6875,86.6875,86.6875,0
2026-04-28,86.35449981689453,86.35449981689453,86.35449981689453,86.35449981689453,0
2026-04-29,86.61009979248047,86.61009979248047,86.61009979248047,86.61009979248047,0
2026-04-30,86.42040252685547,86.42040252685547,86.42040252685547,86.42040252685547,0
2026-05-04,86.46980285644531,86.46980285644531,86.46980285644531,86.46980285644531,0
2026-05-05,86.49530029296875,86.49530029296875,86.49530029296875,86.49530029296875,0
2026-05-06,87.43460083007812,87.43460083007812,87.43460083007812,87.43460083007812,0
2026-05-07,87.65119934082031,87.65119934082031,87.65119934082031,87.65119934082031,0
2026-05-08,87.50090026855469,87.50090026855469,87.50090026855469,87.50090026855469,0
2026-05-11,86.75540161132812,86.75540161132812,86.75540161132812,86.75540161132812,0
2026-05-12,85.6666030883789,85.6666030883789,85.6666030883789,85.6666030883789,0
2026-05-13,86.57599639892578,86.57599639892578,86.57599639892578,86.57599639892578,0
2026-05-14,87.10009765625,87.10009765625,87.10009765625,87.10009765625,0
2026-05-15,86.93470001220703,86.93470001220703,86.93470001220703,86.93470001220703,0
2026-05-18,86.95120239257812,86.95120239257812,86.95120239257812,86.95120239257812,0
2026-05-19,87.20880126953125,87.20880126953125,87.20880126953125,87.20880126953125,0
2026-05-20,87.18440246582031,87.18440246582031,87.18440246582031,87.18440246582031,0
2026-05-21,87.22730255126953,87.22730255126953,87.22730255126953,87.22730255126953,0
2026-05-22,87.3478012084961,87.3478012084961,87.3478012084961,87.3478012084961,0
2026-05-25,87.93890380859375,87.93890380859375,87.93890380859375,87.93890380859375,0
2026-05-26,87.77749633789062,87.77749633789062,87.77749633789062,87.77749633789062,0
2026-05-27,87.90809631347656,87.90809631347656,87.90809631347656,87.90809631347656,0
2026-05-29,87.08789825439453,87.08789825439453,87.08789825439453,87.08789825439453,0
2026-06-01,86.42890167236328,86.42890167236328,86.42890167236328,86.42890167236328,0
2026-06-02,86.91290283203125,86.91290283203125,86.91290283203125,86.91290283203125,0
2026-06-03,86.40270233154297,86.40270233154297,86.40270233154297,86.40270233154297,0
2026-06-04,86.7114028930664,86.7114028930664,86.7114028930664,86.7114028930664,0
2026-06-05,86.49479675292969,86.49479675292969,86.49479675292969,86.49479675292969,0
2026-06-08,85.66739654541016,85.66739654541016,85.66739654541016,85.66739654541016,0
2026-06-09,86.279296875,86.279296875,86.279296875,86.279296875,0
2026-06-10,85.7437973022461,85.7437973022461,85.7437973022461,85.7437973022461,0
2026-06-11,85.22820281982422,85.22820281982422,85.22820281982422,85.22820281982422,0
2026-06-12,86.50689697265625,86.50689697265625,86.50689697265625,86.50689697265625,0
2026-06-15,87.38829803466797,87.38829803466797,87.38829803466797,87.38829803466797,0
2026-06-16,87.70590209960938,87.70590209960938,87.70590209960938,87.70590209960938,0
2026-06-17,88.01309967041016,88.01309967041016,88.01309967041016,88.01309967041016,0
2026-06-18,88.02249908447266,88.02249908447266,88.02249908447266,88.02249908447266,0
2026-06-19,87.5989990234375,87.5989990234375,87.5989990234375,87.5989990234375,0
2026-06-22,87.87069702148438,87.87069702148438,87.87069702148438,87.87069702148438,0
2026-06-23,87.04129791259766,87.04129791259766,87.04129791259766,87.04129791259766,0
2026-06-24,87.1698989868164,87.1698989868164,87.1698989868164,87.1698989868164,0
2026-06-25,86.9281997680664,86.9281997680664,86.9281997680664,86.9281997680664,0
2026-06-29,86.82890319824219,86.82890319824219,86.82890319824219,86.82890319824219,0
2026-06-30,86.72509765625,86.72509765625,86.72509765625,86.72509765625,0
2026-07-01,87.13529968261719,87.13529968261719,87.13529968261719,87.13529968261719,0
2026-07-02,87.84770202636719,87.84770202636719,87.84770202636719,87.84770202636719,0
2026-07-03,88.1583023071289,88.1583023071289,88.1583023071289,88.1583023071289,0
2026-07-06,88.35919952392578,88.35919952392578,88.35919952392578,88.35919952392578,0
2026-07-07,88.15489959716797,88.15489959716797,88.15489959716797,88.15489959716797,0
2026-07-08,86.77120208740234,86.77120208740234,86.77120208740234,86.77120208740234,0
2026-07-09,87.3634033203125,87.3634033203125,87.3634033203125,87.3634033203125,0
2026-07-10,87.96430206298828,87.96430206298828,87.96430206298828,87.96430206298828,0
2026-07-13,87.90650177001953,87.90650177001953,87.90650177001953,87.90650177001953,0
2026-07-14,87.28040313720703,87.28040313720703,87.28040313720703,87.28040313720703,0
2026-07-15,87.5551986694336,87.5551986694336,87.5551986694336,87.5551986694336,0
2026-07-16,87.50389862060547,87.50389862060547,87.50389862060547,87.50389862060547,0
2026-07-17,87.82460021972656,87.82460021972656,87.82460021972656,87.82460021972656,0
2026-07-20,88.00800323486328,0.0,0.0,0.0,0
2026-07-21,88.22039794921875,0.0,0.0,0.0,0
2026-07-22,87.93109893798828,0.0,0.0,0.0,0
2026-07-23,87.48269653320312,0.0,0.0,0.0,0
2026-07-24,87.3322982788086,0.0,0.0,0.0,0
2026-07-27,88.181396484375,0.0,0.0,0.0,0
2026-07-28,87.97209930419922,0.0,0.0,0.0,0
2026-07-29,88.43150329589844,0.0,0.0,0.0,0
2026-07-30,88.52210235595703,0.0,0.0,0.0,0
2026-07-31,88.68219757080078,0.0,0.0,0.0,0
